Id,tweet,created_at,place,language,replies_count,retweets_count,likes_count,hashtags,cashtags,retweet,video,near,geo,source,user_rt_id,user_rt,retweet_id,retweet_date,translate,trans_src,trans_dest,label
1,story time thread hanging friends know ed tonight got topic term anorexicis overused people call skinny personanorexic,4/25/2022 0:50,,en,0,0,0,[],[],0,0,,,,,,,,,,,High
2,best tasting baby foods brand recs help pls,4/6/2022 10:41,,en,0,0,1,[],[],0,0,,,,,,,,,,,High
3,diet p psi tastes like ass diet c ke much better omg,3/7/2022 3:05,,en,0,0,0,[],[],0,0,,,,,,,,,,,High
4,tw eating disorder black bulimic threads,10/20/2021 17:02,,en,0,0,0,[],[],0,0,,,,,,,,,,,High
5,tw ugly safe food meal wtvr polenta whole roll store yeah today also baby corn whole plus mushrooms said u cant b vegan poor n anorexic complete fear oils spices,10/18/2021 13:35,,en,0,0,0,[],[],0,0,,,,,,,,,,,High
6,dont ever let bitch never suffered eating disorder educate eating disorders,1/31/2022 5:13,,en,0,0,0,[],[],0,0,,,,,,,,,,,High
7,like using emotions motivate stay strong fasting pissed someone continue fasting weigh less sad stay bed watch stuff yt dont eat,1/11/2022 19:59,,en,0,0,0,[],[],0,0,,,,,,,,,,,High
8,want drink c ke zero ive today liquid fasting coffee im stupid afraid gonna make gain lmao,12/30/2021 6:48,,en,0,0,0,[],[],0,0,,,,,,,,,,,High
9,liquid fasting weekend hate eating,11/20/2021 11:07,,en,0,0,0,[],[],0,0,,,,,,,,,,,High
10,liquid fasting great ive lost two pounds lol,11/13/2021 1:55,,en,0,0,1,[],[],0,0,,,,,,,,,,,High
11,fasting gc fast together thinspo nd meanspo dont b lame rt reply join,11/7/2021 4:23,,en,0,0,0,[],[],0,0,,,,,,,,,,,High
12,im starting day fast please encourage going hard itll help lose much need guys,10/20/2021 17:02,,en,0,0,0,[],[],0,0,,,,,,,,,,,High
13,im starting day fast please encourage going hard itll help lose weigh,10/18/2021 13:35,,en,0,0,0,[],[],0,0,,,,,,,,,,,High
14,ok ok pull two day fast loose pounds ill happy,10/12/2021 18:18,,en,0,0,1,[],[],0,0,,,,,,,,,,,High
15,day fast loose pounds ill happy,10/9/2021 12:00,,en,0,0,0,[],[],0,0,,,,,,,,,,,High
16,tips fasting important thread plus things fasting,10/4/2021 16:32,,en,0,0,0,[],[],0,0,,,,,,,,,,,High
17,ur gross u self control u never skinny u keep eating like pig strong u know amazing n pics u see u think starving,10/4/2021 2:21,,en,0,0,1,[],[],0,0,,,,,,,,,,,High
18,hey everyone want make gc support starving times ed account share diets fasts tips share thinspo meanspo etc racism homophobia transphobia reply rt join dms open,9/18/2021 13:27,,en,0,0,0,[],[],0,0,,,,,,,,,,,High
19,took like month leave binge starve circle bad words made feel felt like useless effort enough control remember st day ruin days left believe,8/28/2021 2:16,,en,0,0,0,[],[],0,0,,,,,,,,,,,High
20,im gonna go water fast two weeks yall like reply day keep focused pls,7/28/2021 2:30,,en,0,0,0,[],[],0,0,,,,,,,,,,,High
21,actually worst anorexic care long limit yikes,5/10/2021 14:21,,en,1,0,1,[],[],0,0,,,,,,,,,,,High
22,hand worst best anorexic memes need,5/7/2021 4:28,,en,0,0,0,[],[],0,0,,,,,,,,,,,High
23,thinking r n knows patterns getting triggered knows break recovered anorexic wife,5/7/2021 4:13,,en,0,0,0,[],[],0,0,,,,,,,,,,,High
24,new winx club girls white old ugly yo didnt become anorexic,4/27/2021 19:22,,en,0,0,0,[],[],0,0,,,,,,,,,,,High
25, manifest lose kg august thigh gap wrists dainty jawline show arms jiggle stomach flat thinspo fingers smal hands dainty waist small skinny,4/26/2021 20:53,,en,0,0,0,[],[],0,0,,,,,,,,,,,High
26,anorexia got food home food home,4/23/2021 23:33,,en,0,0,3,[],[],0,0,,,,,,,,,,,High
27,fault fault ended like stuffed fat ugly face like pig fault nobody gives fuck l l u r f u l youre pathetic youre disgusting skinny people matter fucking dont starve,4/15/2021 19:15,,en,0,0,1,[],[],0,0,,,,,,,,,,,High
28,starve lt,4/10/2021 16:52,,en,1,0,1,[],[],0,0,,,,,,,,,,,High
29,stop breaking fast hog keep breaking dont look like whos fault stop coward take accountability youve done mirror doesnt lie pigs binge binge skinny girls starve,4/8/2021 12:43,,en,0,0,0,[],[],0,0,,,,,,,,,,,High
30,anorexia popular,4/1/2021 17:21,,en,1,0,0,[],[],0,0,,,,,,,,,,,High
31,ever feel useless remember soyaskinny year old never job hobby best anorexic mostly younger platform,3/29/2021 9:42,,en,0,0,0,[],[],0,0,,,,,,,,,,,High
32,hour waterfast complete lost kg cus alot waterweight thanks period,3/29/2021 8:50,,en,0,0,0,[],[],0,0,,,,,,,,,,,High
33,day fasting,3/19/2021 14:16,,en,0,0,0,[],[],0,0,,,,,,,,,,,High
34,day kcal exercise kcal burned,3/19/2021 5:26,,en,0,0,1,[],[],0,0,,,,,,,,,,,High
35,im going try diet im going update goes today im fasting im starting tommorow,3/18/2021 17:22,,en,1,0,1,[],[],0,0,,,,,,,,,,,High
36,im going try diet im going update goes today im fasting im starting tommorow,3/17/2021 18:52,,en,0,0,1,[],[],0,0,,,,,,,,,,,High
37,limit kcal eaten today kcal tommorow im fasting,3/14/2021 17:00,,en,0,0,0,[],[],0,0,,,,,,,,,,,High
38,maybe longer fast friend doesnt force eat,3/12/2021 9:47,,en,0,0,0,[],[],0,0,,,,,,,,,,,High
39,ex cheated skinny bitch year gotta skinny yea life sucks,3/5/2021 8:24,,en,0,0,1,[],[],0,0,,,,,,,,,,,High
40,broke fast salad chips im going fast days straight,3/4/2021 4:40,,en,0,0,1,[],[],0,0,,,,,,,,,,,High
41,tw bodycheck im still fasting continue abc diet tommorow,2/27/2021 5:13,,en,0,0,5,[],[],0,1,,,,,,,,,,,High
42,dont look anorexic,2/24/2021 15:56,,en,1,0,1,[],[],0,0,,,,,,,,,,,High
43,flops never happened im break bored rt join gc edtwt toxic b like nice ppl relatively active maybe send memes wtv dont go around fighting everyone tl getting worded nsfw gore fast together smth,6/8/2022 14:24,,en,0,0,0,[],[],0,0,,,,,,,,,,,High
44,omg calories thats normies eat isnt know damn well isnt stop invalidating others bc u want seem like best anorexic,6/6/2022 9:15,,en,1,0,0,[],[],0,0,,,,,,,,,,,High
45,long since fasted last time im worst anorexic,11/28/2016 17:16,,en,0,0,0,[],[],0,0,,,,,,,,,,,High
46,live alone become anorexic way lazy cooking,11/4/2016 16:17,,en,0,0,0,[],[],0,0,,,,,,,,,,,High
47,rt find moots im got restricted tweeting proana shit joke help,11/4/2016 16:13,,en,1,0,0,[],[],0,0,,,,,,,,,,,High
48,crazy food anorexia flavor,8/19/2016 14:53,,en,0,0,0,[],[],0,0,,,,,,,,,,,High
49,retweet manifest reach ugw thigh gap wrists dainty jawline show arms jiggle stomach flat thinspo fingers smal hands dainty waist small skinny,8/18/2016 16:43,,en,0,0,0,[],[],0,0,,,,,,,,,,,High
50,come difficult eat stop pretending starve good since well know look like right piggy,8/12/2016 2:10,,en,0,0,0,[],[],0,0,,,,,,,,,,,High
51,edtwt user wears three things theyve convinced need lose weight wear anything else,8/12/2016 2:09,,en,0,0,0,[],[],0,0,,,,,,,,,,,High
52,oh birth giver said anorexic never see eat anymore joke dumbstruck laugh,6/15/2016 13:12,,en,0,0,0,[],[],0,0,,,,,,,,,,,High
53,started day fast please reply w meanspo thinspo keep motivated,5/7/2016 16:32,,en,0,0,0,[],[],0,0,,,,,,,,,,,High
54,dont fear gaining weight bc dont want look fat fear gaining weight makes feel like failure like didnt control self discipline maintain lose weight everyones anorexia essay,5/7/2016 16:21,,en,0,0,0,[],[],0,0,,,,,,,,,,,High
55,strange theres something incredibly comforting anorexia youre literally slowly killing starving makes feel safe,5/3/2016 2:44,,en,0,0,0,[],[],0,0,,,,,,,,,,,High
56,ed gc certain requirements fast diets together lt thinspo meanspo sweetspo allowed toxicness allowed need muts friends rt added,4/29/2016 14:49,,en,0,0,0,[],[],0,0,,,,,,,,,,,High
57,worst anorexic check,4/18/2016 1:10,,en,0,0,0,[],[],0,0,,,,,,,,,,,High
58,arfid gt bed gt idfk probs anorexia since im underweight,4/18/2016 1:06,,en,0,0,0,[],[],0,0,,,,,,,,,,,High
59,liking women anorexic hard bc never know want kiss body,4/18/2016 0:59,,en,0,0,0,[],[],0,0,,,,,,,,,,,High
60,people need stop talk eugenia eugenia cooney isnt required talk disorder anorexic people allowed exist public without open struggle dont openly recovery,4/16/2016 14:40,,en,0,0,0,[],[],0,0,,,,,,,,,,,High
61,pro ana short professional anorexic career,4/16/2016 9:12,,en,0,0,0,[],[],0,0,,,,,,,,,,,High
62,aww wanna dress cute wanna wear nice tops n skirts n rock cute aesthetic well cant youre skinny put fork starve fatty deserve nothing look like,4/15/2016 23:32,,en,0,0,0,[],[],0,0,,,,,,,,,,,High
63,reasons lose weight stole tumblr skinniminiaa,4/15/2016 14:30,,en,0,0,0,[],[],0,0,,,,,,,,,,,High
64,anorexia look healthy tho dont worry nobody suspect anything dont look anorexic,4/15/2016 13:52,,en,0,0,0,[],[],0,0,,,,,,,,,,,High
65,wanna get skinny like girl wanna loose stomach rolls work starve workout think end result,4/1/2016 18:38,,en,0,0,0,[],[],0,0,,,,,,,,,,,High
66,ate salami stick craving im vegetarian really craved didnt want restrict im sure right thing lol,7/3/2019 5:28,,en,0,0,0,[],[],0,0,,,,,,,,,,,High
67,everyone edtwt telling stay safe still starving,10/4/2018 22:42,,en,1,0,1,[],[],0,0,,,,,,,,,,,High
68,honestly main reason wanting lose weight people attracted fat people less lesbians want girls falling love way fall love,7/29/2018 23:30,,en,0,1,1,[],[],0,0,,,,,,,,,,,High
69,honestly main reason wanting lose weight people attracted fat people less lesbians want girls falling love way fall love,7/4/2018 5:39,,en,0,0,0,[],[],0,0,,,,,,,,,,,High
70,kp p choreos mostly ggs help lose weight thread,7/3/2018 14:50,,en,1,0,1,[],[],0,0,,,,,,,,,,,High
71,anorexia meal checkk,7/3/2018 14:45,,en,0,0,0,[],[],0,0,,,,,,,,,,,High
72,nice ed gc sorta selective sweetspo encouragement inspiration share ideas fast together thinspo meanspo ur okay make friends bodychecks comfortable retweet added flops tweeted,7/3/2018 14:45,,en,0,0,1,[],[],0,0,,,,,,,,,,,High
73,anorexic food waste whole new nevel struggling,7/3/2018 14:42,,en,0,0,0,[],[],0,0,,,,,,,,,,,High
74,ed gc problematic toxic idrc racists ableists funny share tips fast together meanspo thinspo etc allowed anime kpop alt poc lgbtq free pass respect people pronouns let friends rt reply like added,7/3/2018 14:41,,en,0,0,1,[],[],0,0,,,,,,,,,,,High
75,hey u wanna know best anorexic read first word,7/3/2018 12:47,,en,0,0,1,[],[],0,0,,,,,,,,,,,High
76,heyy new lvl bi crippling introvert thinspo sweetspo meanspo rt moots plz remind starve u see xx also pics lt,7/3/2018 12:46,,en,0,0,1,[],[],0,0,,,,,,,,,,,High
77,hi edtwt pls try new diet folded hands medium light skin tone folded hands medium light skin tone,7/3/2018 12:45,,en,0,0,1,[],[],0,0,,,,,,,,,,,High
78,similar part short central asian speak languages favourite color pink anorexic still fat strict parents ults tw ce loves bollywood rice favourite food loves horror movies romantic movies,7/3/2018 12:03,,en,0,0,1,[],[],0,0,,,,,,,,,,,High
79,said ill say best anorexic invalidating ppl w eds high restrict,7/3/2018 12:02,,en,0,0,1,[],[],0,0,,,,,,,,,,,High
80,think im anorexia thing wrong,7/3/2018 11:32,,en,0,0,0,[],[],0,0,,,,,,,,,,,High
81,think anorexic fat idk,7/3/2018 11:30,,en,0,0,1,[],[],0,0,,,,,,,,,,,High
82,idk year old needs hear anorexia ed people binge eating disorders gross anorexics better people fat shaming people,7/3/2018 11:29,,en,0,0,0,[],[],0,0,,,,,,,,,,,High
83,lived alone id probably best anorexic,7/3/2018 11:29,,en,0,0,1,[],[],0,0,,,,,,,,,,,High
84,imagine anorexic losing weight yea thats,7/3/2018 11:25,,en,0,0,1,[],[],0,0,,,,,,,,,,,High
85,imagine following thinking im good anorexic boom tweets binged row,7/3/2018 11:25,,en,0,0,1,[],[],0,0,,,,,,,,,,,High
86,imagine youre fasting suddenly faint die meet god says best anorexic,6/10/2022 13:16,,en,1,1,4,[],[],0,1,,,,,,,,,,,High
87,triggers much people tw food eating makes want starve stop fucking putting tws food good bad make mine others anorexia act pls stop,6/10/2022 6:23,,en,0,0,3,[],[],0,0,,,,,,,,,,,High
88,making edtwt gc diet fast together adding u u look like spy weebs free pass sweetspo thinspo whatever dry drown u like rt join,6/7/2022 9:02,,en,0,0,2,[],[],0,0,,,,,,,,,,,High
89,mother used anorexic know,5/27/2022 5:16,,en,0,0,0,[],[],0,0,,,,,,,,,,,High
90,pigs stressed environment known starve develope anorexia,5/26/2022 18:42,,en,1,0,0,[],[],0,0,,,,,,,,,,,High
91,reply rt edtwt gc fasts diets together non ed related things play games together must ed acc,5/24/2022 2:54,,en,0,0,9,[],[],0,0,,,,,,,,,,,High
92,rt reply join edtwt gc preferably moots first lt sensitive fast restrict diet together maybe send support send gore flops flops ig,5/23/2022 2:47,,en,0,0,0,[],[],0,0,,,,,,,,,,,High
93,throwback bulimic mum told wishes could purge lose weight like could smiling face heart eyes,5/22/2022 11:35,,en,1,0,1,[],[],0,0,,,,,,,,,,,High
94,welcome edtwt help lose weight also first support ppl choose recovery,5/16/2022 22:56,,en,0,0,1,[],[],0,0,,,,,,,,,,,High
95,bed kms think anorexic,5/16/2022 10:59,,en,0,0,0,[],[],0,0,,,,,,,,,,,High
96,thing ednos mite try lose weight healthily wanna get kg,5/15/2022 17:11,,en,4,0,0,[],[],0,0,,,,,,,,,,,High
97,nawt som bitch school going anorexic day sayin shit looked mirror fat drop dead ur kg gave hungry guys dw,5/15/2022 14:37,,en,0,0,1,[],[],0,0,,,,,,,,,,,High
98,trying fix bed anorexic traits,5/14/2022 11:10,,en,1,0,1,[],[],0,0,,,,,,,,,,,High
99,willbe best anorexic rn,5/12/2022 14:53,,en,0,1,14,[],[],0,1,,,,,,,,,,,High
100,sweet tooth anorexia hard,5/11/2022 6:23,,en,0,0,2,[],[],0,0,,,,,,,,,,,High
101,unhealthy eating actually anorexic tf,5/8/2022 9:08,,en,0,0,0,[],[],0,0,,,,,,,,,,,High
102,im worst anorexic bad boy,5/7/2022 7:59,,en,1,0,0,[],[],0,0,,,,,,,,,,,High
103,faking anorexia overate today,5/5/2022 6:50,,en,0,1,2,[],[],0,0,,,,,,,,,,,High
104,started another liquid fast bc got better drinks n shit,5/4/2022 1:41,,en,0,1,6,[],[],0,1,,,,,,,,,,,High
105,starting year worst anorexic star struck,4/22/2022 2:10,,en,0,0,0,[],[],0,0,,,,,,,,,,,High
106,mine anorexia gt orthorexia gt bed disguised recovery gt anorexia b p subtype,6/11/2022 5:44,,en,0,0,0,[],[],0,0,,,,,,,,,,,High
107,want achieve able tell people ed without going depth justify body explain people eds anorexically thin like,6/11/2022 2:59,,en,0,0,0,[],[],0,1,,,,,,,,,,,High
108,allow year long episode bed disguised anorexia recovery happen resulting kg weight gain,6/10/2022 13:53,,en,0,0,0,[],[],0,0,,,,,,,,,,,High
109,god rly made go eating disorders life let stay fat whilst let bitchass eat meals day ugw,6/10/2022 8:35,,en,0,0,0,[],[],0,0,,,,,,,,,,,High
110,im worst anorexic smh cant well school well ed time like bitch pick struggle,6/10/2022 0:14,,en,0,0,1,[],[],0,0,,,,,,,,,,,High
111,talking anorexia recovery phase look,6/9/2022 5:46,,en,0,2,0,[],[],0,0,,,,,,,,,,,High
112,im going trip days im terrified im going able restrict ill hip hip family tips,6/9/2022 5:24,,en,0,0,0,[],[],0,0,,,,,,,,,,,High
113,diet weight loss tips got korean edtwt thread,6/9/2022 2:20,,en,0,0,0,[],[],0,0,,,,,,,,,,,High
114,dont want sit lap cmon keep fasting sit lap worth angel,6/9/2022 2:01,,en,1,2,9,[],[],0,1,,,,,,,,,,,High
115,hii rt comment small ed gc okay w meanspo thinspo bonespo dont mean shame unless asked weekly weigh body checks group fasts diets keep accountable,6/9/2022 0:56,,en,0,2,1,[],[],0,0,,,,,,,,,,,High
116,anorexic skinny,6/8/2022 17:29,,en,0,0,1,[],[],0,0,,,,,,,,,,,High
117,quick reminder bulimia eating like pig vomiting anorexia starving yiurself skinny legend many eds anorexia bulimia ednos diabulimia bigorexia bed orthorexia,6/8/2022 17:19,,en,0,0,0,[],[],0,0,,,,,,,,,,,High
118,read ever feel like breaking fast eating u pig thread,6/8/2022 8:24,,en,0,0,0,[],[],0,0,,,,,,,,,,,High
119,starting anorexia today tips,6/8/2022 3:43,,en,0,0,0,[],[],0,0,,,,,,,,,,,High
120,tive uma crise de pnico cellie uma coisa muito estranha mas j estou melhor guerra espiritual sabe,6/8/2022 1:19,,en,0,0,0,[],[],0,0,,,,,,,,,,,High
121,meu amoor que saudade de voc aa eu tava meio afastadinha ainda mas por aqui eu te amo,6/7/2022 13:52,,en,0,0,0,[],[],0,0,,,,,,,,,,,High
122,gl contrata sujei direitinho e ainda afastei cadeira pra dar impresso de que eu tinha acabado de comer e sair da mesa,6/7/2022 11:26,,en,0,0,0,[],[],0,0,,,,,,,,,,,High
123,yall forget edtwt isnt anorexics bulimics etc bed valid eating disorder fuck yall,6/7/2022 10:33,,en,0,0,0,[],[],0,0,,,,,,,,,,,High
124,decision little anorexic brain made go upstairs dance nightcore rockefeller street instead eating english muffin amazing,6/7/2022 5:37,,en,1,0,1,[],[],0,0,,,,,,,,,,,High
125,switching addictions almost beat bulimia mean dont purge often anymore still eat crap food weight higher ever dont even careusually would kill feel like given dont,6/7/2022 3:59,,en,0,0,0,[],[],0,0,,,,,,,,,,,High
126,wanna best anorexic,6/7/2022 3:55,,en,0,0,3,[],[],0,0,,,,,,,,,,,High
127,words im going anorexic someones stating lost weight one makes grit teeth upside face,6/6/2022 13:02,,en,0,0,0,[],[],0,0,,,,,,,,,,,High
128,started still ongoing referred pmht st preg couldnt stop specifically treatment one time received help pregnancy ended contact referral ed team,6/6/2022 11:29,,en,0,0,1,[],[],0,0,,,,,,,,,,,High
129,letter anorexic written paediatrician psychiatrist describing difficult manage words never left challenging situation arises thinking pattern automatically reverts perceiving im difficult person,6/6/2022 7:28,,en,0,0,5,[],[],0,0,,,,,,,,,,,High
130,ive anorexic bulimic binge eater ive healthy weight regardless appearance struggle daily management ed exhausting often invisible others sometimes biggest battle comes try live,6/6/2022 6:42,,en,0,0,0,[],[],0,0,,,,,,,,,,,High
131,hahhaa think might anorexic keep forgetting eat tehah,6/6/2022 6:39,,en,0,0,1,[],[],0,0,,,,,,,,,,,High
132,swear people edtwt arent even anorexic ya thats bc anorexia isnt eating disorder,6/6/2022 5:36,,en,0,0,0,[],[],0,0,,,,,,,,,,,High
133,calorie food charts edtwt thread,6/6/2022 0:45,,en,0,0,0,[],[],0,0,,,,,,,,,,,High
134,stupid irls say forget eat im anorexic,6/6/2022 0:30,,en,0,0,1,[],[],0,0,,,,,,,,,,,High
135,medical terms slurs instead saying anorexic please say eatn,6/5/2022 12:13,,en,0,0,0,[],[],0,0,,,,,,,,,,,High
136,non mentally ill people always assume anorexia eating thats rlly counting calories wearing fasting binging gets hard many things people dont know irls dont act like know,6/5/2022 7:06,,en,0,0,0,[],[],0,0,,,,,,,,,,,High
137,reasons youre fat fuck bingeing god damn time skipping workouts breaking fasts bc hurts much youre pathetic,6/5/2022 6:53,,en,1,0,1,[],[],0,0,,,,,,,,,,,High
138,tw feeling fat remembering took adderall adhd younger became underweight skinny covered bruises im allowed encouraged take school,6/5/2022 2:43,,en,0,0,0,[],[],0,0,,,,,,,,,,,High
139,u fetishizing eating disorders encouraging minors starve,6/5/2022 2:37,,en,1,0,0,[],[],0,0,,,,,,,,,,,High
140,fake anorexic purposely eat calories get protein body doesnt cannabilise muscles,6/5/2022 1:33,,en,0,0,0,[],[],0,0,,,,,,,,,,,High
141,anyone bonespo dont actually want look skinny want draw,6/5/2022 1:05,,en,0,0,0,[],[],0,0,,,,,,,,,,,High
142,hey guys im going vacation days make mom feed,6/5/2022 0:41,,en,0,0,0,[],[],0,0,,,,,,,,,,,High
143,cant decide maintain cw doctor doesnt think im anorexic lose,6/4/2022 14:36,,en,0,0,0,[],[],0,0,,,,,,,,,,,High
144,im recovering least one person tells look anorexic,6/4/2022 10:59,,en,1,0,0,[],[],0,0,,,,,,,,,,,High
145,recovery mom finds starve,6/4/2022 4:10,,en,0,0,0,[],[],0,0,,,,,,,,,,,High
146,got two cupcakes bakery someone tell eat,6/4/2022 4:08,,en,0,0,0,[],[],0,0,,,,,,,,,,,High
147,wanna valid anorexic badly fucking weird,6/4/2022 2:17,,en,0,0,1,[],[],0,0,,,,,,,,,,,High
148,ugly shit personality sucks,6/3/2022 12:01,,en,0,0,1,[],[],0,0,,,,,,,,,,,High
149,say finally shit constipated like almost weeks biggest shit ive ever taken life im skinny,6/3/2022 11:55,,en,0,0,1,[],[],0,0,,,,,,,,,,,High
150,ate like cals yesterday breakfast lunch burnt fitness class wild,6/3/2022 11:05,,en,0,0,1,[],[],0,0,,,,,,,,,,,High
151,joke feel skinnier morning sex,6/3/2022 8:38,,en,0,0,1,[],[],0,0,,,,,,,,,,,High
152,bonespo thinspo thread tw heavy bruises favorite thinspo look dont eat lt,6/3/2022 2:45,,en,0,0,0,[],[],0,0,,,,,,,,,,,High
153,got drunk binged badly scared weight cant fall asleep im friends house cant purge definitely starting hr fast shit way start tips,6/2/2022 12:22,,en,0,0,0,[],[],0,0,,,,,,,,,,,High
154,holy shit keep fucking fasts binging purging weight also going even dont eat well,6/2/2022 10:55,,en,0,0,0,[],[],0,0,,,,,,,,,,,High
155,started binged restarted fast times today,6/2/2022 8:38,,en,0,0,0,[],[],0,0,,,,,,,,,,,High
156,want skinny focus fast youre hungry right bored drink water something else know dont lurk around kitchen know wont good,6/2/2022 5:51,,en,0,0,0,[],[],0,0,,,,,,,,,,,High
157,anyone whos fasting heres motivation keep going keep working hard youll get soon,6/2/2022 5:43,,en,0,0,4,[],[],0,0,,,,,,,,,,,High
158,fact two best friends one online friend anorexic dream body nice style motivates obviously talk ed fucking triggering,6/2/2022 3:27,,en,0,0,3,[],[],0,0,,,,,,,,,,,High
159,tryna figure look girls bodies cuz im gay anorexic,6/2/2022 2:45,,en,0,0,0,[],[],0,0,,,,,,,,,,,High
160,history anorexia nervosa thread,6/2/2022 2:14,,en,0,0,3,[],[],0,0,,,,,,,,,,,High
161,even anorexic havent bark bark hiss woof grr arf arf woof hiss grr,6/2/2022 2:06,,en,0,0,0,[],[],0,0,,,,,,,,,,,High
162,hello anxiety depression eating disorder gone tired sick tired,6/2/2022 2:05,,en,1,0,1,[],[],0,0,,,,,,,,,,,High
163,bulimia hangover shit literally move bed head eyes hurt much guess least stops eating,6/2/2022 0:58,,en,1,0,2,[],[],0,0,,,,,,,,,,,High
164,tried eat planned lunch managed eat half im crying want get period cant eat enough still dont really lose weight body like wanna starve,6/1/2022 6:58,,en,0,0,0,[],[],0,0,,,,,,,,,,,High
165,want feel good body lose weight healthy way also wanna starve cant,5/31/2022 9:01,,en,0,0,0,[],[],0,0,,,,,,,,,,,High
166,mom makes go eat family today fast tomorrow,5/31/2022 3:17,,en,0,0,1,[],[],0,0,,,,,,,,,,,High
167,preparing food break fast one half hour ends calming really helps binge,5/30/2022 10:32,,en,0,0,1,[],[],0,0,,,,,,,,,,,High
168,know ed always mean starving right eds anorexia,5/30/2022 7:55,,en,0,0,0,[],[],0,0,,,,,,,,,,,High
169,edtwt im creating gc starting december st days starving follow restriction plan fasts workouts break give harsh meanspo spo allowed using innocent people fatsp body checks every week rt join,5/30/2022 7:21,,en,0,0,0,[],[],0,0,,,,,,,,,,,High
170,exactly wanted develop anorexia yrs later im still,5/30/2022 6:18,,en,0,0,0,[],[],0,0,,,,,,,,,,,High
171,abc diet best anorexic,5/29/2022 1:46,,en,0,1,1,[],[],0,0,,,,,,,,,,,High
172,many calories eat day doesnt make binge,5/28/2022 12:55,,en,0,0,1,[],[],0,0,,,,,,,,,,,High
173,edtwt hanging friends,4/5/2019 1:18,,en,0,0,0,[],[],0,0,,,,,,,,,,,High
174,ever want friends call fat know fact one irl called fat id fast week,3/30/2019 0:58,,en,0,0,0,[],[],0,0,,,,,,,,,,,High
175,tags fasting tips bc sum ppl really bad,3/18/2019 9:54,,en,0,0,0,[],[],0,0,,,,,,,,,,,High
176,beine gehen auch klar aber der klassiker sind halt die pulsadern,2/7/2019 5:25,,en,0,0,1,[],[],0,0,,,,,,,,,,,High
177,okay dann scheine ich nichts wirklich nach rtldirekt verpasst zu haben dann weiter mit schumpeter und ich penne fast dabei ein,2/7/2019 5:18,,en,0,0,0,[],[],0,0,,,,,,,,,,,High
178,wieso muss lily becker bei mcs arbeiten apropos fast food wieso ist der burger king nicht mehr anger erfurt,12/23/2018 6:17,,en,0,0,0,[],[],0,0,,,,,,,,,,,High
179,wait exactly feel like literally faking disordered eating acting like kind wannarexic even though identify anorexic,12/23/2018 5:53,,en,0,0,0,[],[],0,0,,,,,,,,,,,High
180,get best anorexic,12/23/2018 5:45,,en,0,0,0,[],[],0,0,,,,,,,,,,,High
181,fat friend thinspo thread,12/7/2018 4:01,,en,0,0,0,[],[],0,0,,,,,,,,,,,High
182,takes days form habit days binging excuses last days last whole year duration days strt jan end jan follow rt join,11/24/2018 5:49,,en,0,0,0,[],[],0,0,,,,,,,,,,,High
183,eating cotton balls causes intestinal blockage fatal requires surgery dont eat cotton balls doesnt make best anorexic,11/23/2018 8:30,,en,0,0,1,[],[],0,0,,,,,,,,,,,High
184,everyone invalidating people high restrict feel bitch eating disorders dont cal limit dont act like,11/23/2018 8:19,,en,0,0,1,[],[],0,0,,,,,,,,,,,High
185,gain weight faster think favor put food away,11/23/2018 8:18,,en,0,0,1,[],[],0,0,,,,,,,,,,,High
186,anos de experiencia de ta quando sei q vai ser inevitvel comer com pessoas tomo copao de agua antes pra ajudar miar depois de minutos disfaro e vou vomitar tenho uma toalhinha que limpo rosto e mo,11/20/2018 3:15,,en,0,0,0,[],[],0,0,,,,,,,,,,,High
187,praia tipo vc se sente mal pq tem varias anorexicas mas se sente melhor pq tem mais gordas que voce,9/7/2018 7:21,,en,0,0,0,[],[],0,0,,,,,,,,,,,High
188,christmas edtwt gc group fasts lose least lbs kg christmas thinspo sweetspo meanspo everyone okay w must life join fasting circle u arent active u get kicked plz dont let die rt reply join,8/11/2018 5:58,,en,0,0,1,[],[],0,0,,,,,,,,,,,High
189,binged first time two months heavy restrict dont want fat please begging cant go back,7/25/2018 2:24,,en,0,0,1,[],[],0,1,,,,,,,,,,,High
190,excited get skinnier lbs,7/22/2018 1:15,,en,0,0,0,[],[],0,1,,,,,,,,,,,High
191,health problems really struggling get diagnosed dr tells look healthy started associating skinny ill therefore skinny get diagnosed get treatment,7/1/2018 8:17,,en,0,0,1,[],[],0,0,,,,,,,,,,,High
192,message edtwt users started high healthy weight still high healthy weight gained theyve lost eds anorexia dont fast low res valid ed defined weight,6/26/2018 1:13,,en,0,0,1,[],[],0,1,,,,,,,,,,,High
193,pizza cake chocolate takeaway fast food,6/26/2018 0:43,,en,0,0,0,[],[],0,0,,,,,,,,,,,High
194,mini edtwt gc diet fast together body checks weigh ins share tips tricks meanspo thinspo mf respectful gt theyll binge punishments restrictions etc ur uncomfortable w anything let know reply rt join lt,6/17/2018 6:08,,en,0,0,0,[],[],0,0,,,,,,,,,,,High
195,exactly babies get sick talk walk deseases work developed anorexia way even knew eating disorder never met someone ed people tend forget little detail,6/3/2018 8:38,,en,0,0,0,[],[],0,0,,,,,,,,,,,High
196,like yall cant actually expect starve lonely yo called fat fuck original guys wouldnt looking messy apple notes meanspo hashtag wasnt starving already,4/14/2018 6:14,,en,0,0,0,[],[],0,0,,,,,,,,,,,High
197,making gc edtwt age dont creep talk get close weigh ins body checks comfortable thinspo meanspo sweetspo workouts fasts diet plans fatspo gore rt reply join lt,4/6/2018 2:53,,en,0,0,0,[],[],0,0,,,,,,,,,,,High
198,new cw kg gw kg ugw kg thinspo meanspo sweetspo minor tips fasting dieting binging rt mutuals ifb everyone,3/12/2018 14:01,,en,0,1,1,[],[],0,0,,,,,,,,,,,High
199,weighed today lets say water fast next week smiling face heart eyes,3/10/2018 6:15,,en,0,0,1,[],[],0,0,,,,,,,,,,,High
200,weighed today lets say water fast next week,3/9/2018 11:17,,en,0,0,0,[],[],0,0,,,,,,,,,,,High
201,bonespo extreme thinspo thread,3/8/2018 6:04,,en,0,0,0,[],[],0,0,,,,,,,,,,,High
202,dont tell fat people theyre unhealthy youre edtwt starving look like literal clown,2/25/2018 11:17,,en,0,0,1,[],[],0,0,,,,,,,,,,,High
203,gn manifesting everyone edtwt lose weight overnight,2/23/2018 4:36,,en,0,0,0,[],[],0,0,,,,,,,,,,,High
204,god rlly said yh make anorexic cant live pinterest house mf,2/22/2018 5:28,,en,0,0,0,[],[],0,0,,,,,,,,,,,High
205,broke fast hrs,1/30/2018 11:57,,en,0,0,1,[],[],0,0,,,,,,,,,,,High
206,hate anorexic small group friends bc ur physically tired u cant even talk gets awkward,1/22/2018 9:28,,en,0,0,0,[],[],0,0,,,,,,,,,,,High
207,irls skl r lowkey rlly shit friends like havent eaten lunch whole year havent said anything like good caus fast time time dont give shit lmao kinda think shld drop hmm thinking,12/26/2017 1:27,,en,0,0,0,[],[],0,0,,,,,,,,,,,High
208,pls nd ive fasted hrs month,12/25/2017 10:18,,en,0,0,0,[],[],0,0,,,,,,,,,,,High
209,tell u would break fast day food house looked like,12/23/2017 3:43,,en,0,0,0,[],[],0,0,,,,,,,,,,,High
210,anorexia glamorous lmao teeth rotting body literally thinks dying wtf,12/1/2017 2:50,,en,0,0,1,[],[],0,0,,,,,,,,,,,High
211,anorexia pros im skinny anorexia cons hair falling teeth rotting jaundice heart failing relationships falling apart yeah anorexia glamorous fucking least lol,11/27/2017 6:36,,en,0,0,0,[],[],0,0,,,,,,,,,,,High
212,anorexia fucking moon sales assistant took one look told dont carry anything small size,11/24/2017 12:24,,en,0,0,1,[],[],0,0,,,,,,,,,,,High
213,doctor wants take pregnancy test lmaoo explain im anorexic havent period year soo chances im pregnant,11/24/2017 11:28,,en,0,0,0,[],[],0,0,,,,,,,,,,,High
214,ednos like box chocolates u never know ur gonna get restricting fasting binging purging issa surprise,11/5/2017 0:01,,en,0,0,0,[],[],0,0,,,,,,,,,,,High
215,say body nothing mental disorder called body dysmorphia changes perception anorexic teenager causes severe dysmorphia physical appearance nothing go bed,10/30/2017 4:13,,en,0,0,0,[],[],0,0,,,,,,,,,,,High
216,jan im anorexic im convinced food looks genuinely appetizing ill gain weight bc im good enough eat delicious food help j,10/27/2017 4:25,,en,0,0,0,[],[],0,0,,,,,,,,,,,High
217,havent gained weight doctor sir im anorexic trying,10/25/2017 7:56,,en,0,0,0,[],[],0,0,,,,,,,,,,,High
218,one time googled get anorexia sub tp song yr old girl saying anorexia skinny skinny deleted internet,10/20/2017 7:14,,en,0,0,1,[],[],0,0,,,,,,,,,,,High
219,bc lot peoples eating disorders dont include fear fat weight gain everyones ed like especially pica ednos bed etc anorexic probably wrote thinking everyones like anyway excuse hurt ppl think harder,10/10/2017 2:54,,en,0,0,0,[],[],0,0,,,,,,,,,,,High
220,see child throwing dinner starving id blame feels like endless suffering feel like child id put another risk id honestly rather,10/10/2017 2:52,,en,0,0,0,[],[],0,0,,,,,,,,,,,High
221,im first diagnosed ed females family odd habits around food negative perceptions body female body shapes ive grown receiving mixed messages food definitely somewhere denied,10/6/2017 5:16,,en,0,0,0,[],[],0,0,,,,,,,,,,,High
222,ughh swallowing like trying swallow submarine made nauseous mine breakfast otherwise couldnt stomach anything,10/3/2017 2:05,,en,0,0,0,[],[],0,0,,,,,,,,,,,High
223,told bmi one heavier anorexics ward super triggering,9/28/2017 0:44,,en,0,0,0,[],[],0,0,,,,,,,,,,,High
224,restricting felt endlessly tired always bulimic behaviours landed medical wards inpatient settings,9/26/2017 9:46,,en,0,0,1,[],[],0,0,,,,,,,,,,,High
225,never felt ashamed buying measly groceries anorexia going coop four times day buy binge food served cashier definitely ashamed,9/23/2017 8:05,,en,0,0,1,[],[],0,0,,,,,,,,,,,High
226,wish didnt assume difficulties life exist monday friday hours struggle evening theres never anyone support,9/12/2017 0:36,,en,0,0,0,[],[],0,0,,,,,,,,,,,High
227,anorexia doesnt grant thin privilege words anorexia privilege exist sentence nothing privileged slave illness didnt choose tired depressed isolated scared mentally physically unwell privilege,9/5/2017 11:20,,en,0,0,0,[],[],0,0,,,,,,,,,,,High
228,bulimia cooking enough dinner four knowing youll eat throw followed wondering bulimia actually choice paid made ate got rid food nobody forcing,9/3/2017 10:24,,en,0,0,0,[],[],0,0,,,,,,,,,,,High
229,got told left party last night everyone expressing concern weight look right didnt really need know mean triggering gives eating disorder power anorexia feeling chuffed im feeling pathetic,9/1/2017 5:15,,en,0,0,0,[],[],0,0,,,,,,,,,,,High
230,cant see point trying recover everything bid get shit back track falls fucking pieces every time might well say im full time anorexic bulimic sack human shit crack shitty life seem destined live,8/30/2017 13:57,,en,0,0,0,[],[],0,0,,,,,,,,,,,High
231,funny purging seen far less dangerous restricting bulimia seen far less serious anorexia,8/29/2017 12:46,,en,0,0,1,[],[],0,0,,,,,,,,,,,High
232,one day normal eating im awake half night stomach pains since feeling like shit made mistake weighing supposed going lunch today parents sure actually eat anything uncomfortable,8/26/2017 2:25,,en,0,0,0,[],[],0,0,,,,,,,,,,,High
233,rapidly hit range repercussions linked living eating disorder body aches im freezing tired wake jaw aches headaches sudden bouts foggy hearing lethargic things think id probably enjoy nothing glamorous see,8/26/2017 2:25,,en,0,0,0,[],[],0,0,,,,,,,,,,,High
234,next person even much tries make anorexia worse live bulimia going feel fucking rage,8/26/2017 1:50,,en,0,0,0,[],[],0,0,,,,,,,,,,,High
235,really needs movie documentary shows accurate portrayal im talking white middle class female anorexics sufferers eds backgrounds lets show hard get treatment whilst,8/26/2017 1:04,,en,0,0,1,[],[],0,0,,,,,,,,,,,High
236,today overheard woman telling young girl assume daughter couldnt chocolate bunny lollipop chose white bread breakfast actual fuck,8/25/2017 21:30,,en,0,0,0,[],[],0,0,,,,,,,,,,,High
237,lose kgs days someone send diet way happen pls someone answer fast thanks,8/25/2017 21:29,,en,0,0,0,[],[],0,0,,,,,,,,,,,High
238,gonna try start day fast tomorrow wish luck please give meanspo sweetspo thinspo would help alot lt,8/25/2017 13:41,,en,0,0,0,[],[],0,0,,,,,,,,,,,High
239,hi looking someone fast like low restrict face time talk like become friends mostly bc lonely need motivation someone close time zone denmark dm u interested,8/25/2017 13:17,,en,0,0,0,[],[],0,0,,,,,,,,,,,High
240,making new ed group chat w moots edtwt sweetspo thinspo workout tips purging tips fast support general life rants anything want except gore friendly group chat rt join,8/25/2017 12:23,,en,0,0,0,[],[],0,0,,,,,,,,,,,High
241,somebody send nsfw thinspo shit makes wanna starve dayyss,8/25/2017 11:13,,en,0,0,0,[],[],0,0,,,,,,,,,,,High
242,feel hungry binge put weight restrict fast ease rt manifest,8/25/2017 11:11,,en,0,0,0,[],[],0,0,,,,,,,,,,,High
243,groupchat edtwt safe place talk anything group fasts group diets making cool friends kp p stans get free pass comment rt join flops didnt,8/25/2017 10:50,,en,0,0,1,[],[],0,0,,,,,,,,,,,High
244,anyone wanna join toxic gc send eachother thinspo meanspo fast together diets together prevent eachother binging rt comment join,8/25/2017 10:48,,en,0,0,0,[],[],0,0,,,,,,,,,,,High
245,edtwt drink water right retweet right help pass cute reminder along stay hydrated avoid stop dry fasts,8/25/2017 9:10,,en,0,0,0,[],[],0,0,,,,,,,,,,,High
246,im fucking mad staying consistent workouts able literal ten minute nothing workout without almost throwing god unknown reason im literally worst anorexic im disgusting stupid fat,8/25/2017 9:09,,en,0,0,0,[],[],0,0,,,,,,,,,,,High
247,thread people feel like arent valid tw mentions purging fasting restriction calorie counting relapse recovery,8/24/2017 20:56,,en,0,0,0,[],[],0,0,,,,,,,,,,,High
248,binge eating disorder valid difficult live anorexia binge purge type disorders exist everyone needs stop shaming people eating disorder different,8/24/2017 10:00,,en,0,0,0,[],[],0,0,,,,,,,,,,,High
249,bulimia fucking worst u gain weight time almost impossible get everything u also lose much money ridiculous,8/24/2017 9:59,,en,0,0,0,[],[],0,0,,,,,,,,,,,High
250,petition start calling bulimia anorexia b p eat yeet,8/24/2017 6:25,,en,0,0,0,[],[],0,0,,,,,,,,,,,High
251,unpopular opinion bulimia cuntiest eating disorder bitch takes ur energy ur time ur health barely lose weight many gain literally lose everything get nothing even skinny body return yuh im mad,8/23/2017 22:26,,en,0,0,1,[],[],0,0,,,,,,,,,,,High
252,fasting week birthday look decent pics fasting eighteen,8/23/2017 10:46,,en,0,0,0,[],[],0,0,,,,,,,,,,,High
253,remember started lot pain talk single soul nerd numbers calorie counted coping mechanism never trying become pretty hated blamed still,6/11/2022 7:19,,en,0,0,2,[],[],0,0,,,,,,,,,,,High
254,tonight managed tiniest portion chicken veg ever seen grown ass woman sit guess achievement compared week done alone,6/11/2022 7:18,,en,0,0,0,[],[],0,0,,,,,,,,,,,High
255,edtwt honest tell people eat health lowkey wanting bigger make feel skinnier,6/11/2022 7:18,,en,0,0,1,[],[],0,0,,,,,,,,,,,High
256,mom made insensitive comment anorexic,6/11/2022 7:18,,en,0,0,1,[],[],0,0,,,,,,,,,,,High
257,im making discord server proana fast together sorta thing must try active daily fatspo gt homophobes transphobes rt like follow join dm time get link,6/11/2022 7:17,,en,1,0,1,[],[],0,0,,,,,,,,,,,High
258,yall idk needs hear allowed fun edtwt starving hv ur personality trait plz go fun lol post stupid tiktok send voice notes u singing horribly laughing burns cals god damn,6/11/2022 7:15,,en,0,0,0,[],[],0,0,,,,,,,,,,,High
259,magically thinks wake decide anorexic someone needs educate,6/11/2022 7:15,,en,1,0,1,[],[],0,0,,,,,,,,,,,High
260,worst anorexic life lol,6/11/2022 7:14,,en,0,0,0,[],[],0,0,,,,,,,,,,,High
261,forced quit fast hrs pain,6/11/2022 7:13,,en,0,0,0,[],[],0,0,,,,,,,,,,,High
262,fasting binge literally nothing exercise burn calories instead bestie,6/11/2022 7:12,,en,0,0,1,[],[],0,0,,,,,,,,,,,High
263,ok one tip made restricting easy lt cals never eat unless would post meal eating eat pretty meals,6/11/2022 7:12,,en,0,0,0,[],[],0,0,,,,,,,,,,,High
264,random thnspo dumb motivation keep fasting,6/11/2022 7:12,,en,0,0,1,[],[],0,0,,,,,,,,,,,High
265,anorexic feels invalid bc easily eat like im one cry see food im eat food beat week,6/11/2022 7:12,,en,0,0,0,[],[],0,0,,,,,,,,,,,High
266,extreme sport activity began u hv fill questionnaire n asked bulimia nervosa like eating disorder asked specifically bulimia nervosa wonder,6/11/2022 7:11,,en,1,0,1,[],[],0,0,,,,,,,,,,,High
267,ever done extreme sport activity began u hv fill questionnaire n asked bulimia nervosa like eating disorder asked specifically bulimia nervosa wonder,6/11/2022 7:11,,en,0,0,3,[],[],0,0,,,,,,,,,,,High
268,im honest im sure believe socialism im fence full communism never succeeded always resulted starvation suffering hand need get rid least heavily reform capitalism mentality perpetuates,6/11/2022 7:10,,en,0,0,0,[],[],0,0,,,,,,,,,,,High
269,finger crossed get keep tits lose weight,6/11/2022 7:09,,en,0,0,1,[],[],0,0,,,,,,,,,,,High
270,literally cannot wait skinny college everyone assume im burning quarantine weight one ever know fat,6/11/2022 7:09,,en,1,0,2,[],[],0,0,,,,,,,,,,,High
271,anything cals wont kill fast benefits gut health like nah doesnt break,6/11/2022 6:54,,en,0,0,1,[],[],0,0,,,,,,,,,,,High
272,everyone says dry fasting bad get nauseous drink water fast like im ready puke anyone tips,6/11/2022 6:53,,en,0,0,1,[],[],0,0,,,,,,,,,,,High
273,skinny time next year go japan friends way im going japan fat american,6/11/2022 6:48,,en,38,15,101,[],[],0,1,,,,,,,,,,,High
274,july month weightloss anyone wants gc keep accountable restricting fasting losing rt cw doesnt matter gonna lose anyways send meanspo sweetspo,6/11/2022 4:52,,en,1,0,2,[],[],0,0,,,,,,,,,,,High
275,listening prom queen friends around fire knowing like every lyric hours fast like ed thing ive ever done,6/11/2022 4:51,,en,20,127,728,[],[],0,1,,,,,,,,,,,High
276,making edtwt gc must willing share secrets help others get willing get close become friends fast together reply retweet want join,6/10/2022 22:40,,en,16,56,430,[],[],0,1,,,,,,,,,,,High
277,rt join edtwt fasting gc starting fasts together whoever breaks fast removed fast ends share tips g ill tweet everytime start group fast reply ill count fast ill send,6/10/2022 18:52,,en,1,0,0,[],[],0,0,,,,,,,,,,,High
278,think might highh restrict today like cause feel absolutely awful plus plateaued maybe itll boost metabolism,6/10/2022 18:42,,en,8,56,239,[],[],0,1,,,,,,,,,,,High
279,yall watching half hour long video nikocado tro cause like fasting material,6/10/2022 18:17,,en,0,0,1,[],[],0,0,,,,,,,,,,,High
280,year old girls tiktok skipped lunch think anorexic edtwt purge starve restrict obsessively count calories mental breakdown whenever eating something faking,6/10/2022 18:03,,en,5,58,473,[],[],0,1,,,,,,,,,,,High
281,bonespo thread deserve emaciated lt,6/10/2022 16:18,,en,1,0,2,[],[],0,0,,,,,,,,,,,High
282,calorie estimate anyone please,6/10/2022 16:01,,en,0,0,1,[],[],0,0,,,,,,,,,,,High
283,cant wait till start school days excuse eating home ate school,6/10/2022 16:01,,en,1,0,1,[],[],0,0,,,,,,,,,,,High
284,people thinking end fast close achieving days hours want want stop want skinny thought drink water babe get back,6/10/2022 16:00,,en,0,0,1,[],[],0,0,,,,,,,,,,,High
285,hii im jules new ed twt fatspo meanspo thinspo allowed bi ugw lbs gw lbs cw lbs anorexic struggling anorexia years rt mutuals,6/10/2022 16:00,,en,0,0,1,[],[],0,0,,,,,,,,,,,High
286,long fast tomorrow,6/10/2022 16:00,,en,0,0,0,[],[],0,0,,,,,,,,,,,High
287,started hour fast wish luck,6/10/2022 15:59,,en,0,0,1,[],[],0,0,,,,,,,,,,,High
288,manifesting loose lbs christmas,6/10/2022 15:59,,en,0,0,0,[],[],0,0,,,,,,,,,,,High
289,stop saying theres always tmr u better break ur fast binge tf go watch movie instead thinking eating nbs u want skinny stfu continue ur fast dont binge,6/10/2022 15:58,,en,0,0,1,[],[],0,0,,,,,,,,,,,High
290,probably flop haha wanna start hard ana group chat send thinspo meanspo bonespo help restrict organise fasts calorie limits rt youre interested xx,6/10/2022 15:58,,en,0,0,2,[],[],0,0,,,,,,,,,,,High
291,tips hunger eat little bit something craving spit chew ice drink coffee almost cals meditation manifestation one love fat stay starving,6/10/2022 15:57,,en,0,0,0,[],[],0,0,,,,,,,,,,,High
292,tw bonespo school starting tomorrow cant wait fast,6/10/2022 15:57,,en,0,0,1,[],[],0,0,,,,,,,,,,,High
293,tw hi everyone lt im new ed twt bi cw kg gw kg ugw kg mean thinspo rt mutuals looking people fasting together well keep track encourage,6/10/2022 15:56,,en,0,0,0,[],[],0,0,,,,,,,,,,,High
294,would glass count breaking fast,6/10/2022 15:56,,en,0,0,1,[],[],0,0,,,,,,,,,,,High
295,poop fake anorexic,6/10/2022 15:56,,en,0,0,3,[],[],0,0,,,,,,,,,,,High
296,mom asked im anorexic,6/10/2022 13:43,,en,0,0,2,[],[],0,0,,,,,,,,,,,High
297,anorexic body type anorexic body type anorexic body type anorexic body type anorexic body type anorexic body type anorexic body type anorexic body type anorexic body type anorexic body type,6/10/2022 13:07,,en,0,0,1,[],[],0,0,,,,,,,,,,,High
298,eating disorders fucking awful dont make sense like much pain grief fucking eating alive flesh want starve flesh suffocates,6/10/2022 13:06,,en,0,0,2,[],[],0,0,,,,,,,,,,,High
299,hey guys im highly anorexic mean anorexic mean fucking anorexic like bruh like sis aint motherfucking,6/10/2022 13:06,,en,1,0,1,[],[],0,0,,,,,,,,,,,High
300,wish reaction different like know problem convinced im anorexic cant ask everythings okay need help instead telling im gonna collapse one day die theyre ones deal w,6/10/2022 12:58,,en,28,255,1587,[],[],0,1,,,,,,,,,,,High
301,mean fucking anorexic like bruh like sis aint motherfucking rupi kaur,6/10/2022 12:32,,en,0,0,1,[],[],0,0,,,,,,,,,,,High
302,wanna stay late someone eat pizza ramen ice cream pajamas unfortunately im lonely anorexic,6/10/2022 12:32,,en,0,0,0,[],[],0,0,,,,,,,,,,,High
303,comical ppl say could never anorexic love food much ok love food im still anorexic,6/10/2022 12:30,,en,0,0,0,[],[],0,0,,,,,,,,,,,High
304,anorexia binge gain weight,6/10/2022 12:28,,en,0,0,4,[],[],0,0,,,,,,,,,,,High
305,eating disorder cute kinda proana bullshit,6/10/2022 12:27,,en,1,1,5,[],[],0,0,,,,,,,,,,,High
306,sometimes im minding business hey guys im highly anorexic mean anorexic mean fucking anorexic like bruh like sis aint motherfucking girl sneakes way thoughts imma set fire,6/10/2022 12:26,,en,0,0,0,[],[],0,0,,,,,,,,,,,High
307,make even self conscious abt body response starving dad said multiple times thinks im anorexic family calls yell like gonna make grab fucking plate eat,6/10/2022 12:21,,en,0,0,1,[],[],0,0,,,,,,,,,,,High
308,yall im like fucking anorexic like fucking anorexic raised back hand medium light skin tone ok hand medium light skin tone like bro like sis leg medium light skin tone aint fucking enjoy journey,6/10/2022 12:20,,en,0,0,1,[],[],0,0,,,,,,,,,,,High
309,yee grew anorexic mom bulimic sister annoyingly normal sister eats hella never gains weight,6/10/2022 12:19,,en,1,0,1,[],[],0,0,,,,,,,,,,,High
310,lot yall wouldnt survive june july edtwt june july edtwt question starve piggies,6/10/2022 12:19,,en,0,0,0,[],[],0,0,,,,,,,,,,,High
311,bonespo makes hate thread tw,6/10/2022 12:19,,en,0,0,0,[],[],0,0,,,,,,,,,,,High
312,fasting anorexia ages historical thread,6/10/2022 12:17,,en,17,181,1173,[],[],0,1,,,,,,,,,,,High
313,hate edtwt mf responds sweet posts rude indirect like youre cool gossip girl think skinnystarvingdaintycalz hair falling like mine,6/10/2022 8:53,,en,0,0,1,[],[],0,0,,,,,,,,,,,High
314,locals edtwt toxic convince starve post fatspo day edtwt,6/10/2022 8:52,,en,0,0,2,[],[],0,0,,,,,,,,,,,High
315,bf dont understand anorexic people ignore hunger like im falling asleep im already thinking next meal want breakfast,6/10/2022 8:52,,en,0,0,1,[],[],0,0,,,,,,,,,,,High
316,fact sister keeps calling binge eater point daughter obviously anorexic,6/10/2022 8:52,,en,0,0,1,[],[],0,0,,,,,,,,,,,High
317,ur like eating disorder n ppl r like eat mf u call worst anorexic,6/10/2022 8:51,,en,0,0,1,[],[],0,0,,,,,,,,,,,High
318,negative side bf leaving actually ever find anyone else bc im depressive anorexic yo bitch nobody wants someone like,6/10/2022 8:51,,en,0,0,1,[],[],0,0,,,,,,,,,,,High
319,yeah wish could join fast,6/10/2022 8:51,,en,0,0,1,[],[],0,0,,,,,,,,,,,High
320,im back letsgoo saturday schoowork im back track starve yoo,6/10/2022 8:50,,en,0,0,1,[],[],0,0,,,,,,,,,,,High
321,anorexic aspire b also im giving ppl like never talk hw,6/10/2022 8:50,,en,0,0,1,[],[],0,0,,,,,,,,,,,High
322,best anorexic,6/10/2022 8:50,,en,0,0,0,[],[],0,0,,,,,,,,,,,High
323,bc gonna say yall choose foods ur ok eating thats kinda non anorexic u,6/10/2022 8:50,,en,0,0,0,[],[],0,0,,,,,,,,,,,High
324,im gonna eat ever lolz best anorexic coming soon,6/10/2022 8:50,,en,0,0,1,[],[],0,0,,,,,,,,,,,High
325,imagine obese n saying ure anorexic thats really embarrassing,6/10/2022 8:49,,en,0,0,1,[],[],0,0,,,,,,,,,,,High
326,lmao mfs join edtwt want ppl hold hand b like oh ur fat u lose weight huhh,6/10/2022 8:49,,en,0,0,1,[],[],0,0,,,,,,,,,,,High
327,ugh yoongis talking ab didnt eat hes diet fav anorexic lt,6/10/2022 8:49,,en,0,0,1,[],[],0,0,,,,,,,,,,,High
328,everyone edtwt uwu take care urself bby also everyone edtwt fasted three days muffin today hope die,6/10/2022 8:49,,en,0,0,1,[],[],0,0,,,,,,,,,,,High
329,mm saw someone comment already thin idol needs lose weight im thanks meanspo ig,6/10/2022 8:47,,en,0,0,2,[],[],0,0,,,,,,,,,,,High
330,hard edtwt gc strict diets fasts lots meanspo fatspo thinspo hard edtwt binge break fasts ur kicked daily weigh ins coaching share tips etc age rt like join lt,6/10/2022 8:47,,en,0,0,0,[],[],0,0,,,,,,,,,,,High
331,study fasting gc beginning day set rules ourself studying f e raising ur hand times today studying h french meet requirements allowed eat rt follow added,6/10/2022 8:46,,en,0,0,0,[],[],0,0,,,,,,,,,,,High
332,eat binge eat eat friend notices lose weight binge dont eat almost faint overeat almost get heartbeat friend knows problem asks overeated,6/10/2022 8:45,,en,1,0,0,[],[],0,0,,,,,,,,,,,High
333,theyre convinced ed anorexia anorexics dont eat anything cut conversation short,6/10/2022 8:44,,en,1,0,2,[],[],0,0,,,,,,,,,,,High
334,swear lived alone would best anorexic,6/10/2022 8:44,,en,0,0,3,[],[],0,0,,,,,,,,,,,High
335,edtwt would u starve urself reach ur ugw,6/10/2022 8:43,,en,0,0,1,[],[],0,0,,,,,,,,,,,High
336,guys admit something im strong enough ed tried go anorexic hours ate ice celery quit,6/10/2022 8:40,,en,40,309,1701,[],[],0,1,,,,,,,,,,,High
337,guys three hours since tried going anorexic dont think anymore ive tried ice celery feel faint might give give ask make sandwich,6/10/2022 7:31,,en,0,0,0,[],[],0,0,,,,,,,,,,,High
338,rt reply gc rules anything ig share recipes fast gther ppl bc big gcs scare nice funny edtwt gore,6/10/2022 7:31,,en,0,0,0,[],[],0,0,,,,,,,,,,,High
339,gives tips starve death proana notprojustusingtags thinsp stay safe lovelies,6/10/2022 7:30,,en,0,0,1,[],[],0,0,,,,,,,,,,,High
340,wanna go back ed honeymoon period like bitch shit greatest anorexic,6/10/2022 7:08,,en,0,0,1,[],[],0,0,,,,,,,,,,,High
341,initial hunger gone hrs omg addicting,6/10/2022 7:08,,en,0,0,1,[],[],0,0,,,,,,,,,,,High
342,ed twt gc meanspo asked sweetspo thinspo become friends b supportive share diets fast gether rt join flops u never saw,6/10/2022 7:08,,en,0,0,0,[],[],0,0,,,,,,,,,,,High
343,new hard ed gc weight limit lbs meanspo bonespo deathspo must lose lbs xmas weekly weigh ins body checks group fasts diets u binge get bombarded measpo lt share tips talk ed hard ed soft ed users,6/10/2022 7:08,,en,0,0,0,[],[],0,0,,,,,,,,,,,High
344,today new day cant break fast,6/10/2022 7:07,,en,0,0,1,[],[],0,0,,,,,,,,,,,High
345,tw meanspo word know food fat fucking piece shit isnt like nd meal week like even last hours fast put fucking food go starve pig,6/10/2022 7:00,,en,0,0,0,[],[],0,0,,,,,,,,,,,High
346,ed related discord server thinspo meanspo sweetspo channels share tips diets nd fast together dont need share weight counts body checks ur comfy w strict trying feel less alone rt comment u wna join lt,6/10/2022 7:00,,en,0,0,0,[],[],0,0,,,,,,,,,,,High
347,edtwt user feels like god theyre fasting,6/10/2022 7:00,,en,0,0,0,[],[],0,0,,,,,,,,,,,High
348,ur anorexic whos depressed get exercise,6/10/2022 6:59,,en,0,0,1,[],[],0,0,,,,,,,,,,,High
349,sweetspo dont break fast dont binge bit youll gw food always going ugw eat without guilt finally pretty,6/10/2022 6:59,,en,0,0,0,[],[],0,0,,,,,,,,,,,High
350,edtwt fasting gc lt non edtwt ignore weigh ins weekly mandatory want pls dont competitive toxic safe place thinspo tips meanspo asked fatspo racism homophobia rt join,6/10/2022 6:59,,en,0,0,1,[],[],0,0,,,,,,,,,,,High
351,anyone else anorexic one half body lower half fatty gross muscular top half idc pls also collarbones im like lbs wtf,6/10/2022 6:58,,en,0,0,0,[],[],0,0,,,,,,,,,,,High
352,extremely specific wanna look skinny athleisure,6/10/2022 6:58,,en,0,0,0,[],[],0,0,,,,,,,,,,,High
353,wanna switch account ive twt since like dont feel invalid june account lmao ive disordered since anorexic since im pls stop bullying,6/10/2022 6:58,,en,0,0,1,[],[],0,0,,,,,,,,,,,High
354,ive bed life abusive parents usually conflicts anorexia restrict binge daily ik long streak yesterday second day without binge aiming third day lt,6/10/2022 6:57,,en,0,0,1,[],[],0,0,,,,,,,,,,,High
355,matter reason eating calories still restriction everyone even short people bitch sustainable long run well best anorexic judgmental asshole,6/10/2022 6:57,,en,0,0,1,[],[],0,0,,,,,,,,,,,High
356,new year new ed twt group chat reply rt ed twt gc please weigh ins body checks diets fasts thinspo optional allowed talk anything become really close bullying gore fatspo ignore,6/10/2022 6:56,,en,3,1,4,[],[],0,0,,,,,,,,,,,High
357,im anorexic yes eat nature valley oats n honey granola bars,6/10/2022 6:54,,en,1,0,4,[],[],0,0,,,,,,,,,,,High
358,smthn winter feels anorexic dont,6/10/2022 6:53,,en,0,0,5,[],[],0,0,,,,,,,,,,,High
359,sometimes remember lost pound week pounds skinnier one year dumb anorexic brain says,6/10/2022 6:53,,en,0,0,3,[],[],0,0,,,,,,,,,,,High
360,starting hate bed anorexia time literally want cut fat body sl throat im gonna gain tomorrow progress wont worth nothing even bother trying anymore,6/10/2022 6:51,,en,10,146,763,[],[],0,1,,,,,,,,,,,High
361,day intake burned net,6/10/2022 6:47,,en,0,0,2,[],[],0,0,,,,,,,,,,,High
362,pls tell tf ive stayed weight fucking weeks ive exercising eating cals per day genuine question tw body ish check photo,6/10/2022 6:40,,en,34,160,896,[],[],0,1,,,,,,,,,,,High
363,tw thinspo popped tumblr im lowkey crying cant,6/10/2022 6:38,,en,1,0,1,[],[],0,0,,,,,,,,,,,High
364,fasting tips hide thread,6/10/2022 6:26,,en,1,0,1,[],[],0,0,,,,,,,,,,,High
365,get away eating little helpful things living parent house thread,6/10/2022 6:26,,en,2,0,1,[],[],0,0,,,,,,,,,,,High
366,aight fuck going try fast days swear fail literally k word,6/10/2022 3:03,,en,448,114,1019,[],[],0,1,,,,,,,,,,,High
367,anorexic muslims say anameen,6/10/2022 3:01,,en,0,0,1,[],[],0,0,,,,,,,,,,,High
368,ed group chat rt comment added fast together share diet workout tips send thinspo sweetspo meanspo asked dont let flop,6/9/2022 22:35,,en,28,61,538,[],[],0,1,,,,,,,,,,,High
369,seen ppl fast literally days meanwhile even fast hours wtf,6/9/2022 19:30,,en,1,0,2,[],[],0,0,,,,,,,,,,,High
370,levels except physical im anorexic,6/9/2022 19:29,,en,0,0,2,[],[],0,0,,,,,,,,,,,High
371,bulimia smell feeling process gross awful addictive dont dignity left nothing gross,6/9/2022 19:11,,en,0,0,1,[],[],0,0,,,,,,,,,,,High
372,toxic ed gc ages meanspo fatspo allowed skinny tips tricks appreciated stay active fasting together sharing diets excersies weekly weigh ins body checks lets try kpop diets workouts together fatphobic ofc lt reply join,6/9/2022 19:08,,en,0,0,0,[],[],0,0,,,,,,,,,,,High
373,becoming skinny completely starve simple,6/9/2022 19:07,,en,0,1,1,[],[],0,0,,,,,,,,,,,High
374,bigger people next skinny skinnier people,6/9/2022 19:04,,en,0,0,0,[],[],0,0,,,,,,,,,,,High
375,give fast yet imagine pretty look feel reach ugw drink coffee keep going gonna look gorgeous skirt get thigh gap feel thin light like feather,6/9/2022 19:04,,en,0,0,1,[],[],0,0,,,,,,,,,,,High
376,bite sit ups bite sit ups bite sit ups bite goes straight thighs need better happy never starve maybe youll feel somethin,6/9/2022 19:03,,en,0,1,3,[],[],0,0,,,,,,,,,,,High
377,edtwt gc rules spos allowed gore sh group diets fasts body checks comfy lt reply rt join toxic weekly weigh ins comfy dms open,6/9/2022 19:03,,en,0,0,0,[],[],0,0,,,,,,,,,,,High
378,edtwt gc cw lbs kgs gw lbs kgs competition see gets gw first fast diet together post thinspo accountability weekly weigh body checks share tips etc rt like reply,6/9/2022 19:03,,en,0,0,1,[],[],0,0,,,,,,,,,,,High
379,edtwt gc cw lbs kgs gw lbs kgs competition see gets gw first fast diet together post thinspo accountability weekly weigh body checks share tips etc rt reply added,6/9/2022 19:02,,en,0,0,0,[],[],0,0,,,,,,,,,,,High
380,fasting accountability thread five days im forced eat,6/9/2022 19:01,,en,0,0,1,[],[],0,0,,,,,,,,,,,High
381,got idea making gc cw lbs kgs gw lbs kgs sorta competition see reaches gw first fast diet together post thinspo share tips etc rt like reply,6/9/2022 19:01,,en,0,0,0,[],[],0,0,,,,,,,,,,,High
382,halloween weight loss gc weekly checks much lost ends halloween tips help fast weight loss group fasts diets dms open retweet join,6/9/2022 19:01,,en,1,0,4,[],[],0,0,,,,,,,,,,,High
383,holding accountable going lose fucking weight starve punish need skinny join journey losing lbs wish luck give tips motivation,6/9/2022 18:58,,en,1,1,2,[],[],0,0,,,,,,,,,,,High
384,hunger games gc longest person fast wins must ed years old loving kind share fasting advices ia kick retweet follow added,6/9/2022 18:57,,en,12,215,1260,[],[],0,1,,,,,,,,,,,High
385,jus ate damn meal kill im fucking fatt hate much goes day w food eats lose weight risk meal wasnt even good im jus fat worthless ugly miserable im tired shit,6/9/2022 18:36,,en,0,0,1,[],[],0,0,,,,,,,,,,,High
386,im fasting today im going thin im going lose lbs im going lose lbs im going lose lbs see collarbones soon see collarbones soon see collarbones soon beautiful,6/9/2022 18:36,,en,0,0,0,[],[],0,0,,,,,,,,,,,High
387,wanna wear cute outfits like starve lt,6/9/2022 18:35,,en,0,0,0,[],[],0,0,,,,,,,,,,,High
388,okay hard gc time rt get hard edtwt im talking june july gore sh allowed fast diets together inactives get kicked weekly weight ins optional meanspo based racists trans homophobes arent allowed funny smh,6/9/2022 18:35,,en,0,0,1,[],[],0,0,,,,,,,,,,,High
389,reminders start fasts drink water stretch need anymore food exercise fingers crossed wake lb lighter tomorrow,6/9/2022 18:35,,en,0,0,1,[],[],0,0,,,,,,,,,,,High
390,since halloween one full making another gc weightloss proana weekly check ins need share info tips tricks everyone group fasts diets measpo sweetspo retweet join,6/9/2022 18:35,,en,0,0,1,[],[],0,0,,,,,,,,,,,High
391,ended fast hungry pretty people get hungry know means,6/9/2022 18:34,,en,1,0,4,[],[],0,0,,,,,,,,,,,High
392,edtwt one cant fast binge restricting,6/9/2022 18:04,,en,6,101,652,[],[],0,1,,,,,,,,,,,High
393,dont want anorexic want help dont wanna quit weightloss,6/9/2022 17:47,,en,0,0,1,[],[],0,0,,,,,,,,,,,High
394,ok like kinda bold might make gc age sweetspo meanspo thinspo fatspo gore fasting restricting send total calories weight ur comfortable become skinnies together retweet comment,6/9/2022 17:46,,en,0,0,1,[],[],0,0,,,,,,,,,,,High
395,rt join hard ed gc meanspo thinspo whatever pro ana lol dont let die competitive fasting circles join ur fat,6/9/2022 17:45,,en,0,0,1,[],[],0,0,,,,,,,,,,,High
396,miss skinny omfg drop lbs asap,6/9/2022 17:44,,en,0,0,1,[],[],0,0,,,,,,,,,,,High
397,restricted day yesterday felt fine woke morning literally blacked lost vision couldnt stop sweating shaking thought going die happened anyone else,6/9/2022 17:43,,en,0,0,1,[],[],0,0,,,,,,,,,,,High
398,think eggs breakfast eggs apple lunch oatmeal fruits dinner taken green tea ill skipping breakfast changing dinner throughout days,6/9/2022 17:42,,en,0,0,0,[],[],0,0,,,,,,,,,,,High
399,days n hr fast accountability thread im basically keep check ive trying surpass days least cant ever im tired feeling discouraged im hoping thread venting bit would help lol,6/9/2022 17:42,,en,0,0,1,[],[],0,0,,,,,,,,,,,High
400,fasting till beginning march starting meal plan,6/9/2022 17:42,,en,0,0,1,[],[],0,0,,,,,,,,,,,High
401,im fasting days hrs count days,6/9/2022 17:41,,en,0,0,0,[],[],0,0,,,,,,,,,,,High
402,might end fast feel horrible,6/9/2022 17:41,,en,0,0,0,[],[],0,0,,,,,,,,,,,High
403,ended fast felt binge coming tried eat small portions whatever craving im good,6/9/2022 17:41,,en,0,0,1,[],[],0,0,,,,,,,,,,,High
404,definitely self harmed bad wouldve liked also scared bc relapse lol,6/9/2022 17:40,,en,0,0,1,[],[],0,0,,,,,,,,,,,High
405,eds scam like u dont even always get skinnier miserable,6/9/2022 17:39,,en,1,0,2,[],[],0,0,,,,,,,,,,,High
406,need skinny boobs disappear,6/9/2022 17:39,,en,1,0,1,[],[],0,0,,,,,,,,,,,High
407,stage restrict unless friends invite hang go lunch try fun beat later night allowing eat much,6/9/2022 15:30,,en,0,0,1,[],[],0,0,,,,,,,,,,,High
408,doesnt matter dont think wrong literally wrong lol fact trumps opinion anorexia mental illness physical one doesnt matter size behavior makes anorexic,6/9/2022 15:29,,en,0,0,1,[],[],0,0,,,,,,,,,,,High
409,literally saying overweight people cant anorexic despite true judging stats bio nearly bad judgmental wtf admit wrong instead trying deflect blame lmao,6/9/2022 15:29,,en,1,0,4,[],[],0,0,,,,,,,,,,,High
410,anorexia doesnt look anorexia doesnt look anorexia doesnt look anorexia doesnt look anorexia doesnt look anorexia doesnt look anorexia doesnt look anorexia doesnt look anorexia doesnt look anorexia doesnt look,6/9/2022 15:28,,en,1,0,2,[],[],0,0,,,,,,,,,,,High
411,anorexia easiest thing self diagnose theres confusing anything else hate eating might ed bro,6/9/2022 15:28,,en,0,0,1,[],[],0,0,,,,,,,,,,,High
412,anorexia isnt sexy wont ooze sex appeal lbs youll fucking oozing ur organs bc theyll eating wont pretty dainty babie girl floats walks ur gonna walk wont able walk hair wont thick long,6/9/2022 15:28,,en,0,0,0,[],[],0,0,,,,,,,,,,,High
413,behaviors everyone around hell mom went eating much super triggered bc eating less cal day flooded kind messages parts community toxic usually call even report,6/9/2022 15:27,,en,0,0,1,[],[],0,0,,,,,,,,,,,High
414,careful handle exposing minors harassment anything exposing anorexic people dont know theres community proana content lt ur videos please careful,6/9/2022 15:27,,en,0,0,1,[],[],0,0,,,,,,,,,,,High
415,careful handle exposing minors harassment anything exposing anorexic people dont know theres community proana content lt ur videos please careful,6/9/2022 15:27,,en,1,0,0,[],[],0,0,,,,,,,,,,,High
416,ed twt skinny girls show skinny bitch omg shes definitely anorexic shes trying trigger problematic ed twt curvy girls show curvy omg shes gorgeous beautiful confident im prouud,6/9/2022 15:26,,en,67,355,2688,[],[],0,1,,,,,,,,,,,High
417,groups proanas coaches influence space someone got edtwt get triggered starve literally complete opposite happened lifted told didnt need starve loved body loveable hope,6/9/2022 15:08,,en,0,0,3,[],[],0,0,,,,,,,,,,,High
418,groups proanas coaches influence space someone got edtwt get triggered starve literally complete opposite happened lifted told didnt need starve loved body loveable hope,6/9/2022 14:29,,en,0,0,1,[],[],0,0,,,,,,,,,,,High
419,got blocked saying underweight person say anorexia nervosa everytime talk abt ed overweight person say atypical anorexia everytime talk abt nope anorexia generalization types fuck u,6/9/2022 14:28,,en,1,0,2,[],[],0,0,,,,,,,,,,,High
420,watched bone trailer im happy say im longer anorexic cured doctor keanu reeves,6/9/2022 14:27,,en,1,0,0,[],[],0,0,,,,,,,,,,,High
421,wish society would find something normalizing anorexic behaviors acting like theres correlation health weight,6/9/2022 14:23,,en,1,0,3,[],[],0,0,,,,,,,,,,,High
422,im afraid announce longer anorexic im depressed sister forgot get chicken nuggets,6/9/2022 14:22,,en,19,55,270,[],[],0,1,,,,,,,,,,,High
423,maureen back ed twt real question shes still anorexia,6/9/2022 14:09,,en,0,0,0,[],[],0,0,,,,,,,,,,,High
424,frap cals mom drink internally sobs anorexic,6/9/2022 14:08,,en,0,0,0,[],[],0,0,,,,,,,,,,,High
425,please dont tell people binging okay thing telling someone anorexic okay eat eating doesnt make okay unhealthy way instead remind,6/9/2022 14:08,,en,1,0,0,[],[],0,0,,,,,,,,,,,High
426,tbh lot differences anorexic squip,6/9/2022 14:08,,en,0,0,1,[],[],0,0,,,,,,,,,,,High
427,disorder kickin might fuck around join proana group chat shamed starving skinny,6/9/2022 14:07,,en,0,0,1,[],[],0,0,,,,,,,,,,,High
428,eds r literally disgusting threw hallway school,6/9/2022 14:07,,en,0,0,1,[],[],0,0,,,,,,,,,,,High
429,people eds afraid gain weight understand someone confident body fat one comment taken context make starve become anorexic,6/9/2022 14:06,,en,35,192,1390,[],[],0,1,,,,,,,,,,,High
430,everyone bed fat rude assume eds look skinny binge eating disorder overweight anorexic fully assumed people bed fat,6/9/2022 13:37,,en,0,0,1,[],[],0,0,,,,,,,,,,,High
431,reading one tweet wasnt directed wont suddenly make become anorexic one tweet make develop ed bea clarified abuser shouldnt justify choices dont owe explanation gave one anyway,6/9/2022 13:35,,en,0,0,2,[],[],0,0,,,,,,,,,,,High
432,ednos mix eds person may binge restrict purge cycles hard lose weight way invalidating say ednos means dont fit standard one ed probably means mix sort,6/9/2022 13:32,,en,0,0,1,[],[],0,0,,,,,,,,,,,High
433,okay good want best anorexic award obviously topic conversation commented something completely irrelevant,6/9/2022 13:30,,en,0,0,1,[],[],0,0,,,,,,,,,,,High
434,short thread bonespo makes want starve cry,6/9/2022 13:30,,en,0,0,1,[],[],0,0,,,,,,,,,,,High
435,alright games ready best anorexic,6/9/2022 13:30,,en,1,0,1,[],[],0,0,,,,,,,,,,,High
436,rt hour fasting promise wont quit,6/9/2022 13:29,,en,0,0,1,[],[],0,0,,,,,,,,,,,High
437,manage anorexia honour roll ib student,6/9/2022 13:28,,en,1,0,1,[],[],0,0,,,,,,,,,,,High
438,went hospital today endocrine check doctor like dont exercise try lose weight dont want become exercise bulimic dont want losing weight cause mental illness issues said bc found went inpatient,6/9/2022 13:27,,en,0,0,3,[],[],0,0,,,,,,,,,,,High
439,ok guys last time made edtwt meanspo group chats became really soft fast offense everyone ive met bc love rt added mean ass toxic group chat finna bully lose disgusting weight,6/9/2022 13:26,,en,0,0,1,[],[],0,0,,,,,,,,,,,High
440,okay serious question anyone binge go grocery shopping like theres much new food eat want try like ive excitement remembering tasted like worst anorexic,6/9/2022 9:42,,en,29,325,1676,[],[],0,1,,,,,,,,,,,High
441,people complaining big account dumb edtwt gonna like starve bby tweet like fucking gospel everyone posts shit dude,6/9/2022 9:20,,en,0,0,1,[],[],0,0,,,,,,,,,,,High
442,anorexia doesnt start bmi starts moment youre starving lose weight stop acting like magically become anorexic become underweight youre sick way weight criteria huge bullshit questioned doctors,6/9/2022 9:20,,en,0,0,0,[],[],0,0,,,,,,,,,,,High
443,anyone want try hour fast im gonna liquids water small amount juice coffee maybe try blending fruits veggies ice water,6/9/2022 9:20,,en,0,0,2,[],[],0,0,,,,,,,,,,,High
444,cant lose weight sides lower back guess could call love handles even lowest weight underweight still back fat lmao hate,6/9/2022 8:54,,en,1,3,29,[],[],0,1,,,,,,,,,,,High
445,nah fuck anorexia making math fucking time im tired math fuck math,6/9/2022 8:37,,en,1,0,2,[],[],0,0,,,,,,,,,,,High
446,rt yall want anorexia ed playlist listen im crying fasting restricting going forced recovery,6/9/2022 7:48,,en,0,0,1,[],[],0,0,,,,,,,,,,,High
447,yes meals day snack still anorexic hot news,6/9/2022 7:48,,en,0,0,1,[],[],0,0,,,,,,,,,,,High
448,bulimia nervosa eating disorder people engage activities self induced vomiting compulsive exercise laxative diuretic abuse binge consuming excessive amounts food one time,6/9/2022 7:47,,en,1,0,1,[],[],0,0,,,,,,,,,,,High
449,ugh know ive read cause anorexia thing,6/9/2022 7:47,,en,1,0,1,[],[],0,0,,,,,,,,,,,High
450,binges like restriction ewually bad body,6/9/2022 7:08,,en,0,0,1,[],[],0,0,,,,,,,,,,,High
451,oh like starve name every anorexic,6/9/2022 7:08,,en,0,0,0,[],[],0,0,,,,,,,,,,,High
452,people eating disorders brag irls survive gum coffee always mfs skip breakfast say shit,6/9/2022 7:07,,en,0,0,1,[],[],0,0,,,,,,,,,,,High
453,heyy im new edtwt im need friends mutuals rt im pro ana binging starving lets encourage eachother share tips also love meanspo,6/9/2022 7:07,,en,0,0,1,[],[],0,0,,,,,,,,,,,High
454,please everyone send meanspo really need motivation fast rn,6/9/2022 7:07,,en,1,0,1,[],[],0,0,,,,,,,,,,,High
455,binging recovery novel worst anorexic,6/9/2022 7:06,,en,0,0,1,[],[],0,0,,,,,,,,,,,High
456,need fasting buddy like small group people fast days workouts similar cal limits usual cal limit rt ur interested,6/9/2022 7:06,,en,1,0,0,[],[],0,0,,,,,,,,,,,High
457,rt interact join gc sweetspo thinspo safe place vent get advice ur ed optional group fasts optional body checks let friends lt,6/9/2022 7:06,,en,1,0,1,[],[],0,0,,,,,,,,,,,High
458,tips fasting thread,6/9/2022 7:05,,en,0,0,1,[],[],0,0,,,,,,,,,,,High
459,hard ed twt gc might flop group fasting accountability thinspo meanspo allowed pls join triggered serious participants may kicked inactive absolutely bodychecks required rt join,6/9/2022 7:05,,en,0,0,0,[],[],0,0,,,,,,,,,,,High
460,omfg pls help mom gonna take restraunt today im supposed water fasting wtf,6/9/2022 7:05,,en,0,0,1,[],[],0,0,,,,,,,,,,,High
461,made discord server sharing meanspo thinspo rants fasting together sending safe foods meal logs exercise channel rt yall would join cuz wanna know itll flop,6/9/2022 7:05,,en,1,0,1,[],[],0,0,,,,,,,,,,,High
462,cw meanspo bitches saying im fat maybe didnt ate like pig break fast fat disgusting shut fuck,6/9/2022 7:04,,en,0,0,1,[],[],0,0,,,,,,,,,,,High
463,know hella dead swear actually alive worst anorexic prolly get back soon weight lose short time restriction,6/9/2022 7:04,,en,0,0,1,[],[],0,0,,,,,,,,,,,High
464,new edtwt anorexic ugw lbs rt help find friends,6/9/2022 7:04,,en,1,0,1,[],[],0,0,,,,,,,,,,,High
465,next gw currently worst anorexic,6/9/2022 7:03,,en,1,0,1,[],[],0,0,,,,,,,,,,,High
466,look healthy dont worry dont look anorexic,6/9/2022 7:03,,en,38,103,775,[],[],0,0,,,,,,,,,,,High
467,bulimia years yet,6/9/2022 3:35,,en,2,0,2,[],[],0,0,,,,,,,,,,,High
468,feel disgusting guilty always one major causes end binge eating,6/9/2022 3:35,,en,0,0,1,[],[],0,0,,,,,,,,,,,High
469,school coming back next month seems like good time starving,6/9/2022 3:34,,en,0,0,0,[],[],0,0,,,,,,,,,,,High
470,side view day fast,6/9/2022 3:34,,en,0,0,1,[],[],0,0,,,,,,,,,,,High
471,basics weight loss thread,6/9/2022 3:34,,en,0,0,2,[],[],0,0,,,,,,,,,,,High
472,tips fasting,6/9/2022 3:33,,en,0,0,0,[],[],0,0,,,,,,,,,,,High
473,better lose sum today ,6/9/2022 3:33,,en,0,0,1,[],[],0,0,,,,,,,,,,,High
474,lost kg one month rts appreciated massive tw eds edtwt dni pro,6/9/2022 3:33,,en,0,0,0,[],[],0,0,,,,,,,,,,,High
475,reasons starve,6/9/2022 3:33,,en,0,0,0,[],[],0,0,,,,,,,,,,,High
476,hahaha yeah appetite sure hard manage ive restricting like past month thats fairly easy im like medication,6/9/2022 3:32,,en,0,0,1,[],[],0,0,,,,,,,,,,,High
477,im duromine atm appetite hunger like feeling forcing eat making wanna pass away,6/9/2022 3:32,,en,0,0,2,[],[],0,0,,,,,,,,,,,High
478,im honestly annoyed doctors sets people dollar per month medication weight loss doesnt teach duck actually lose weight theyre wasting money losing kg per month medication like could anyway,6/9/2022 3:32,,en,1,1,0,[],[],0,0,,,,,,,,,,,High
479,day really unmotivated today much uni let hook ate standard small dance workout let today slide heightened anxiety gone thats good loss kg,6/9/2022 3:31,,en,0,0,1,[],[],0,0,,,,,,,,,,,High
480,january fast completed fast ended pm pm mini pies made normt able sleep total today,6/9/2022 3:30,,en,0,0,0,[],[],0,0,,,,,,,,,,,High
481,edtwt gc diet fast together wanted vent get rlly close gna small gc everything fatspo gore ed sh silly u ed ill add thread need rt interact added,6/9/2022 3:30,,en,0,0,2,[],[],0,0,,,,,,,,,,,High
482,im new edtwt idk need tips lose weight socal sure weight cant check atm retweet moots also dm wanna need friends tips lose weight easy lt,6/9/2022 3:30,,en,0,0,0,[],[],0,0,,,,,,,,,,,High
483,bulimics purge food anorexics restrict calories low amount people bed binge people ednos,6/9/2022 3:29,,en,1,0,1,[],[],0,0,,,,,,,,,,,High
484,made pizza cals slice best anorexic,6/9/2022 3:28,,en,0,0,0,[],[],0,0,,,,,,,,,,,High
485,im worst anorexic hair much im tired girl,6/9/2022 3:28,,en,0,0,0,[],[],0,0,,,,,,,,,,,High
486,r u meals day healthy foods anorexic u waste ur calories one unhealthy ass meal anorexic,6/9/2022 3:28,,en,0,0,1,[],[],0,0,,,,,,,,,,,High
487,tw bulimia vomiting etc happens bulimic two years thread,6/9/2022 3:27,,en,0,0,0,[],[],0,0,,,,,,,,,,,High
488,best anorexic alert,6/9/2022 3:27,,en,0,0,1,[],[],0,0,,,,,,,,,,,High
489,id actually best anorexic without,6/9/2022 3:27,,en,0,0,1,[],[],0,0,,,,,,,,,,,High
490,id actually best anorexic gum illegal shit country,6/9/2022 3:26,,en,1,0,4,[],[],0,0,,,,,,,,,,,High
491,anorexic enjoy baking,6/9/2022 3:25,,en,0,0,1,[],[],0,0,,,,,,,,,,,High
492,bestie lives overseas mailing chewing gum plz fucking finally live singapore gum illegal finally best anorexic,6/9/2022 3:25,,en,0,0,0,[],[],0,0,,,,,,,,,,,High
493,b anorexia spells best anorexic,6/9/2022 3:25,,en,0,0,1,[],[],0,0,,,,,,,,,,,High
494,worst anorexic thingsz,6/9/2022 3:24,,en,0,0,2,[],[],0,0,,,,,,,,,,,High
495,yes like mum better anorexic audacity smh,6/9/2022 3:24,,en,0,0,2,[],[],0,0,,,,,,,,,,,High
496,yes like mum better anorexic smh audacity,6/9/2022 3:24,,en,1,0,1,[],[],0,0,,,,,,,,,,,High
497,hey guys reminder anorexic skinny,6/9/2022 3:23,,en,1,0,1,[],[],0,0,,,,,,,,,,,High
498,know edtwt everyone talking abt water fasting bmis innocent life gna taken away something needs done,6/9/2022 3:05,,en,536,387,2303,[],[],0,1,,,,,,,,,,,High
499,okay wanna make diet buddy edtwt groupchat pro long want actively diet together lose weight rt comment join please,6/9/2022 2:47,,en,17,313,1671,[],[],0,1,,,,,,,,,,,High
500,life app watching come back hrs minutes end supposed hr fast,6/8/2022 21:54,,en,24,52,417,[],[],0,1,,,,,,,,,,,High
501,quit fat bitch youre fucking failure hard work undone useless fat ass starve,6/8/2022 20:14,,en,1,0,6,[],[],0,0,,,,,,,,,,,High
502,gc edtwt ed lt comment age name pronouns cw gw active bodychecks fasting thinspos meanspos threads u wanna recovery dont join dont ssh le join retweet,6/8/2022 20:13,,en,0,0,4,[],[],0,0,,,,,,,,,,,High
503,think quit school focus anorexia,6/8/2022 20:13,,en,1,0,8,[],[],0,0,,,,,,,,,,,High
504,id b much thinner meanspo wasnt u fat pig grr starve like cant take seriously,6/8/2022 19:04,,en,0,0,1,[],[],0,0,,,,,,,,,,,High
505,sorry laughing become anorexic lmfaoo yeah chose starve,6/8/2022 19:03,,en,0,0,1,[],[],0,0,,,,,,,,,,,High
506,bruh girl talking eds shes highkey glorifying saying anorexic shes like happy forgot called like starts,6/8/2022 19:03,,en,0,0,1,[],[],0,0,,,,,,,,,,,High
507,like binge eating bulimia eating disorders like anorexia would never tell someone youre proud starving would okay encourage someone binge stop saying binging okay really,6/8/2022 19:02,,en,0,1,1,[],[],0,0,,,,,,,,,,,High
508,u kno u love xoxo anorexic dropout,6/8/2022 19:02,,en,1,0,1,[],[],0,0,,,,,,,,,,,High
509,eating disorder devolved last year march got diagnosed atypical anorexia knows might change finally become underweight im treatment right im really trying recover,6/8/2022 19:01,,en,0,0,3,[],[],0,0,,,,,,,,,,,High
510,saw random girl city today like perfect extremely skinny long brown hair curls idk def looked anorexic maybe shouldnt praise sm triggered hell,6/8/2022 19:00,,en,0,0,0,[],[],0,0,,,,,,,,,,,High
511,color scale really ugly tho lime green cheaper might anorexic im also broke,6/8/2022 18:59,,en,1,0,1,[],[],0,0,,,,,,,,,,,High
512,im anorexic okay idc hand write gonna send ass nah,6/8/2022 18:59,,en,0,0,1,[],[],0,0,,,,,,,,,,,High
513,still takes control lose weight regardless ed calories dont suddenly disappear im anorexic moot went lbs around ed doesnt make accomplishment easy litterally hell,6/8/2022 18:58,,en,0,0,1,[],[],0,0,,,,,,,,,,,High
514,anorexia sufferers bed sufferers told eat less,6/8/2022 18:58,,en,1,0,3,[],[],0,0,,,,,,,,,,,High
515,mean want look like girl video sure bonespo call thinspo since lot skinnier,6/8/2022 18:57,,en,0,0,1,[],[],0,0,,,,,,,,,,,High
516,lw lbs oz born smiling face heart eyes best anorexic,6/8/2022 18:57,,en,0,0,0,[],[],0,0,,,,,,,,,,,High
517,homer simpson ass anorexic hairs,6/8/2022 18:56,,en,0,0,1,[],[],0,0,,,,,,,,,,,High
518,im defending bc know believe siding aggressors fucking stupid sure joke something anorexic worrying starving death yells troll like said idk place decide,6/8/2022 18:56,,en,0,1,6,[],[],0,0,,,,,,,,,,,High
519,im anorexic dipshit use kitchen lrss shower,6/8/2022 18:55,,en,0,0,0,[],[],0,0,,,,,,,,,,,High
520,honestly think think mean gonna make better anorexic like dont burn calories bully go run something,6/8/2022 18:55,,en,0,0,1,[],[],0,0,,,,,,,,,,,High
521,lax bulimia make aesthetic,6/8/2022 18:54,,en,0,0,0,[],[],0,0,,,,,,,,,,,High
522,saw self care thread like baths candles soft pajamas hoe anorexia thing makes happy watching die,6/8/2022 18:54,,en,0,0,1,[],[],0,0,,,,,,,,,,,High
523,exp almost impossible maintain w bulimia least bc soon u purge u binge n emotional urge still u id honestly b p times day bc soon done purging id go right back binging,6/8/2022 18:54,,en,0,0,2,[],[],0,0,,,,,,,,,,,High
524,im crying severely underweight bmi already anorexia comment makes feel fat idk im ever gonna recover,6/8/2022 18:54,,en,0,0,0,[],[],0,0,,,,,,,,,,,High
525,ed twt whats cringe thing u newbie ill start lit googled go get anorexic voice ur head kid bc mainstream media,6/8/2022 18:52,,en,0,0,1,[],[],0,0,,,,,,,,,,,High
526,another fatty apple triggering innocent anorexic,6/8/2022 18:52,,en,1,0,3,[],[],0,0,,,,,,,,,,,High
527,broke makes anorexia much harder easier like lol wanna binge psych cunt cant even afford tax food jacking tap water free,6/8/2022 18:51,,en,0,0,1,[],[],0,0,,,,,,,,,,,High
528,edtwt crazy bro u could talking vibin starving,6/8/2022 18:50,,en,0,0,0,[],[],0,0,,,,,,,,,,,High
529,fats complain abt representation anorexic ive never seen someone bmi tv dont fit bc know size isnt healthy theyre convinced bmi oppressive healthy one wants idolise healthy person harming,6/8/2022 18:50,,en,1,1,0,[],[],0,0,,,,,,,,,,,High
530,hi eugenia anorexic anorexic ed twitter litterally pro ana thats minor body checking merch theres way dont know pro ana community see shit know,6/8/2022 18:50,,en,0,0,3,[],[],0,0,,,,,,,,,,,High
531,havent restricting fasting couple days anyway im fasting,6/8/2022 18:49,,en,1,0,8,[],[],0,0,,,,,,,,,,,High
532,wanted share years petrified asking help would mean tube inpatient loss control traumatised hospital anorexia convinced cant get help case im forced recover infact getting help,6/8/2022 18:48,,en,0,0,1,[],[],0,0,,,,,,,,,,,High
533,mom came thru room asking im anorexic bitch im american kinda dumb question,6/8/2022 18:47,,en,0,0,1,[],[],0,0,,,,,,,,,,,High
534,ok thinking lets starve die least pass ed wards hospitals overflowed edtwt find ur oomfs moots ward boom edtwt party,6/8/2022 18:47,,en,0,0,0,[],[],0,0,,,,,,,,,,,High
535,confusing n makes feel like ed gender invalid jdk makes sense bc im high feel like wrong kind anorexic wrong kind enbie even though factually know thats nkt true feel n sucks,6/8/2022 18:46,,en,0,0,1,[],[],0,0,,,,,,,,,,,High
536,theyre face timing talk abt put bar cereal next offhandedly mention snack breakfast omad anorexic problems anorexic solutions,6/8/2022 18:46,,en,0,0,0,[],[],0,0,,,,,,,,,,,High
537,taken hydr xycut amaz n thanks hyper focus found key ingredients less money anorexic problems require anorexic solutions,6/8/2022 18:46,,en,0,0,0,[],[],0,0,,,,,,,,,,,High
538,year old man dms teenage girls encourages starve yeah theres something happening every day edtwt guy followers people address please,6/8/2022 18:45,,en,0,0,1,[],[],0,0,,,,,,,,,,,High
539,locals found facespo means facial th nspo ideal face general faces best faces anorexic envy hope clears things though still recognise huge fault things,6/8/2022 18:44,,en,0,0,0,[],[],0,0,,,,,,,,,,,High
540,tw bones get ur ugw ana gives shirt tells u ur best anorexic uwu,6/8/2022 18:44,,en,0,0,0,[],[],0,0,,,,,,,,,,,High
541,tw bonespo reminder starve,6/8/2022 18:39,,en,0,0,2,[],[],0,0,,,,,,,,,,,High
542,tw sabotaged recovery want best recovered anorexic eating day mentally recovering continuing lose,6/8/2022 18:39,,en,0,0,1,[],[],0,0,,,,,,,,,,,High
543,two genders alcoholic anorexic,6/8/2022 18:39,,en,0,0,1,[],[],0,0,,,,,,,,,,,High
544,weird anorexic thing one seems ever talk shaving armpits like hard concave gotta use ur imagination n hope best,6/8/2022 18:38,,en,0,0,1,[],[],0,0,,,,,,,,,,,High
545,worked reduce binge purge cycles disclaimer may easier anorexic others wont work everyone sorry saying cure,6/8/2022 18:38,,en,0,0,0,[],[],0,0,,,,,,,,,,,High
546,anorexia good idea honest autofill anorexia,6/8/2022 18:37,,en,0,0,1,[],[],0,0,,,,,,,,,,,High
547,best low cal foods help prevent charley horses tomato potassium apparently need magnesium well foods scary,6/8/2022 18:37,,en,1,0,2,[],[],0,0,,,,,,,,,,,High
548,first time seeing mom year stay skinny gave eating disorder years ago actually said walk lot,6/8/2022 18:37,,en,0,0,0,[],[],0,0,,,,,,,,,,,High
549,competitive ed gc people max proana encourage lose weight daily meanspo thinspo daily weigh weekly bmi report ranking system lower bmi points rt join,6/8/2022 18:37,,en,0,0,0,[],[],0,0,,,,,,,,,,,High
550,new ed twt cm ugw kg thinspo meanspo interact lt want fasting buddies hmu start rt like mutuals,6/8/2022 18:36,,en,0,0,0,[],[],0,0,,,,,,,,,,,High
551,making gc flopped rules age etc sending thinspo fasting together body checks allowed advices soft hard edtwt welcome,6/8/2022 18:34,,en,0,0,1,[],[],0,0,,,,,,,,,,,High
552,omg become anorexic quotes plug edtwt,6/8/2022 18:34,,en,0,0,1,[],[],0,0,,,,,,,,,,,High
553,locals ex anorexics listing infertility ugliest downside anorexia baby thats perk fuck kids,6/8/2022 18:33,,en,0,0,3,[],[],0,0,,,,,,,,,,,High
554,fuck ppl edtwt actually care follower ratios starve complain starving,6/8/2022 18:20,,en,1,0,1,[],[],0,0,,,,,,,,,,,High
555,two weeks ago birthday ok im gonna fast restrict im skinny birthday birthday weighing five pounds,6/8/2022 18:20,,en,0,0,2,[],[],0,0,,,,,,,,,,,High
556,hours fast go,6/8/2022 18:19,,en,0,0,0,[],[],0,0,,,,,,,,,,,High
557,anyone know day binging lol last night didnt purge first time long time bodys expecting fed wanna fast like really hard reason tips,6/8/2022 18:19,,en,0,0,1,[],[],0,0,,,,,,,,,,,High
558,bulimic fail anorexic,6/8/2022 18:18,,en,0,0,1,[],[],0,0,,,,,,,,,,,High
559,yall eat breakfast even wake late cut,6/8/2022 18:18,,en,0,0,0,[],[],0,0,,,,,,,,,,,High
560,eating breakfast really help guys binge,6/8/2022 18:17,,en,0,0,1,[],[],0,0,,,,,,,,,,,High
561,eat breakfast even tho lot cals still feel like failure,6/8/2022 18:16,,en,0,0,0,[],[],0,0,,,,,,,,,,,High
562,havent fasted long awhile give tips please,6/8/2022 18:16,,en,0,0,1,[],[],0,0,,,,,,,,,,,High
563,start restricting binge,6/8/2022 18:15,,en,0,0,1,[],[],0,0,,,,,,,,,,,High
564,fuck anorexic fat shit dont add,6/8/2022 18:06,,en,0,0,1,[],[],0,0,,,,,,,,,,,High
565,oatmeal w almond milk frozen fruit breakfast,6/8/2022 18:01,,en,27,122,948,[],[],0,1,,,,,,,,,,,High
566,im bulimic btw say,6/8/2022 16:49,,en,0,0,2,[],[],0,0,,,,,,,,,,,High
567,like five pm eat fast rest day cus thing ive eaten honey green tea,6/8/2022 16:45,,en,0,0,1,[],[],0,0,,,,,,,,,,,High
568,look fat dont dare eat chips dont dare eat need fast fast days need youre gross would ever want seen someone like fast eat dont dare pick put go workout,6/8/2022 16:41,,en,2,0,4,[],[],0,0,,,,,,,,,,,High
569,okay please reply best thinspo best thinspo mean thigh gaps hip bones ribs please might break fast,6/8/2022 16:34,,en,23,81,640,[],[],0,1,,,,,,,,,,,High
570,reminder break fast another fatspo bc,6/8/2022 16:08,,en,0,0,0,[],[],0,0,,,,,,,,,,,High
571,today okay ig broke fast eat dinner family chinese honestly super nice eat w im starting new fast since im going shopping soon wanna skinny ier,6/8/2022 16:03,,en,0,0,1,[],[],0,0,,,,,,,,,,,High
572,starting diet morning ill update guys much lose im day fasting pretty easy lt,6/8/2022 16:03,,en,0,0,1,[],[],0,0,,,,,,,,,,,High
573,weight fast pounds weight first day fast pounds,6/8/2022 16:03,,en,0,0,1,[],[],0,0,,,,,,,,,,,High
574,yrs old encouraging minors starve rly ugly behaviour,6/8/2022 16:03,,en,0,0,1,[],[],0,0,,,,,,,,,,,High
575,hi im stereotypical anorexic today lt,6/8/2022 16:02,,en,0,0,1,[],[],0,0,,,,,,,,,,,High
576,able sleep worst part eating disorders,6/8/2022 14:19,,en,0,0,0,[],[],0,0,,,,,,,,,,,High
577,anorexia isnt eating disorder btw,6/8/2022 14:19,,en,1,0,1,[],[],0,0,,,,,,,,,,,High
578,ew im worst anorexic woman standing light skin tone selector woman standing light skin tone selector woman standing light skin tone selector,6/8/2022 14:18,,en,0,0,1,[],[],0,0,,,,,,,,,,,High
579,im anorexic would able binges,6/8/2022 14:18,,en,0,0,1,[],[],0,0,,,,,,,,,,,High
580,ex boyfreidm middle school proana discord msged said hey still anorexia wondering cause u join kink server basically coach get pleasure get skinny hahah,6/8/2022 14:18,,en,0,0,0,[],[],0,0,,,,,,,,,,,High
581,literally claims ed getting full fast gives food dog thinks thats anorexia,6/8/2022 14:17,,en,0,0,1,[],[],0,0,,,,,,,,,,,High
582,tall girls edtwt b like starves self get thinner feel small protected order compensate feels much height,6/8/2022 14:17,,en,0,0,1,[],[],0,0,,,,,,,,,,,High
583,uhmm finished hour ling runn bf made eat sm steak house family made fun eating steak know mean well tahts really show love like guys please im trying best anorexic,6/8/2022 14:16,,en,0,0,1,[],[],0,0,,,,,,,,,,,High
584,anorexia mental illness weight category,6/8/2022 14:15,,en,0,0,1,[],[],0,0,,,,,,,,,,,High
585,edtwt got feelin like,6/8/2022 14:15,,en,1,0,4,[],[],0,0,,,,,,,,,,,High
586,im bad anorexic also ednos isnt anorexia,6/8/2022 13:39,,en,97,845,3967,[],[],0,1,,,,,,,,,,,High
587,ed anorexic nails long faker,6/8/2022 13:22,,en,0,0,1,[],[],0,0,,,,,,,,,,,High
588,fast weight loss underweight isnt anorexia,6/8/2022 13:21,,en,1,0,1,[],[],0,0,,,,,,,,,,,High
589,anorexia fear gaining weight fearing food,6/8/2022 13:21,,en,0,0,1,[],[],0,0,,,,,,,,,,,High
590,ok best anorexic j lh,6/8/2022 13:21,,en,0,0,1,[],[],0,0,,,,,,,,,,,High
591,looks like shit bulimic ass would make,6/8/2022 13:20,,en,0,0,2,[],[],0,0,,,,,,,,,,,High
592,worst anorexic im tired lol,6/8/2022 13:05,,en,52,650,3323,[],[],0,1,,,,,,,,,,,High
593,yes maam best anorexic,6/8/2022 13:01,,en,0,0,1,[],[],0,0,,,,,,,,,,,High
594,get anorexia thread tips diet please open,6/8/2022 11:02,,en,1,0,0,[],[],0,0,,,,,,,,,,,High
595,bmi speak evil monkey,6/8/2022 11:01,,en,0,0,0,[],[],0,0,,,,,,,,,,,High
596,calories dont count today fuck ed,6/8/2022 11:01,,en,0,0,0,[],[],0,0,,,,,,,,,,,High
597,u ever read stuff abt effect eating disorders brain n ur health n like care like wanna die im gonna get past like want b validated get attention im alive horrible mindset u,6/8/2022 11:00,,en,0,0,1,[],[],0,0,,,,,,,,,,,High
598,hours till hr fast finished,6/8/2022 10:59,,en,0,0,1,[],[],0,0,,,,,,,,,,,High
599,cant wait till move next year get live cucumbers hot sauce,6/8/2022 10:59,,en,0,0,0,[],[],0,0,,,,,,,,,,,High
600,guys think bipolar anorexic donate eggs money goes infertile like,6/8/2022 10:59,,en,0,0,1,[],[],0,0,,,,,,,,,,,High
601,honestly really disgusted much ate today im fasting till stop bloating,6/8/2022 10:58,,en,0,0,1,[],[],0,0,,,,,,,,,,,High
602,much weight u think id lose water fasting every day eating like cal days,6/8/2022 10:57,,en,0,0,1,[],[],0,0,,,,,,,,,,,High
603,f f diet feels like way many kcals im gonna liquid fast till next monday,6/8/2022 10:57,,en,0,1,1,[],[],0,0,,,,,,,,,,,High
604,broke fast egg whites rice cake someone yell,6/8/2022 10:56,,en,0,0,1,[],[],0,0,,,,,,,,,,,High
605,mum told im lucky im mentally stable iagsnanshah diagnosed bipolar anorexia brain like,6/8/2022 10:56,,en,0,0,1,[],[],0,0,,,,,,,,,,,High
606,people either mean fake trying hard problematic trying hard expose people baby mentally ill lose weight get high yall lol chill stop fighting boring,6/8/2022 10:56,,en,0,0,1,[],[],0,0,,,,,,,,,,,High
607,r f derism ultimate fatspo shit makes want starve month,6/8/2022 10:55,,en,0,0,1,[],[],0,0,,,,,,,,,,,High
608,thanks million followers sure many starve drink lots red bull call people fat xx,6/8/2022 10:48,,en,36,384,2535,[],[],0,1,,,,,,,,,,,High
609,thinking bout big tiddies would rn hadnt become anorexic yrs old,6/8/2022 9:28,,en,0,0,1,[],[],0,0,,,,,,,,,,,High
610,weeks diet plan mon liquid fast tues liquid fast wed omad cal max thurs liquid fast fri liquid fast sat omad sun liquid fast,6/8/2022 9:27,,en,0,0,0,[],[],0,0,,,,,,,,,,,High
611,wait actually want lose weight coulda fooled amount stuff face weak willed bitch get self control could look like,6/8/2022 9:27,,en,0,0,0,[],[],0,0,,,,,,,,,,,High
612,wana skinny ate lasagna,6/8/2022 9:26,,en,0,0,1,[],[],0,0,,,,,,,,,,,High
613,ok ive dropped school time pursue dream full time anorexic bimbo,6/8/2022 9:26,,en,0,0,1,[],[],0,0,,,,,,,,,,,High
614,someone told look anorexic im happy,6/8/2022 9:26,,en,0,0,1,[],[],0,0,,,,,,,,,,,High
615,goodbye family fucking ugly u make fun anorexic people much,6/8/2022 9:25,,en,0,0,1,[],[],0,0,,,,,,,,,,,High
616,u didnt spend elementary schools summer break looking anorexia story youtube u really ed j,6/8/2022 9:24,,en,1,0,4,[],[],0,0,,,,,,,,,,,High
617,hey fatass thinking eating huh seriously whale like doesnt even deserve youll never good enough thigh gap like starve bitch,6/8/2022 9:20,,en,26,336,1746,[],[],0,1,,,,,,,,,,,High
618,making edtwt gc everyone elses full lol thinspo sweetspo maybe meanspo fatspo people okay help stay track body checks ur comfortable group diets fasts motivation rt reply join,6/8/2022 7:28,,en,1,0,2,[],[],0,0,,,,,,,,,,,High
619,could form bulimia im trying diagnose anything bulimia doesnt mean throwing compensation binge could restricting fasting exercising abuse laxatives ofc purging stay safe,6/8/2022 6:54,,en,0,0,0,[],[],0,0,,,,,,,,,,,High
620,fuck hahaha still anorexic exact mindset lb im fucking fuckkckckck ever get skinny took fucking years ruined jt,6/8/2022 6:49,,en,0,0,1,[],[],0,0,,,,,,,,,,,High
621,edtwt group chat age limit group fasts diets maybe ppl limit sorry spo allowed make sure people ok meanspo sending pls try active lets keep eachother motivated lt rt join lt,6/8/2022 6:48,,en,0,0,1,[],[],0,0,,,,,,,,,,,High
622,old roommate yeah first met looked anorexic lmao f r met,6/8/2022 6:48,,en,0,0,1,[],[],0,0,,,,,,,,,,,High
623,hey wanted make ed gc lt lets friends basic rules pls kind respect others includes ppls boundaries group fasts bodychecking allowed years old pls rt added,6/8/2022 6:48,,en,0,0,1,[],[],0,0,,,,,,,,,,,High
624,breakfast good water half spoonful peanut butter cigarette,6/8/2022 6:48,,en,1,0,1,[],[],0,0,,,,,,,,,,,High
625,eating disorder work way fasting cal days times wee hmn,6/8/2022 5:28,,en,34,348,2302,[],[],0,1,,,,,,,,,,,High
626,never hype high restriction cals idc tumblr proana bitch thinks im invalid lost kg godly,6/8/2022 3:39,,en,10,71,454,[],[],0,1,,,,,,,,,,,High
627,lose weight gc ages everything welcomed meanspo thinspo fatspo tips tricks comment join,6/7/2022 22:22,,en,55,266,1560,[],[],0,1,,,,,,,,,,,High
628,could u pls post meanspo ive fasting hours im close im super hungry hope looked mirror asked thats meanspo need,6/7/2022 20:48,,en,0,0,1,[],[],0,0,,,,,,,,,,,High
629,ed isnt weight loss also everyone anorexia,6/7/2022 20:48,,en,0,0,1,[],[],0,0,,,,,,,,,,,High
630,im sick ed u think like sell bitches like ugh wanna anorexic love food much smiling cat face heart eyes smiling cat face heart eyes make easy bucks,6/7/2022 20:48,,en,0,0,0,[],[],0,0,,,,,,,,,,,High
631,kitchen princess one mcs akane anorexia also characters seem strange relationships food havent finished yet either,6/7/2022 17:57,,en,36,627,4340,[],[],0,1,,,,,,,,,,,High
632,u cant anorexic trump supporter supporting automatic fat behavior,6/7/2022 17:46,,en,2,1,4,[],[],0,0,,,,,,,,,,,High
633,anorexia always confused right mind would want starve boobs away,6/7/2022 17:34,,en,2,1,8,[],[],0,0,,,,,,,,,,,High
634,bulimia really fucked digestive system bad involuntary threw,6/7/2022 16:41,,en,40,166,1242,[],[],0,1,,,,,,,,,,,High
635,edtwt yall competitive n fasting pack hunger games,6/7/2022 16:04,,en,25,267,1612,[],[],0,1,,,,,,,,,,,High
636,ended bulimia,6/7/2022 15:50,,en,0,0,1,[],[],0,0,,,,,,,,,,,High
637,every meal bulimic,6/7/2022 15:49,,en,0,0,1,[],[],0,0,,,,,,,,,,,High
638,think atypical anorexia diagnoses bullshit call anorexia adds whole extra trigger people,6/7/2022 15:49,,en,0,0,0,[],[],0,0,,,,,,,,,,,High
639,become best anorexic,6/7/2022 15:47,,en,0,0,0,[],[],0,0,,,,,,,,,,,High
640,restriction foods get dont look taste like anorexia thread,6/7/2022 15:47,,en,0,0,0,[],[],0,0,,,,,,,,,,,High
641,know ednos valid eating disorder feel like failed anorexic,6/7/2022 15:46,,en,0,0,1,[],[],0,0,,,,,,,,,,,High
642,fasting today maybe tomorrow goes well today,6/7/2022 15:46,,en,0,0,1,[],[],0,0,,,,,,,,,,,High
643,start dieting tomorrow start exercising tomorrow abt u stop lazy fat fuck today,6/7/2022 15:46,,en,0,0,0,[],[],0,0,,,,,,,,,,,High
644,im sadden say im like niko avocado stoppe vegan health insted eating healthy eaten crap like exstream thing starve binge run maraton sit sofa go bed pm,6/7/2022 15:46,,en,0,0,0,[],[],0,0,,,,,,,,,,,High
645,im sadden say im like niko avocado stoppe vegan health insted eating healthy eaten crap like exstream thing starve binge run maraton sit sofa go bed pm,6/7/2022 15:45,,en,0,0,1,[],[],0,0,,,,,,,,,,,High
646,u need advice fast give whink fasted weeks,6/7/2022 15:45,,en,0,0,1,[],[],0,0,,,,,,,,,,,High
647,th week fasting know im getting ill cant stop,6/7/2022 15:32,,en,17,188,1030,[],[],0,1,,,,,,,,,,,High
648,every body thinks im eating even tho havent eaten days,6/7/2022 15:04,,en,0,0,1,[],[],0,0,,,,,,,,,,,High
649,havent eaten days anyone proud,6/7/2022 15:03,,en,0,0,1,[],[],0,0,,,,,,,,,,,High
650,hungry drink water drink water drink water drink water drink water drink water drink water,6/7/2022 15:02,,en,2,0,6,[],[],0,0,,,,,,,,,,,High
651,eaten much couple days get shit together im gonna fast big time,6/7/2022 15:01,,en,0,0,0,[],[],0,0,,,,,,,,,,,High
652,ocd making food discusting lucky guess btw im weeks days fast,6/7/2022 14:58,,en,1,0,0,[],[],0,0,,,,,,,,,,,High
653,im gonna end starving death least ill skinny corpse,6/7/2022 14:57,,en,1,0,1,[],[],0,0,,,,,,,,,,,High
654,im day fasting talk doc tomorow please send advice let keep going,6/7/2022 14:55,,en,0,0,5,[],[],0,0,,,,,,,,,,,High
655,soft edtwt chat daily check ins sweetspo thinspo fasting workout buddies os pls respectful others pls rt comment added,6/7/2022 14:54,,en,0,0,1,[],[],0,0,,,,,,,,,,,High
656,anorexia even specific calorie count diagnostic criteria idk wanna act like better anorexics ur intake certain amount,6/7/2022 14:52,,en,0,0,0,[],[],0,0,,,,,,,,,,,High
657,ed gc requirements fasts diets togehter send thinspo meanspo etc rt added,6/7/2022 14:51,,en,1,0,3,[],[],0,0,,,,,,,,,,,High
658,hi omg im new hard edtwt cw lbs im fat fuck ik gw lbs xox meanspo highly accepted rt become mutuals lt lt need someone starve see evil monkey,6/7/2022 14:50,,en,0,0,0,[],[],0,0,,,,,,,,,,,High
659,pisses cant diagnosed anorexic u arent underweight even every box checked,6/7/2022 14:50,,en,0,0,1,[],[],0,0,,,,,,,,,,,High
660,keep mind everyone starves tiring remind guys people eating disorders arent restrictive dont invalidate people eat bigger portions food struggles dont project onto others,6/7/2022 14:49,,en,0,0,1,[],[],0,0,,,,,,,,,,,High
661,starting ed gc smiling cat face heart eyes gore sh homophobia racism help fasting diets every gender aloud well respect prounouns sexuality star struck rt join,6/7/2022 14:49,,en,0,0,0,[],[],0,0,,,,,,,,,,,High
662,bouta skinny cal limit,6/7/2022 14:48,,en,0,0,1,[],[],0,0,,,,,,,,,,,High
663,yes best anorexic,6/7/2022 14:46,,en,0,1,1,[],[],0,0,,,,,,,,,,,High
664,hi stop gatekeeping fucking anorexia youre still anorexic eat calories day youre still anorexic youre underweight youre still anorexic youre guy anorexia white girls weigh lbs eat cals day,6/7/2022 14:43,,en,69,722,4299,[],[],0,1,,,,,,,,,,,High
665,edtwt whole romanticized restrictive eating disorders demonized binge eds even somebody bed people like dont binge saying dont starve anorexic like doesnt work way yall arent ready conv,6/7/2022 14:24,,en,36,243,1085,[],[],0,1,,,,,,,,,,,High
666,kids edtwt talking much gonna diet restrict fast move parents house surprise realize binging also easier,6/7/2022 14:21,,en,0,0,0,[],[],0,0,,,,,,,,,,,High
667,yall bulimic ass got fucking pedialyte add twitter feed know lmao,6/7/2022 14:20,,en,0,0,0,[],[],0,0,,,,,,,,,,,High
668,dance thats im literally worst anorexic,6/7/2022 14:18,,en,0,0,1,[],[],0,0,,,,,,,,,,,High
669,struggle urges binge restrict purge etc dont fit anorexia bulimia bed,6/7/2022 14:18,,en,0,0,0,[],[],0,0,,,,,,,,,,,High
670,like rt join group chat gc meant help people healthy bmis motivation lose weight healthy bmi edtwt active people going kind selective,6/7/2022 14:18,,en,0,0,1,[],[],0,0,,,,,,,,,,,High
671,anorexic walks cooking class joke anxious favorite teacher ilh chill theres bunch people idk,6/7/2022 14:18,,en,1,0,1,[],[],0,0,,,,,,,,,,,High
672,anorexia also probably likely ednos idk,6/7/2022 14:17,,en,0,0,1,[],[],0,0,,,,,,,,,,,High
673,fuck im going back best anorexic went kgs month somehow didnt go good months,6/7/2022 14:17,,en,0,0,0,[],[],0,0,,,,,,,,,,,High
674,half square peppermint bark dont go cals soup tonight best anorexic,6/7/2022 14:17,,en,0,0,1,[],[],0,0,,,,,,,,,,,High
675,best anorexic also unable focus,6/7/2022 14:16,,en,0,0,0,[],[],0,0,,,,,,,,,,,High
676,went threw bunch papers old notebooks binder stuff school n shit pile old ana journals counted intake exercise weight etc damn best anorexic,6/7/2022 14:16,,en,0,0,0,[],[],0,0,,,,,,,,,,,High
677,anorexic excited getting cooking class fav teacher like cooking get many field trips shit yess imagdkwshkw,6/7/2022 14:15,,en,0,0,1,[],[],0,0,,,,,,,,,,,High
678,favorite thing hard v soft edtwt discourse starving tips one put stay safe xx end im crying june weird lmao,6/7/2022 14:03,,en,1,0,1,[],[],0,0,,,,,,,,,,,High
679,ok constant fucking body shaming anyone skinnier shes literally obese asked tips lost shit ton weight gave actual healthy ones like oh excersise eat veggies brings wanting bulimic,6/7/2022 14:02,,en,0,0,0,[],[],0,0,,,,,,,,,,,High
680,second time day worst anorexic,6/7/2022 13:58,,en,0,0,1,[],[],0,0,,,,,,,,,,,High
681,rich coming anorexic,6/7/2022 13:58,,en,0,0,1,[],[],0,0,,,,,,,,,,,High
682,could easily taken advantage wouldnt wish anyone think hmm lemme make super giant age gap hard gc os fact lot old people prey young anorexic kids literally fucking kink,6/7/2022 13:57,,en,0,0,1,[],[],0,0,,,,,,,,,,,High
683,im wanted try anorexic theres boy school exists want call skinny legend,6/7/2022 13:51,,en,0,0,1,[],[],0,0,,,,,,,,,,,High
684,could shit hours dont test bulimia,6/7/2022 13:50,,en,0,0,2,[],[],0,0,,,,,,,,,,,High
685,add cant anorexia,6/7/2022 13:50,,en,0,0,0,[],[],0,0,,,,,,,,,,,High
686,e weight severely underweight different risks issues overweight thats theres distinction osfed taken seriously anorexia recovery plan different reason,6/7/2022 13:50,,en,0,0,1,[],[],0,0,,,,,,,,,,,High
687,starving suburbia really bad movie eating disorders tbh comedy,6/7/2022 13:49,,en,0,0,1,[],[],0,0,,,,,,,,,,,High
688,also speak edtwt movie night references,6/7/2022 13:49,,en,1,0,1,[],[],0,0,,,,,,,,,,,High
689,best anorexic,6/7/2022 13:48,,en,0,0,1,[],[],0,0,,,,,,,,,,,High
690,reach goal weight im gonna best anorexic,6/7/2022 13:48,,en,0,0,0,[],[],0,0,,,,,,,,,,,High
691,back day got eating disorders trauma j,6/7/2022 13:48,,en,0,0,1,[],[],0,0,,,,,,,,,,,High
692,emo bulimic energy since skinny,6/7/2022 13:48,,en,0,0,1,[],[],0,0,,,,,,,,,,,High
693,agree addictions eating disorders comparable look disordered thoughts behaviors drink bar food im saying impossible recover leave general dont think staying helpful,6/7/2022 13:44,,en,1,0,1,[],[],0,0,,,,,,,,,,,High
694,everyone still emo phase old shit alcohol gt weed addicted twitter thicc meme folder vegetarian lowkey evil bulimia gang witchy bitch needs hug hates touched,6/7/2022 13:42,,en,0,0,2,[],[],0,0,,,,,,,,,,,High
695,bf casually said yeah breakfast lunch today heating dinner immediately said best anorexic gave look help,6/7/2022 13:41,,en,1,1,2,[],[],0,0,,,,,,,,,,,High
696,bonespo isnt even bonespo hard find im looking,6/7/2022 13:37,,en,0,0,1,[],[],0,0,,,,,,,,,,,High
697,btw youre binge eating failing restrict fast rn please dont feel bad like worst anorexic especially things stressful youre okay youre still valid okay please eat well,6/7/2022 13:37,,en,0,0,0,[],[],0,0,,,,,,,,,,,High
698,ed twt sh twt long time ago two nations lived together harmony everything changed sh nation attacked best anorexic master mental illnesses could stop,6/7/2022 13:37,,en,0,0,1,[],[],0,0,,,,,,,,,,,High
699,edtwt stay community arent mentally ill part twitter locals edtwt hey please moot omg oomf moots john cena john cenas tl people starving,6/7/2022 13:35,,en,0,0,1,[],[],0,0,,,,,,,,,,,High
700,girls best anorexic,6/7/2022 13:35,,en,0,0,0,[],[],0,0,,,,,,,,,,,High
701,gummy proving best anorexic literally sitting monster ultra im quaking,6/7/2022 13:35,,en,0,0,1,[],[],0,0,,,,,,,,,,,High
702,become anorexic lt thread,6/7/2022 13:34,,en,1,0,2,[],[],0,0,,,,,,,,,,,High
703,googled anorexic p ter grffin dont ask please stumbled across something magical,6/7/2022 13:31,,en,0,0,1,[],[],0,0,,,,,,,,,,,High
704,made little calorie tracker september goal fast much possible might make weight tracker made paper mar themed reason wanted im sorry kpop edtwt wanna use tag,6/7/2022 13:30,,en,0,0,2,[],[],0,0,,,,,,,,,,,High
705,might anorexic least dont support cops,6/7/2022 13:30,,en,0,0,1,[],[],0,0,,,,,,,,,,,High
706,im looking ana buddy abc diet together braid others hair get skinny,6/7/2022 13:29,,en,0,0,0,[],[],0,0,,,,,,,,,,,High
707,im anorexic im breatharian,6/7/2022 13:29,,en,0,0,0,[],[],0,0,,,,,,,,,,,High
708,meanspo starve u fat piggy u really wanna go back school thighs like adult trauma fueled control focused ed uh,6/7/2022 13:28,,en,0,0,1,[],[],0,0,,,,,,,,,,,High
709,doctor asked many days week restrict im like anorexia got business hours,6/7/2022 13:28,,en,1,0,1,[],[],0,0,,,,,,,,,,,High
710,little brother dated anorexic broke wouldnt eat hes dick,6/7/2022 13:27,,en,0,0,0,[],[],0,0,,,,,,,,,,,High
711,youtube recommended become best anorexic,6/7/2022 13:27,,en,0,0,0,[],[],0,0,,,,,,,,,,,High
712,rakia told im best anorexic,6/7/2022 13:27,,en,0,0,1,[],[],0,0,,,,,,,,,,,High
713,googling anorexic peter griffin dont ask stumbled across something magical,6/7/2022 13:25,,en,0,0,1,[],[],0,0,,,,,,,,,,,High
714,stop showing ad im anorexic im eating shit,6/7/2022 13:25,,en,0,0,1,[],[],0,0,,,,,,,,,,,High
715,grow eating disorders myth harmful bc false bc believable many us believed think youd still struggling ed think youll grow maybe still believe,6/7/2022 13:25,,en,0,0,0,[],[],0,0,,,,,,,,,,,High
716,way everybody agrees sus yall start witch hunt whenever anorexic says something disordered simultaneously glorify want go touch grass ffs,6/7/2022 13:24,,en,1,0,1,[],[],0,0,,,,,,,,,,,High
717,disturbing gross imagine year old man doesnt even eating disorder take time day come ed twitter encourage mentally ill teenagers starve disgusting please block report account,6/7/2022 13:24,,en,1,0,0,[],[],0,0,,,,,,,,,,,High
718,dumb edtwt bitch thought good idea every culture put bomb ass food tl us fasting stop makikg hungry,6/7/2022 13:24,,en,1,0,0,[],[],0,0,,,,,,,,,,,High
719,anorexic get kicked school kept missing periods,6/7/2022 13:24,,en,0,0,1,[],[],0,0,,,,,,,,,,,High
720,yall know exercising fasting form purging right like bulimia isnt throwing,6/7/2022 13:22,,en,1,0,1,[],[],0,0,,,,,,,,,,,High
721,yeah bc starving form sh coping mechanism also theres lots guys nb people eds,6/7/2022 13:21,,en,1,0,1,[],[],0,0,,,,,,,,,,,High
722,thinspo youre embarrassment fat body disgusts want people like starve fatass dont want everyone around shocked ask alright put food fat fuck,6/7/2022 6:43,,en,32,347,1750,[],[],0,1,,,,,,,,,,,High
723,thinspo food may feel nice bit guilts lasts longer wonder ow gain dont stop eating starve already dont want look thin tiny slim skinny nobody ever like dont starve put food pig,6/7/2022 4:37,,en,38,249,1192,[],[],0,1,,,,,,,,,,,High
724,thinspo food may feel nice bit guilt lasts longer wonder gain dont stop eating starve already dont want look tiny thin slim skinny nobody ever like dont starve put food pig,6/6/2022 22:15,,en,34,134,809,[],[],0,1,,,,,,,,,,,High
725,think im anorexia shit wrong im still fat hell,6/6/2022 19:57,,en,1,0,2,[],[],0,0,,,,,,,,,,,High
726,fat anorexic cum slut liked tweet,6/6/2022 19:54,,en,1,0,1,[],[],0,0,,,,,,,,,,,High
727,fat people cant anorexia dumb ru diagnosable ed youve put body literal hell thoughts arent enough thats like saying sorry cant diagnose anxiety cos ive never seen panic attack,6/6/2022 19:44,,en,13,93,497,[],[],0,1,,,,,,,,,,,High
728,anorexia like pee pee poo poo poos silent,6/6/2022 18:21,,en,0,0,0,[],[],0,0,,,,,,,,,,,High
729,anorexia really mental illness yall treated bon ivers indie folk track skinny love like club banger,6/6/2022 18:21,,en,0,0,2,[],[],0,0,,,,,,,,,,,High
730,bonespo scares crap want bones slightly display extent,6/6/2022 18:20,,en,0,0,2,[],[],0,0,,,,,,,,,,,High
731,bulimia nervosa sounds like harry potter spell,6/6/2022 17:36,,en,96,671,4430,[],[],0,1,,,,,,,,,,,High
732,dear locals eating disorder mental disorder characterized abnormal eating habits anorexia nervosa mental disorder characterized obsession w losing weight nowhere dsm say u need eat less calories diagnosed bc mental,6/6/2022 17:32,,en,0,0,1,[],[],0,0,,,,,,,,,,,High
733,constantly say want lose large amounts weight cry much hate body obsess supposed look yet continue shovel food fat mouth secret never tell know love confused anorexic,6/6/2022 17:31,,en,0,0,1,[],[],0,0,,,,,,,,,,,High
734,starving feels like self care actual ed twt guys swallowed tongue ring many kcal,6/6/2022 17:31,,en,0,0,8,[],[],0,0,,,,,,,,,,,High
735,eat days exercise im diagnosed anorexia nervosa medical records honey,6/6/2022 17:30,,en,0,0,1,[],[],0,0,,,,,,,,,,,High
736,eat lot someone whos supposedly anorexic,6/6/2022 17:27,,en,0,1,7,[],[],0,0,,,,,,,,,,,High
737,case havent noticed im anorexic anorexic dont eat dont want eat ever seen without stupid oversized hoodie thats anorexic,6/6/2022 17:25,,en,0,0,1,[],[],0,0,,,,,,,,,,,High
738,kaiaisfasting would prettier feeding tube real edtwt shit walmart,6/6/2022 17:25,,en,0,0,1,[],[],0,0,,,,,,,,,,,High
739,kaiaisfasting id look prettier feeding tube actual edtwt bee cum,6/6/2022 17:25,,en,0,0,1,[],[],0,0,,,,,,,,,,,High
740,maybe anorexia getting rice cakes really really good,6/6/2022 17:24,,en,0,0,1,[],[],0,0,,,,,,,,,,,High
741,wish skinny naturally skinny girl within mile radius wish could gain weight hard dont understand lucky thick people always bully call anorexic eat burger,6/6/2022 17:24,,en,0,1,7,[],[],0,0,,,,,,,,,,,High
742,locals omg yeah forgot eat today iced coffee eating day omg hope dont turn anorexic,6/6/2022 17:21,,en,1,0,0,[],[],0,0,,,,,,,,,,,High
743,main symptom anorexia desire lose weight fear gaining restricting intake ive never seen eating less kcal day written symptom restricting order lose maintain eating bare minimum idiots,6/6/2022 17:21,,en,0,0,1,[],[],0,0,,,,,,,,,,,High
744,tw fasting hit hours fast honestly bad feel like maybe day fast,6/6/2022 17:21,,en,0,0,1,[],[],0,0,,,,,,,,,,,High
745,tw restrication food ish today liquid fast basically eating anything get drink whatever long like smoothies milkshake ect,6/6/2022 17:13,,en,25,731,3257,[],[],0,1,,,,,,,,,,,High
746,tw smoking fasting honestly good feeling get nic buzz fasting one,6/6/2022 16:56,,en,0,0,0,[],[],0,0,,,,,,,,,,,High
747,uwu little meanspo please eat apple ricecake peanut butter please eat know want body begging something yummy starve,6/6/2022 16:42,,en,0,0,0,[],[],0,0,,,,,,,,,,,High
748,youre anorexic play papas food game series gt gt,6/6/2022 16:41,,en,0,0,1,[],[],0,0,,,,,,,,,,,High
749,another difference people anorexia likely underweight anorexia nervosa anorexia goes untreated unnoticed may occur weight loss common anorexia nervosa since thats one goals disorder idk word,6/6/2022 16:41,,en,0,0,1,[],[],0,0,,,,,,,,,,,High
750,curing anorexia nervosa much difficult vital since anorexia nervosa much higher mortality rates know process since complex disorder curing anorexia difficulty dependent underlying cause development symptom,6/6/2022 16:40,,en,0,0,0,[],[],0,0,,,,,,,,,,,High
751,im comparing old bodycheck took day edtwt one took might think look skinnier better,6/6/2022 16:38,,en,0,0,1,[],[],0,0,,,,,,,,,,,High
752,got back ed clinic evaluation diagnosed w arfid knew anorexia nervosa purging subtype didnt think purged enough okay im waiting list treatment,6/6/2022 16:38,,en,0,0,0,[],[],0,0,,,,,,,,,,,High
753,maybee depression adhd picky eating common adhd pickiness got bad depression kicked absoluyely relationship w food,6/6/2022 16:37,,en,0,0,0,[],[],0,0,,,,,,,,,,,High
754,today cal day feel awful worst anorexic,6/6/2022 16:37,,en,0,0,1,[],[],0,0,,,,,,,,,,,High
755,noticed recovery want move eat less well theres reason sat ed recovery coach tabitha farrar discuss something called migration theory effects anorexic mind link,6/6/2022 16:37,,en,0,0,1,[],[],0,0,,,,,,,,,,,High
756,living anorexia,6/6/2022 16:36,,en,0,0,0,[],[],0,0,,,,,,,,,,,High
757,eating disorders genetic discuss connection ed recovery coach tabitha farrar link,6/6/2022 16:36,,en,0,0,0,[],[],0,0,,,,,,,,,,,High
758,stomach hurt friend telling make throw im like thats developed bulimia please dont told never said ok,6/6/2022 16:36,,en,0,0,0,[],[],0,0,,,,,,,,,,,High
759,lbs best anorexic,6/6/2022 16:36,,en,0,0,0,[],[],0,0,,,,,,,,,,,High
760,best anorexic,6/6/2022 16:35,,en,0,0,1,[],[],0,0,,,,,,,,,,,High
761,guy walking really slow entire way bus go round deicide suddenly move speed go side stairs cutting speed mean still slow fast pace,6/6/2022 16:35,,en,1,0,1,[],[],0,0,,,,,,,,,,,High
762,goes grocery shopping oh yes im best anorexic,6/6/2022 16:34,,en,0,0,1,[],[],0,0,,,,,,,,,,,High
763,aha think ive come conclusion eating disorder actually completely control related like im worst anorexic best binger im ive good anorexic since coming home thanksgiving im like proud little scared,6/6/2022 16:33,,en,0,0,0,[],[],0,0,,,,,,,,,,,High
764,anorexic good cook struggle,6/6/2022 16:31,,en,0,0,1,[],[],0,0,,,,,,,,,,,High
765,happy year relapse mee im worst anorexic everr,6/6/2022 16:30,,en,0,0,0,[],[],0,0,,,,,,,,,,,High
766,forget acne meds hella appetite suppressant think best anorexic realize side effect taken meds two weeks binging lmao,6/6/2022 16:29,,en,12,159,862,[],[],0,1,,,,,,,,,,,High
767,severely underweight dad asked thought anorexic get help told reassured eating habits works like lmao mom wants ana basically funny kinda shitty idk,6/6/2022 15:01,,en,0,0,0,[],[],0,0,,,,,,,,,,,High
768,stop calling us anorexic,6/6/2022 14:01,,en,0,0,1,[],[],0,0,,,,,,,,,,,High
769,brother worst anorexic,6/6/2022 13:56,,en,87,1369,6505,[],[],0,1,,,,,,,,,,,High
770,replace ed gay anorexic lesbian still works,6/6/2022 13:39,,en,1,0,2,[],[],0,0,,,,,,,,,,,High
771,bulimia emetaphobia literaly hate life,6/6/2022 13:08,,en,1,0,6,[],[],0,0,,,,,,,,,,,High
772,anorexic eat cals today,6/6/2022 13:04,,en,0,0,3,[],[],0,0,,,,,,,,,,,High
773,bread pasta pls worst anorexic,6/6/2022 13:03,,en,0,0,1,[],[],0,0,,,,,,,,,,,High
774,guys fatphobic anorexia,6/6/2022 13:03,,en,0,0,1,[],[],0,0,,,,,,,,,,,High
775,new account whose anorexic claim binge cal minimum valid kindly fuck edtwt deadass seriously fuck,6/6/2022 9:17,,en,22,139,915,[],[],0,1,,,,,,,,,,,High
776,sweetspo bonespo thinspo keep fatspo meanspo acc might ed also wanna commit unalive gonna tell starve nice thumbs medium light skin tone,6/6/2022 6:41,,en,0,0,1,[],[],0,0,,,,,,,,,,,High
777,always anorexic bitches sing anaconda loudest bitch u hear nicki say tell aint missing meals,6/6/2022 6:41,,en,0,0,0,[],[],0,0,,,,,,,,,,,High
778,therapist told might anorexia already enough plate,6/6/2022 6:41,,en,0,0,1,[],[],0,0,,,,,,,,,,,High
779,anorexic athlete hard dangerous youll running vision goes black collapse body fatigued,6/6/2022 6:41,,en,0,0,1,[],[],0,0,,,,,,,,,,,High
780,trigger warning eating disorder purging restricting binging vomit weight calories numbers dni edtwt gore accs cw thinspo meanspo nothing else post lot interests,6/6/2022 6:40,,en,0,0,1,[],[],0,0,,,,,,,,,,,High
781,trigger warning eating disorder purging restricting binging vomit weight calories numbers dni edtwt gore accs cw thinspo meanspo nothing else post lot interests,6/6/2022 6:40,,en,1,0,0,[],[],0,0,,,,,,,,,,,High
782,trigger warning eating disorder dni edtwt cw thinspo meanspo nothing else wont fb interact intense gore dms always open,6/6/2022 6:40,,en,0,0,1,[],[],0,0,,,,,,,,,,,High
783,trigger warning eating disorder vent acc dni edtwt cw thinspo meanspo nothing else wont fb interact intense gore dms always open,6/6/2022 6:39,,en,1,0,0,[],[],0,0,,,,,,,,,,,High
784,thats prolly closer bulimia cuz ur making ur binges form purging extreme fasting restriction,6/6/2022 6:39,,en,1,0,1,[],[],0,0,,,,,,,,,,,High
785,wait sounded best anorexic swear wasnt like lot lowcal dessert recipes end kinda gross like feel like im gonna eat dessert might wel eat one tastes good point,6/6/2022 6:35,,en,0,0,0,[],[],0,0,,,,,,,,,,,High
786,hes worst anorexic,6/6/2022 6:35,,en,0,0,1,[],[],0,0,,,,,,,,,,,High
787,winnie best anorexic blueprint mans really read one article honey aids weight loss decided mono rest life,6/6/2022 6:34,,en,0,0,1,[],[],0,0,,,,,,,,,,,High
788,really anorexic want lose weight really fast using disordered methods,6/6/2022 6:34,,en,1,0,1,[],[],0,0,,,,,,,,,,,High
789,best worst anorexic,6/6/2022 6:34,,en,1,0,1,[],[],0,0,,,,,,,,,,,High
790,american oomfs voting sexc oo u wanna vote u wanna vote bad u vote u best anorexic,6/6/2022 6:27,,en,1,0,0,[],[],0,0,,,,,,,,,,,High
791,going u see tl going much hate food im never hungry promise im trying best anorexic im manifesting,6/6/2022 6:26,,en,36,202,1268,[],[],0,1,,,,,,,,,,,High
792,im worst anorexic hair looks pretty,6/6/2022 6:02,,en,74,313,2098,[],[],0,1,,,,,,,,,,,High
793,bc ur edtwt doesnt mean ur supposed losing kgs every week skinny anorexic bullimic addicted exercise fasting every day eds come different forms mentally ill lets focus bruh,6/5/2022 22:06,,en,24,136,817,[],[],0,1,,,,,,,,,,,High
794,dont go grocery store weeks become best anorexic,6/5/2022 19:06,,en,0,0,2,[],[],0,0,,,,,,,,,,,High
795,reminder people disordered like us people lie weight calorie intake still valid high restrict arent best anorexic pls aware youre following intention use safe vent place,6/5/2022 19:05,,en,0,0,2,[],[],0,0,,,,,,,,,,,High
796,people think edtwt like starve u fattie piggy gross edtwt actually like,6/5/2022 19:05,,en,0,0,0,[],[],0,0,,,,,,,,,,,High
797,making another ed gc cuz ones dead thinspo meanspo allowed ed allowed binge shaming group fasting life share workouts diets b asshole rt comment join,6/5/2022 19:05,,en,0,0,1,[],[],0,0,,,,,,,,,,,High
798,rt skinnier kim jong un,6/5/2022 19:03,,en,0,0,1,[],[],0,0,,,,,,,,,,,High
799,worst type anorexic one thats like omg air soo filling breathed couldnt even think food rest day ate piece lettuce stuffed guess stomach soo small haha sucks,6/5/2022 19:03,,en,0,0,0,[],[],0,0,,,,,,,,,,,High
800,maybe one bcos best anorexic,6/5/2022 19:02,,en,0,0,0,[],[],0,0,,,,,,,,,,,High
801,literally type best anorexic often phone auto capitalizes word anorexic,6/5/2022 19:01,,en,0,0,2,[],[],0,0,,,,,,,,,,,High
802,yeah losing hand weight super satisfying,6/5/2022 18:58,,en,25,129,975,[],[],0,1,,,,,,,,,,,High
803,anyone tips getting fast food addictions cause binges stupid bc cant help eat even tho makes sick time,6/5/2022 18:50,,en,0,0,1,[],[],0,0,,,,,,,,,,,High
804,stats bio never date bc feel weird ugw definitely gotten smaller,6/5/2022 18:50,,en,0,0,0,[],[],0,0,,,,,,,,,,,High
805,low cal fast food order ideas thread,6/5/2022 18:49,,en,0,0,1,[],[],0,0,,,,,,,,,,,High
806,guys ur youre period like u guys break fast u guys still workout,6/5/2022 18:21,,en,0,0,0,[],[],0,0,,,,,,,,,,,High
807,whwinssk youre period weight increase like drop back ur period ends like period weight im paranoid bc gained weight period even tho im still fasting omad pls ans,6/5/2022 18:17,,en,18,98,464,[],[],0,1,,,,,,,,,,,High
808,skinny holidays gc rt join post thinspo bonespo group fasting weigh ins every friday scale available pretty much rules harassment lets see lose nov dec st,6/5/2022 16:44,,en,1,0,10,[],[],0,0,,,,,,,,,,,High
809,think way faster better ur computer realm anyway u bought ur super serious ab minecraft edtwt let pitch pls omg ill time,6/5/2022 16:44,,en,1,1,19,[],[],0,0,,,,,,,,,,,High
810,watched whole min video day apparently theres tons fanfiction kidnapped anorexic girls made fight food,6/5/2022 16:43,,en,1,0,2,[],[],0,0,,,,,,,,,,,High
811,anorexia edible everyone else eats brownies mixed tiny bit leftover hal top greek yogurt shit ton weed butter almond milk redd wip ok thought gonna repulsive love,6/5/2022 16:41,,en,0,0,1,[],[],0,0,,,,,,,,,,,High
812,anorexia edible everyone else eats brownies mixed tiny bit leftover halo top greek yogurt shit ton weed butter almond milk redd wip ok thought gonna repulsive love,6/5/2022 16:40,,en,0,0,1,[],[],0,0,,,,,,,,,,,High
813,least week think time loudly exclaimed locker room wow thigh gap friend layer learned struggling w anorexia upside face,6/5/2022 16:40,,en,0,0,0,[],[],0,0,,,,,,,,,,,High
814,fasting gc age fine fast time encourage meanspo rt join flops u see,6/5/2022 16:40,,en,0,0,1,[],[],0,0,,,,,,,,,,,High
815,used lose hr fasts weekends lately rly hard edtwt pals fast often u ever feel way rt join fasting gc life fasting circle could fast together idk ur new fasts pls dont start id feel bad,6/5/2022 16:39,,en,0,0,1,[],[],0,0,,,,,,,,,,,High
816,wanna try nightly honey thing itll break keto godsend im nerdiest anorexic planning wk long scientific experiment see one works better wk honey wk wk control variables r exercise total calories,6/5/2022 16:39,,en,0,0,0,[],[],0,0,,,,,,,,,,,High
817,nothing beats good bad dramatic anti drug self harm anorexia stranger danger film,6/5/2022 16:38,,en,0,0,1,[],[],0,0,,,,,,,,,,,High
818,see kinda stuff makes think absolutely anorexia idk closest ive gotten diagnosis yeah definitely disordered eating behaviors couple years ago perhaps consult sm ab would require talking abt,6/5/2022 16:38,,en,0,0,1,[],[],0,0,,,,,,,,,,,High
819,thinking struggled emotional binge eating cal days year thing actually got stop forcing back anorexic habits awful id rather skinny disordered big disordered proud,6/5/2022 16:38,,en,1,0,1,[],[],0,0,,,,,,,,,,,High
820,tw bodycheck body check um wtf baby lost lb november ill taking best anorexic award thank,6/5/2022 16:37,,en,0,0,2,[],[],0,0,,,,,,,,,,,High
821,last meal fast help choose banana rice cake orange fast hurry,6/5/2022 16:36,,en,0,0,1,[],[],0,0,,,,,,,,,,,High
822,wont say need lose weight beginning every year try harder,6/5/2022 16:36,,en,1,0,1,[],[],0,0,,,,,,,,,,,High
823,said mental disorder abt calories said diet im anorexic dont add argument argue,6/5/2022 16:35,,en,1,0,3,[],[],0,0,,,,,,,,,,,High
824,said mental disorder abt calories said diet im anorexic dont add argument argue,6/5/2022 15:40,,en,112,617,4332,[],[],0,1,,,,,,,,,,,High
825,fasted ton even really remember like track cals like october joined edtwt soon really realized eating less hard could make lose desperate really eat much,6/5/2022 15:12,,en,0,1,11,[],[],0,0,,,,,,,,,,,High
826,worst anorexic,6/5/2022 15:09,,en,1,1,4,[],[],0,0,,,,,,,,,,,High
827,turned hot chocolate feeling like best anorexic,6/5/2022 15:07,,en,0,0,2,[],[],0,0,,,,,,,,,,,High
828,sister ate boxes toaster srudels said leave anybody else blah blah dad talked privately said say anything eats could anorexic didnt know meaning could become anorexic,6/5/2022 15:05,,en,1,0,6,[],[],0,0,,,,,,,,,,,High
829,id skinny real anorexic smiling face heart eyes,6/5/2022 15:03,,en,0,0,3,[],[],0,0,,,,,,,,,,,High
830,one picture dead anorexic girl died binge eating like kg worth food still haunts,6/5/2022 15:02,,en,0,0,0,[],[],0,0,,,,,,,,,,,High
831,dear edtwt accounts joining january dont eating dissorder diet wont help place people already hellhole eating dissorder many us unhealthy shit dont even lose weight,6/5/2022 15:02,,en,0,0,0,[],[],0,0,,,,,,,,,,,High
832,h meanspo like really wanna look fat front ur crush friends laugh behind ur back u better starve bb like first would never anything man watch step,6/5/2022 15:00,,en,0,0,0,[],[],0,0,,,,,,,,,,,High
833,edtwt sleeping coconut water low cals relieves bloating fast fiber potassium containe electrolytes rehydration fills u lifesaver ok thank u bye,6/5/2022 15:00,,en,0,0,1,[],[],0,0,,,,,,,,,,,High
834,idc bad anorexia gets refuse give ice cream,6/5/2022 14:59,,en,0,0,0,[],[],0,0,,,,,,,,,,,High
835,dad always says look anorexic triggering bc head jt means look normal,6/5/2022 14:59,,en,0,0,1,[],[],0,0,,,,,,,,,,,High
836,nails turned blue day happy cuz feel like actual anorexic even tho ik bad luv mentally ill feel good see bad side effects,6/5/2022 14:59,,en,0,0,0,[],[],0,0,,,,,,,,,,,High
837,jesus really best anorexic,6/5/2022 14:58,,en,0,0,1,[],[],0,0,,,,,,,,,,,High
838,toxic ed gc problematic racists ableists funny share tips fast together meanspo thinspo etc allowed alt poc lgbtq free pass respect people pronouns weigh ins required like rt added,6/5/2022 14:57,,en,1,0,5,[],[],0,0,,,,,,,,,,,High
839,stop fucking anorexic eat cookie,6/5/2022 14:52,,en,0,0,0,[],[],0,0,,,,,,,,,,,High
840,aww look poor little baby boo fucking hoo edtwt isnt diet plan ed isnt fun quick way lose weight sympathy people brought shit,6/5/2022 14:52,,en,1,0,1,[],[],0,0,,,,,,,,,,,High
841,cal intake today best anorexic,6/5/2022 14:51,,en,0,0,1,[],[],0,0,,,,,,,,,,,High
842,omad today calls oatmeal im best anorexic,6/5/2022 14:49,,en,0,0,0,[],[],0,0,,,,,,,,,,,High
843,drop fav thinspo meanspo ill break fast eat elbows,6/5/2022 14:49,,en,0,0,1,[],[],0,0,,,,,,,,,,,High
844,drugs accidentally making anorexia disappear lt bizarre,6/5/2022 14:49,,en,1,0,1,[],[],0,0,,,,,,,,,,,High
845,ed twt gc make friends fasting together diets thinspo meanspo sweetspo ages creeps among us games lt mainly kp p st ns nctz ns rt like added,6/5/2022 14:48,,en,10,95,484,[],[],0,1,,,,,,,,,,,High
846,end day realized havent eaten im best anorexic,6/5/2022 14:46,,en,0,0,0,[],[],0,0,,,,,,,,,,,High
847,im worst anorexic like lesbian,6/5/2022 14:43,,en,0,0,1,[],[],0,0,,,,,,,,,,,High
848,ate cookie im worst anorexic,6/5/2022 14:42,,en,0,0,1,[],[],0,0,,,,,,,,,,,High
849,like regular practice color guard like anything extra im lazy lol im worst anorexic,6/5/2022 14:40,,en,0,0,1,[],[],0,0,,,,,,,,,,,High
850,never get video chael jacks n best anorexic,6/5/2022 14:39,,en,0,0,1,[],[],0,0,,,,,,,,,,,High
851,wishing anorexia im u ok one wishes mentally ill ed end obsessed weight loss controllable,6/5/2022 14:39,,en,0,0,0,[],[],0,0,,,,,,,,,,,High
852,healthily restricting calories day sweaty official doctors note saying anorexic,6/5/2022 14:39,,en,0,0,0,[],[],0,0,,,,,,,,,,,High
853,people rly trying show best anorexic,6/5/2022 14:38,,en,0,0,0,[],[],0,0,,,,,,,,,,,High
854,god simply hate body right tired starve work,6/5/2022 14:38,,en,0,0,1,[],[],0,0,,,,,,,,,,,High
855,tell ive gained ive lost figures people maybe one two people commented weight years fluctuated lbs idk way dress nobody ever says anything gaining losing,6/5/2022 14:36,,en,0,0,0,[],[],0,0,,,,,,,,,,,High
856,days move days starve,6/5/2022 14:36,,en,0,0,1,[],[],0,0,,,,,,,,,,,High
857,days move school starve,6/5/2022 14:35,,en,0,0,2,[],[],0,0,,,,,,,,,,,High
858,thats youre eating orientation leader asks calorie muffin plate goddamn thing breakfast ill eat,6/5/2022 14:35,,en,0,0,1,[],[],0,0,,,,,,,,,,,High
859,saying fasting restricting start tomorrow ate like fucking garbage,6/5/2022 13:47,,en,9,77,554,[],[],0,1,,,,,,,,,,,High
860,bringing clothes school dont fit motivation starve,6/5/2022 13:32,,en,0,0,1,[],[],0,0,,,,,,,,,,,High
861,cant wait go uni month starve im picky sensory issues menu looks like personal hell ways wont purpose,6/5/2022 13:24,,en,12,106,505,[],[],0,1,,,,,,,,,,,High
862,damn went without trying kill self harmed like times lithium really putting work,6/5/2022 13:16,,en,1,0,3,[],[],0,0,,,,,,,,,,,High
863,episode bought bad food eat binge need eat order start restricting dont waste starts,6/5/2022 13:16,,en,1,0,1,[],[],0,0,,,,,,,,,,,High
864,ate way much lunch feel huge med provider suggested cards making peace food im trying recognize fullness yeah sometimes ignore hate often dont want waste food bcs starving kids africa,6/5/2022 13:15,,en,0,0,1,[],[],0,0,,,,,,,,,,,High
865,didnt eat breakfast lunch typical bullshit dinner least didnt get cals first two meals,6/5/2022 13:13,,en,0,0,1,[],[],0,0,,,,,,,,,,,High
866,enjoy participating research surveys studies found page ed ones course didnt qualify dont anorexia bulimia triggers starving tf,6/5/2022 13:12,,en,0,0,1,[],[],0,0,,,,,,,,,,,High
867,told therapist im planning starve go school brain conflicted thats good told fuck would tell starve peace,6/5/2022 13:11,,en,0,0,0,[],[],0,0,,,,,,,,,,,High
868,lmao im gonna fucking kill know im fat didnt need put damn problems,6/5/2022 13:11,,en,0,0,2,[],[],0,0,,,,,,,,,,,High
869,med provider youre going fast blood work okay youre talking someone eating disorder course fast yes said yes im probably open providers,6/5/2022 13:11,,en,1,0,1,[],[],0,0,,,,,,,,,,,High
870,anxiety way better eating disorder pm havent anything past half hour hungry fuck anxiety also thank,6/5/2022 13:10,,en,1,0,5,[],[],0,0,,,,,,,,,,,High
871,like sw restricting time around hw keep going back forth im happy report th time im back im actually going lose weight time really,6/5/2022 13:09,,en,0,0,0,[],[],0,0,,,,,,,,,,,High
872,reaffirming decision starve college im disgusting,6/5/2022 13:09,,en,0,0,0,[],[],0,0,,,,,,,,,,,High
873,didnt ed certainly wanted starve make boobs smaller lose period honestly matter time happened,6/5/2022 13:09,,en,0,0,1,[],[],0,0,,,,,,,,,,,High
874,people know think recovered understand ed changes bulimic developed bed back heavy restricting planning anyone knowing,6/5/2022 13:09,,en,0,0,1,[],[],0,0,,,,,,,,,,,High
875,anyone else like thread ed since started anorexia restricting came easy first felt proud like defying nature kept focused grounded got addicted compliments lbs came,6/5/2022 13:09,,en,0,0,1,[],[],0,0,,,,,,,,,,,High
876,anyone else move multiple eds years moved anorexia bulimia orthorexia bulimia bed coe back anorexia like fuck dude pick lane stay fuck shit upside face,6/5/2022 13:08,,en,0,0,1,[],[],0,0,,,,,,,,,,,High
877,anyone else move multiple eds years moved anorexia bulimia orthorexia bulimia bed coe back anorexia like fuck dude pick lane stay fuck shit,6/5/2022 13:07,,en,0,0,0,[],[],0,0,,,,,,,,,,,High
878,attempted recovery new friends new start hope future miscarriage bulimia came back full force b p times day sick felt like nothing would ever get better change,6/5/2022 13:06,,en,0,0,0,[],[],0,0,,,,,,,,,,,High
879,body mind rebelled years bulimia started got high act purging felt good able feel like could eat foods missed get rid destroyed body teeth,6/5/2022 13:06,,en,0,0,0,[],[],0,0,,,,,,,,,,,High
880,fast broken hour soup cals luckily made enough justify dinner next days,6/5/2022 13:05,,en,0,0,0,[],[],0,0,,,,,,,,,,,High
881,actually mean fast weird hrs counting guess,6/5/2022 13:04,,en,0,0,1,[],[],0,0,,,,,,,,,,,High
882,love distinct difference edtwt vs minors edtwt minors like tryna lose weight b school starts adults like glad spend entire paycheck rent medical bills afford food,6/5/2022 13:03,,en,0,0,1,[],[],0,0,,,,,,,,,,,High
883,years old come full circle back heavy restricting know weigh tossed scale years ago saw lbs scale figured deserved miserable done fat punishment,6/5/2022 13:00,,en,0,0,0,[],[],0,0,,,,,,,,,,,High
884,hard fast say parents house easier lemme tell really man used binging constantly eating puts alert said hrs counting,6/5/2022 13:00,,en,0,0,0,[],[],0,0,,,,,,,,,,,High
885,still fucked would fast binge purge horrible cycle self loathing felt like failed miserable tried kill obviously failed tried get healthy tried recovery,6/5/2022 13:00,,en,0,0,0,[],[],0,0,,,,,,,,,,,High
886,today fucking lost day binging overeating literally day fucking know goddamn fucking angry,6/5/2022 12:59,,en,0,0,1,[],[],0,0,,,,,,,,,,,High
887,went party fucking regret hate around people broke fast ugh shit,6/5/2022 12:59,,en,0,0,1,[],[],0,0,,,,,,,,,,,High
888,eating cals today looks sexy rn,6/5/2022 12:58,,en,0,0,1,[],[],0,0,,,,,,,,,,,High
889,birthday today restricted food eat lot today,6/5/2022 12:57,,en,1,0,0,[],[],0,0,,,,,,,,,,,High
890,mom body checking front saying im skinnyi wear everything telling go eat eh,6/5/2022 12:56,,en,0,0,1,[],[],0,0,,,,,,,,,,,High
891,going start day fast crossing fingers able complete,6/5/2022 12:56,,en,0,0,1,[],[],0,0,,,,,,,,,,,High
892,bulimia teeth gotten painful point might actually see dentist,6/5/2022 12:56,,en,32,22,215,[],[],0,1,,,,,,,,,,,High
893,intense weight loss gc pro ana hard ed twt meanspo thinspo whateverfucking spo binge youre kicked send tips accountability weighins bodchecks fast together min h ill make fasting circle make events weight welcome commit,6/5/2022 12:54,,en,1,0,3,[],[],0,0,,,,,,,,,,,High
894,agreed diagnosis anorexia nervosa aswell adhd,6/5/2022 12:52,,en,0,0,0,[],[],0,0,,,,,,,,,,,High
895,hmm time feels slow fast time dont like,6/5/2022 12:30,,en,0,0,2,[],[],0,0,,,,,,,,,,,High
896,ok best anorexic,6/5/2022 12:29,,en,0,0,1,[],[],0,0,,,,,,,,,,,High
897,joe wicks best anorexic exercising hrs damn mann,6/5/2022 12:29,,en,0,0,1,[],[],0,0,,,,,,,,,,,High
898,group fasting gc edtwt water fasts liquid fasts monos weigh ins comfortable fasting tips meanspo fatspo asked friendly pls competitive toxicity rt join,6/5/2022 12:29,,en,1,0,1,[],[],0,0,,,,,,,,,,,High
899,anorexic beauty pulp playing distance,6/5/2022 12:29,,en,0,0,1,[],[],0,0,,,,,,,,,,,High
900,greek yoghurt w banana slices breakfast soy latte salad two breadbuns two boiled eggs n tuna lunch strawberry greek yoghurt snack gonna rice fishstew diner later,6/5/2022 12:28,,en,0,0,1,[],[],0,0,,,,,,,,,,,High
901,got cops called ppl neighbourhood thought starved home,6/5/2022 12:28,,en,1,0,1,[],[],0,0,,,,,,,,,,,High
902,wanna make groupchat flops shame proana ages fast together become friends body checks allowed meanspo gore h u talk abt tho rt reply added,6/5/2022 12:28,,en,0,0,1,[],[],0,0,,,,,,,,,,,High
903,since cant get groups im starting pro ana gc well send meanspo encourage lose weight sweetspo meanspo well bully losing weight also send thinspo rt want added,6/5/2022 12:27,,en,0,0,1,[],[],0,0,,,,,,,,,,,High
904,dec st accountability new year bmr tdee cals per day lb week cals per day lb week cals per day lbs week cals per day lbs week,6/5/2022 12:18,,en,0,0,1,[],[],0,0,,,,,,,,,,,High
905,got home hanging guy skinnier calls hot calls fat get hungry,6/5/2022 12:17,,en,0,0,1,[],[],0,0,,,,,,,,,,,High
906,new antidepr ssants making lose weight cause thoughts sewer side overall say win,6/5/2022 12:16,,en,0,0,1,[],[],0,0,,,,,,,,,,,High
907,working people adults edtwt invalid eating shift cannot fast long hours feet thats okay hard working fasting people arent fasting hrs like ppl okay,6/5/2022 12:14,,en,0,0,0,[],[],0,0,,,,,,,,,,,High
908,edtwt whats name irl want skinnier im curious,6/5/2022 12:14,,en,0,0,1,[],[],0,0,,,,,,,,,,,High
909,funny every fat person edtwt recovered anorexic,6/5/2022 12:13,,en,1,0,1,[],[],0,0,,,,,,,,,,,High
910,ed excuse encourage someone engage illness encouraging others fast starve using said meanspo actively worsen others ed ultimately contribute death take responsiblity wake words matter impact,6/5/2022 12:13,,en,1,0,1,[],[],0,0,,,,,,,,,,,High
911,dont wanna hear ppl shit overweight ppl edtwt takes huge toll body able lose much weight fast mad respect u overweight weight loss difficult trip high sw,6/5/2022 5:58,,en,58,234,1742,[],[],0,1,,,,,,,,,,,High
912,may bulimic least im american,6/4/2022 22:00,,en,33,333,1819,[],[],0,1,,,,,,,,,,,High
913,wonder stereotypical ed song ill use anorexia story pictures video see evil monkey,6/4/2022 20:30,,en,31,122,881,[],[],0,1,,,,,,,,,,,High
914,takes months lose lbs really anorexic,6/4/2022 17:35,,en,64,187,1707,[],[],0,1,,,,,,,,,,,High
915,u skinny girl ur phone lockscreen ur either gay anorexic,6/4/2022 17:33,,en,0,0,2,[],[],0,0,,,,,,,,,,,High
916,still eating disorder career medical field anything possible wish could one yr olds recovery account eating cal oatmeal tiktok real life lies views,6/4/2022 17:32,,en,0,0,1,[],[],0,0,,,,,,,,,,,High
917,im sorry ur ibs call urself anorexic ur valid everyone else anorexia isnt weight im sorry struggling got youve already lost weight im proud lt,6/4/2022 17:30,,en,0,0,1,[],[],0,0,,,,,,,,,,,High
918,imagine running meanspo account find one moots died due starvation fuckin nerve cry abt pity points acc helped friend starve first place continuing post meanspo,6/4/2022 17:29,,en,0,0,1,[],[],0,0,,,,,,,,,,,High
919,like im trying vibe starve guys always something say every day arent tired work try understand feel need undermine every ed besides textbook anorexia,6/4/2022 17:28,,en,0,0,1,[],[],0,0,,,,,,,,,,,High
920,living middle east anorexia pick struggle,6/4/2022 17:28,,en,0,0,2,[],[],0,0,,,,,,,,,,,High
921,people dont want look deadly skinny know okay objective eating disorders dont look everyone,6/4/2022 17:27,,en,0,0,0,[],[],0,0,,,,,,,,,,,High
922,anorexic get expelled school kept missing periods,6/4/2022 17:26,,en,0,0,6,[],[],0,0,,,,,,,,,,,High
923,everyone tiktok suddenly becoming anorexic,6/4/2022 17:25,,en,0,0,2,[],[],0,0,,,,,,,,,,,High
924,offend one anorexic bitch come friends pack spooky scary skeletons,6/4/2022 17:25,,en,0,0,0,[],[],0,0,,,,,,,,,,,High
925,edtwt user adhd keeps forgetting end fast timer,6/4/2022 17:25,,en,1,1,8,[],[],0,0,,,,,,,,,,,High
926,rip best anorexic era able fast like week problem even go two days without binging,6/4/2022 17:24,,en,1,0,3,[],[],0,0,,,,,,,,,,,High
927,edtwt wants join group chat since ones full send low cal recipes tips exercises etc thinspo sweetspo bonespo meanspo everyone okay fatspo sh gore please fast together body checks required rt pls,6/4/2022 17:22,,en,0,0,1,[],[],0,0,,,,,,,,,,,High
928,new edtwt im molly cw kg lbs gw kg lbs please mean current weight know bad im trying hardest lose weight plz fatspo thinspo vents self harm ment rt moots,6/4/2022 17:22,,en,0,0,2,[],[],0,0,,,,,,,,,,,High
929,omg ur anorexic shoves u wall whats ur favorite diet shoves knee ur thighs u restrictionwhore fastingslut licks stripe ur neck wanna skinny little ana gf bf partner,6/4/2022 17:21,,en,0,0,2,[],[],0,0,,,,,,,,,,,High
930,would anyone want part higher bmi gc could motivate diets fasts together etc please rt part edtwt,6/4/2022 15:18,,en,0,0,1,[],[],0,0,,,,,,,,,,,High
931,someone whos anorexic surely eat way much,6/4/2022 15:18,,en,0,0,0,[],[],0,0,,,,,,,,,,,High
932,felt something needed said two years ago around christmas time lowest weight ever anorexic bulimic became physcotic losing weight woukd make throw even hadnt eaten days,6/4/2022 15:17,,en,0,0,0,[],[],0,0,,,,,,,,,,,High
933,feel guilty use anorexic irl thinspo try make feel better shes safe healthy deep dont care far go need smaller look see shes sick still want worse,6/4/2022 15:17,,en,0,0,1,[],[],0,0,,,,,,,,,,,High
934,im getting blood tests doctors two weeks theyre worried might fibroids shit able tell im anorexic like something bloods show,6/4/2022 15:16,,en,0,0,0,[],[],0,0,,,,,,,,,,,High
935,started period third time space three weeks thought anorexic meant skipped whole period shit went ham lol,6/4/2022 15:16,,en,0,0,1,[],[],0,0,,,,,,,,,,,High
936,fast starts today please meanspo drop best thinspo get urge break something motivate,6/4/2022 15:15,,en,0,0,0,[],[],0,0,,,,,,,,,,,High
937,way tsp honey wish could ed like best anorexic,6/4/2022 15:14,,en,0,0,1,[],[],0,0,,,,,,,,,,,High
938,period see someone overweight actively try lose weight bet ass hyping backing trying best,6/4/2022 15:14,,en,0,0,0,[],[],0,0,,,,,,,,,,,High
939,rt goin edtwt gc fatspo gt supportive lt group diets fasts gore thinspo diet talk,6/4/2022 15:14,,en,0,0,1,[],[],0,0,,,,,,,,,,,High
940,every time get slightly dizzy shaky brain decides tell best anorexic thats ever existed moment eat tells im faking ngl guys im kinda sus maybe im imposter,6/4/2022 15:13,,en,0,0,1,[],[],0,0,,,,,,,,,,,High
941,yeah diet might even go far say best anorexic j,6/4/2022 15:13,,en,0,0,1,[],[],0,0,,,,,,,,,,,High
942,dont think mad intermittent fasting legit diet thing like mad nutritionist really looked us said yoo kinda onto something,6/4/2022 15:12,,en,0,0,0,[],[],0,0,,,,,,,,,,,High
943,dont think wild intermittent fasting legit diet thing like mad nutritionist really looked us said yoo kinda onto something,6/4/2022 15:12,,en,0,0,1,[],[],0,0,,,,,,,,,,,High
944,food disgusting u fasting look thread lt u got,6/4/2022 15:11,,en,1,0,1,[],[],0,0,,,,,,,,,,,High
945,helpful workouts lose weight thread,6/4/2022 15:11,,en,0,0,1,[],[],0,0,,,,,,,,,,,High
946,stoopid ass like yeah ill little bit anorexia time xo,6/4/2022 15:11,,en,0,0,1,[],[],0,0,,,,,,,,,,,High
947,let honest getting heart broken fastest way lose weight,6/4/2022 15:10,,en,0,0,0,[],[],0,0,,,,,,,,,,,High
948,im worst anorexic life lol damn okay,6/4/2022 15:10,,en,0,0,0,[],[],0,0,,,,,,,,,,,High
949,im fasting anyway notice help besties,6/4/2022 15:10,,en,0,0,1,[],[],0,0,,,,,,,,,,,High
950,edtwt like planning day fast imma pretend sick,6/4/2022 15:10,,en,1,0,1,[],[],0,0,,,,,,,,,,,High
951,might loose followers saying even want anorexic mean pro ana think actually think everyone beautiful,6/4/2022 15:08,,en,0,0,0,[],[],0,0,,,,,,,,,,,High
952,might loose followers even want anorexic mean pro ana fact actually think everyone beautiful deserves normal eating habits,6/4/2022 15:08,,en,0,0,0,[],[],0,0,,,,,,,,,,,High
953,emotional mental state episode bine eating knowing starve,6/4/2022 15:06,,en,0,0,1,[],[],0,0,,,,,,,,,,,High
954,emotional mental state episode binge eating knowing starve,6/4/2022 15:06,,en,0,0,1,[],[],0,0,,,,,,,,,,,High
955,really im already fasting cause thanksgiving freaking tf,6/4/2022 15:05,,en,1,0,1,[],[],0,0,,,,,,,,,,,High
956,apparently lot ppl cant sleep avoid eating guess im blessed,6/4/2022 15:05,,en,0,0,0,[],[],0,0,,,,,,,,,,,High
957,started fast forgot rigatoni pasta day,6/4/2022 14:58,,en,29,144,724,[],[],0,1,,,,,,,,,,,High
958,im hrs away fasting goal,6/4/2022 14:12,,en,72,412,2621,[],[],0,1,,,,,,,,,,,High
959,im starting fast tmrw anyone wanna fast,6/4/2022 13:53,,en,1,0,0,[],[],0,0,,,,,,,,,,,High
960,ive high restriction recently ive loosing lot suddenly ive staying hate,6/4/2022 13:53,,en,0,0,0,[],[],0,0,,,,,,,,,,,High
961,ive fasting way normal im slowly starting loose feeling hunger,6/4/2022 13:52,,en,1,0,1,[],[],0,0,,,,,,,,,,,High
962,yall fasted hrs broke fast black beans black beans,6/4/2022 13:36,,en,0,0,0,[],[],0,0,,,,,,,,,,,High
963,binging week say,6/4/2022 13:36,,en,1,0,2,[],[],0,0,,,,,,,,,,,High
964,thinking im getting skinnier looking huge,6/4/2022 13:35,,en,0,0,1,[],[],0,0,,,,,,,,,,,High
965,tw mention f ng think im going start f ng,6/4/2022 13:34,,en,1,0,1,[],[],0,0,,,,,,,,,,,High
966,sorry appropriating eating disorders calling anorexic bmi anorexic dramatic sorry sorry fat,6/4/2022 13:34,,en,0,0,2,[],[],0,0,,,,,,,,,,,High
967,eating disorder joke think even one hahaha fat anorexic k calories days lmao fat bitch honestly might attempt icide today funsies,6/4/2022 13:33,,en,0,0,1,[],[],0,0,,,,,,,,,,,High
968,ridiculous bc kinda binging everyday idk hope today days feel like even bulimia making binge giving super easily,6/4/2022 13:32,,en,0,0,1,[],[],0,0,,,,,,,,,,,High
969,eating disorder mental illness cured,6/4/2022 13:32,,en,0,0,1,[],[],0,0,,,,,,,,,,,High
970,hard ed twt boring everyday complain overdone ed jokes threaten doxx someone complain meanspo isnt mean enough douyin thread freak oomf getting suspended break fast,6/4/2022 13:31,,en,0,0,1,[],[],0,0,,,,,,,,,,,High
971,dont anorexia never understand sick gross vile things disorder makes think people body stop lecturing anorexics cannot control thoughts,6/4/2022 13:31,,en,0,0,1,[],[],0,0,,,,,,,,,,,High
972,always rave youre gonna lose lets honest point nobody believes youve gotten disgustingly fat even though youre restricting everyone knows youre gonna binge everyday get fucking self control starve,6/4/2022 13:30,,en,1,0,1,[],[],0,0,,,,,,,,,,,High
973,vs fast big bitch lmao,6/4/2022 13:29,,en,0,0,0,[],[],0,0,,,,,,,,,,,High
974,arent starving pathetic whore,6/4/2022 13:29,,en,0,0,1,[],[],0,0,,,,,,,,,,,High
975,maybe mentally ill spanish teacher talking bad heroin chic cause theyre skinny like theyre skinny ughh want,6/4/2022 13:29,,en,0,0,1,[],[],0,0,,,,,,,,,,,High
976,mom rlly stuck chord rn back starving yah,6/4/2022 13:28,,en,0,0,1,[],[],0,0,,,,,,,,,,,High
977,parents really think getting therapist gonna fix eating disorder bitch u know dont like talking strangers sit like hour,6/4/2022 13:28,,en,1,0,0,[],[],0,0,,,,,,,,,,,High
978,whduahhdhah mom feeding dogs like mean deserted island would eat dog food like eww wouldnt like would starve instead like yeah would thank much,6/4/2022 13:28,,en,0,0,0,[],[],0,0,,,,,,,,,,,High
979,maam anorexia,6/4/2022 13:27,,en,1,0,2,[],[],0,0,,,,,,,,,,,High
980,need lot meanspo rn get day fast pls interact rt pls b severe lt,6/4/2022 13:27,,en,1,0,1,[],[],0,0,,,,,,,,,,,High
981,us stand fast,6/4/2022 13:26,,en,0,0,1,[],[],0,0,,,,,,,,,,,High
982,imagine making movie spread awareness anorexia encourage recovery triggering people w eds use motivation massive l,6/4/2022 13:26,,en,0,0,1,[],[],0,0,,,,,,,,,,,High
983,edtwt never dry fast thread,6/4/2022 13:25,,en,0,0,1,[],[],0,0,,,,,,,,,,,High
984,new sw cw ugw lt need friends fast minor bisexual rt fav moots lt,6/4/2022 13:25,,en,1,0,2,[],[],0,0,,,,,,,,,,,High
985,calories calories burned total calories,6/4/2022 13:20,,en,0,0,1,[],[],0,0,,,,,,,,,,,High
986,burned many calories todayy,6/4/2022 13:19,,en,52,139,958,[],[],0,1,,,,,,,,,,,High
987,calories calories burned total calories yes,6/4/2022 13:06,,en,0,0,1,[],[],0,0,,,,,,,,,,,High
988,calories calories burned total calories opps,6/4/2022 13:06,,en,0,0,2,[],[],0,0,,,,,,,,,,,High
989,calories calories burned total calories god,6/4/2022 13:05,,en,0,0,1,[],[],0,0,,,,,,,,,,,High
990,calories calories burned total calories omg,6/4/2022 13:04,,en,0,0,0,[],[],0,0,,,,,,,,,,,High
991,calories calories burned total calories omad,6/4/2022 13:03,,en,0,0,1,[],[],0,0,,,,,,,,,,,High
992,calories calories burned total calories fuck,6/4/2022 13:03,,en,0,0,0,[],[],0,0,,,,,,,,,,,High
993,calories calories burned total calories sad,6/4/2022 13:03,,en,1,0,0,[],[],0,0,,,,,,,,,,,High
994,calories calories burned total calories stress,6/4/2022 13:01,,en,17,28,297,[],[],0,1,,,,,,,,,,,High
995,calories calories burned total calories shit,6/4/2022 12:59,,en,1,0,3,[],[],0,0,,,,,,,,,,,High
996,calories calories burned total calories okk,6/4/2022 12:55,,en,0,0,2,[],[],0,0,,,,,,,,,,,High
997,calories calories burned total calories nervos,6/4/2022 12:55,,en,0,1,3,[],[],0,0,,,,,,,,,,,High
998,calories calories burned total calories hill,6/4/2022 12:55,,en,0,0,1,[],[],0,0,,,,,,,,,,,High
999,calories calories burned total calories fukk,6/4/2022 12:49,,en,1,0,1,[],[],0,0,,,,,,,,,,,High
1000,calories calories burned total calories,6/4/2022 12:46,,en,1,1,5,[],[],0,0,,,,,,,,,,,High
1001,calories calories burned total calories hell yes,6/4/2022 12:05,,en,0,0,1,[],[],0,0,,,,,,,,,,,High
1002,calories calories burned total calories bad ,6/4/2022 12:05,,en,0,0,1,[],[],0,0,,,,,,,,,,,High
1003,hellow creating christmas omad gc feel free rt answer added rules meanspo sweetspo thinspo allowed everyone comfy whe share omad everyday fast ofc details leaked gc,6/4/2022 12:05,,en,0,0,1,[],[],0,0,,,,,,,,,,,High
1004,one dis rdered bitch ass brain lets pace tiny ass room stub toe door walking fast,6/4/2022 12:05,,en,0,0,0,[],[],0,0,,,,,,,,,,,High
1005,pissed much easier fast,6/4/2022 12:04,,en,0,0,1,[],[],0,0,,,,,,,,,,,High
1006,anorexia anorexia nervosa two different things anorexia anorexia nervosa two different things anorexia anorexia nervosa two different things anorexia anorexia nervosa two different things anorexia anorexia nervosa two different th,6/4/2022 12:03,,en,0,0,1,[],[],0,0,,,,,,,,,,,High
1007,anyone else feel intimidated fact mostly everyone edtwt literally model status youre simply disgusting fat girl wants lose weight knows make prettier ppl gifted beauty fit feel alone,6/4/2022 11:57,,en,0,0,1,[],[],0,0,,,,,,,,,,,High
1008,eating disorders losing weight looking like dead one gain weight maintain weight binging purging maybe fasting mental illness physical one,6/4/2022 11:57,,en,0,0,1,[],[],0,0,,,,,,,,,,,High
1009,god hate eating disorders fucking hate bullshit wanna cry,6/4/2022 11:57,,en,0,0,1,[],[],0,0,,,,,,,,,,,High
1010,im channeling anorexic druggie energy wanna look dead outside feel inside,6/4/2022 11:56,,en,0,0,1,[],[],0,0,,,,,,,,,,,High
1011,wait restart anorexia star struck,6/4/2022 11:39,,en,1,0,1,[],[],0,0,,,,,,,,,,,High
1012,going watch newest season crown trigger bulimia,6/4/2022 11:39,,en,0,0,0,[],[],0,0,,,,,,,,,,,High
1013,opportunity buy frozen mochis bc calories best anorexic,6/4/2022 11:38,,en,0,0,1,[],[],0,0,,,,,,,,,,,High
1014,chance eat pizza chocolate today truly best anorexic,6/4/2022 11:37,,en,0,0,1,[],[],0,0,,,,,,,,,,,High
1015,think went orthorexia anorexia bed,6/4/2022 11:36,,en,1,0,1,[],[],0,0,,,,,,,,,,,High
1016,anorexic fasting girl,6/4/2022 11:36,,en,1,0,0,[],[],0,0,,,,,,,,,,,High
1017,watching gbbo make want break fast best anorexic,6/4/2022 11:35,,en,1,0,1,[],[],0,0,,,,,,,,,,,High
1018,mum hired new chef weeks ago mum dad lost kg worst anorexic,6/4/2022 11:30,,en,0,0,1,[],[],0,0,,,,,,,,,,,High
1019,honestly restarting anorexia tomorrow,6/4/2022 11:30,,en,0,0,1,[],[],0,0,,,,,,,,,,,High
1020,ss vs ss trying convince anorexic eats cals day absolutely,6/4/2022 11:29,,en,0,0,1,[],[],0,0,,,,,,,,,,,High
1021,one cupcake eat day,6/4/2022 11:29,,en,0,0,1,[],[],0,0,,,,,,,,,,,High
1022,happy loosing weight clothes fit clothes fit sad wanna buy bc im wanna waste,6/4/2022 4:02,,en,65,324,2170,[],[],0,1,,,,,,,,,,,High
1023,eating meals nope drinking alcohol ofc,6/3/2022 22:23,,en,32,182,1095,[],[],0,1,,,,,,,,,,,High
1024,finally opened bf disordered eating sweet supportive,6/3/2022 16:49,,en,18,196,1128,[],[],0,1,,,,,,,,,,,High
1025,gained lbs week long binge fasted hrs planing eating cals today let hope gets back track,6/3/2022 16:38,,en,0,0,0,[],[],0,0,,,,,,,,,,,High
1026,keep slipping binging habits everywhere day starving fucking hate,6/3/2022 16:37,,en,0,0,1,[],[],0,0,,,,,,,,,,,High
1027,stuck weight past days even tho restricting alot idea,6/3/2022 16:37,,en,0,0,3,[],[],0,0,,,,,,,,,,,High
1028,mu crush coming round mine thrusday gonna home alone need loose much weight possible,6/3/2022 16:36,,en,0,0,7,[],[],0,0,,,,,,,,,,,High
1029,posting pin find easily best way track many cals eat reach x goal weight x amount time,6/3/2022 16:35,,en,0,0,0,[],[],0,0,,,,,,,,,,,High
1030,spent day binging wanna die tomorrow ima fast make,6/3/2022 16:35,,en,0,0,6,[],[],0,0,,,,,,,,,,,High
1031,still tryna wrap head around dropped like lbs weeks,6/3/2022 16:35,,en,0,0,1,[],[],0,0,,,,,,,,,,,High
1032,hard proana side ed twt makes wanna recover really mean make fun ppls bodychecks food logs maybe sensitive miserable bully people ed make valid,6/3/2022 16:34,,en,0,0,1,[],[],0,0,,,,,,,,,,,High
1033,ask long took like u fast lot restricting,6/3/2022 16:34,,en,0,0,1,[],[],0,0,,,,,,,,,,,High
1034,st jan saturday breakfast slices chullah lunch ate eggs mayo home cooked bread roll early ish dinner chicken legs roasted potatoes bits broccoli drinks green tea,6/3/2022 16:33,,en,0,0,1,[],[],0,0,,,,,,,,,,,High
1035,rd jan weight tried fast mum made food lunch cauliflower soup dinner spaghetti cheese snack chocolate,6/3/2022 16:32,,en,0,0,0,[],[],0,0,,,,,,,,,,,High
1036,december literally skinny month im well hope christmas holidays dont fuck,6/3/2022 16:31,,en,0,0,1,[],[],0,0,,,,,,,,,,,High
1037,determined loose weight carry loosing weight,6/3/2022 16:31,,en,0,0,1,[],[],0,0,,,,,,,,,,,High
1038,loose lb loose lb loose lb loose lb loose lb loose lb loose lb loose lb loose lb loose lb,6/3/2022 16:30,,en,0,0,0,[],[],0,0,,,,,,,,,,,High
1039,ed good bad rn fasting much losing much weight exhausted sad wanna,6/3/2022 16:28,,en,0,0,1,[],[],0,0,,,,,,,,,,,High
1040,sunday nd january weight breakfast tinned peaches gym active cals burnt total cals burnt dinner takeaway crispy chicken burger sweet potato chips normal chips,6/3/2022 14:59,,en,33,109,648,[],[],0,1,,,,,,,,,,,High
1041,anorexia recovery glow,6/3/2022 14:29,,en,16,76,452,[],[],0,1,,,,,,,,,,,High
1042,u would think tht anorexic makes u save food reality opposit,6/3/2022 14:21,,en,0,0,1,[],[],0,0,,,,,,,,,,,High
1043,every yt anorexia story like wanted thin stopped eating hated food motherfucking binge part living world something really invalid wrong,6/3/2022 14:20,,en,0,0,1,[],[],0,0,,,,,,,,,,,High
1044,youre serving sis thank god im anorexic,6/3/2022 14:13,,en,0,0,1,[],[],0,0,,,,,,,,,,,High
1045,everyone edtwt like omg better daily three hour long shower skin care routine forget im literally starving much hate body,6/3/2022 14:12,,en,0,0,1,[],[],0,0,,,,,,,,,,,High
1046,remember comments family made christmas dinner decided go seconds think faces every time decide break fast go calorie limit stop making excuses,6/3/2022 14:12,,en,0,0,1,[],[],0,0,,,,,,,,,,,High
1047,exercise fasting try get certain amount steps per day v curious,6/3/2022 14:10,,en,0,0,2,[],[],0,0,,,,,,,,,,,High
1048,hr fast unintentional bc smoked passed lost vape somewhere bed turned lactose intolerant officially summary fuck,6/3/2022 13:55,,en,0,0,1,[],[],0,0,,,,,,,,,,,High
1049,hr fast end got exactly one lunch left fasting another,6/3/2022 13:54,,en,0,0,0,[],[],0,0,,,,,,,,,,,High
1050,bad binge cycle pushed back lbs im back fasting supplements exercising final stretch im giving nd chances,6/3/2022 13:53,,en,1,0,4,[],[],0,0,,,,,,,,,,,High
1051,breakfast ive skipping since middle school become habit want approve,6/3/2022 13:53,,en,1,0,4,[],[],0,0,,,,,,,,,,,High
1052,fuck want get korean lunch im resisting hard rn im hrs fast pls help,6/3/2022 13:52,,en,0,0,1,[],[],0,0,,,,,,,,,,,High
1053,fuck got back doc uti im getting feverish etc worst part take food plan eating saturday,6/3/2022 13:52,,en,0,0,1,[],[],0,0,,,,,,,,,,,High
1054,always forget long fasts make incredibly unable sleep solution hunger pains sleeping downing water cant sleep either bc im constantly peeing want win plwase,6/3/2022 13:52,,en,0,0,1,[],[],0,0,,,,,,,,,,,High
1055,ur fast autophagy unless youre guzzling fast wont break metabolic keto stage coffee tea work bc small lt amnt cals still wont throw,6/3/2022 13:51,,en,1,0,1,[],[],0,0,,,,,,,,,,,High
1056,began hr fast break awful binge cycle good w portion control last week solid plan workouts ready combine,6/3/2022 13:51,,en,0,0,1,[],[],0,0,,,,,,,,,,,High
1057,lol bought new vape stuff today goes quitting ill extra stealth around others ill formally quit reach ugw either way thru hr fast im black coffee water caffeine pill lolol,6/3/2022 13:51,,en,0,0,0,[],[],0,0,,,,,,,,,,,High
1058,ok im gonna weigh today finally bc im back restricting hard wanna trigger ive scared feel like time,6/3/2022 13:46,,en,0,0,4,[],[],0,0,,,,,,,,,,,High
1059,ok despite raining managed hit min goal exercise elliptical speed walked around basement reached mi feeling kinda good decided dont exact thing want lunch im eating plus hit hrs fast,6/3/2022 12:55,,en,1,0,3,[],[],0,0,,,,,,,,,,,High
1060,results cal omad h fast k steps,6/3/2022 12:48,,en,1,0,8,[],[],0,0,,,,,,,,,,,High
1061,results cal omad h fasting k steps due snowstorm,6/3/2022 12:47,,en,1,0,1,[],[],0,0,,,,,,,,,,,High
1062,results omad cals h fast lt k steps feeling sick snowstorm,6/3/2022 12:44,,en,0,0,1,[],[],0,0,,,,,,,,,,,High
1063,results cal omad h fast k steps,6/3/2022 12:43,,en,0,0,1,[],[],0,0,,,,,,,,,,,High
1064,today going good met water requirements plan hr fast cal konjac jelly day break wed evening max cal wed fri im exercising days thats ill eat im getting mf plateau,6/3/2022 12:42,,en,0,0,0,[],[],0,0,,,,,,,,,,,High
1065,didnt know eat calories everyday anorexic us parents monitor every move us also dont want go back near death,6/3/2022 12:42,,en,0,0,1,[],[],0,0,,,,,,,,,,,High
1066,never hungry lose cant bloat dont eat eating help lose,6/3/2022 12:42,,en,0,0,1,[],[],0,0,,,,,,,,,,,High
1067,wait,6/3/2022 12:42,,en,0,0,1,[],[],0,0,,,,,,,,,,,None
1068,bella hadid bodytype decided im going look like,6/3/2022 12:41,,en,0,0,1,[],[],0,0,,,,,,,,,,,High
1069,cant wait time people realize edtwt isnt full people telling starve people mentally ill need safe place vent others relate go shit,6/3/2022 12:40,,en,0,0,0,[],[],0,0,,,,,,,,,,,High
1070,anyone know lose weight hips wanna look masculine,6/3/2022 12:39,,en,0,0,1,[],[],0,0,,,,,,,,,,,High
1071,got called wannabe anorexic edtumblr like said ate like cal day lmao,6/3/2022 12:38,,en,0,0,1,[],[],0,0,,,,,,,,,,,High
1072,starvingindiors hard ed twt gc dont sensitive thinspo meanspo fatspo allowed gore graphic material starts jan st rt reply added,6/3/2022 12:38,,en,1,0,1,[],[],0,0,,,,,,,,,,,High
1073,know take showers keep clean make sure skin hair dirty inside body disgusting blobs fat cover organs somehow okay like things u rn ew starve,6/3/2022 12:31,,en,0,0,1,[],[],0,0,,,,,,,,,,,High
1074,got wap dont anorexic,6/3/2022 12:30,,en,1,0,1,[],[],0,0,,,,,,,,,,,High
1075,currently best anorexic,6/3/2022 7:35,,en,182,1077,8179,[],[],0,1,,,,,,,,,,,High
1076,remember namj n yelling anorexic j n everyone like,6/3/2022 7:00,,en,0,0,1,[],[],0,0,,,,,,,,,,,High
1077,ive today redbull diet coke stick gum best anorexic,6/3/2022 6:57,,en,1,0,1,[],[],0,0,,,,,,,,,,,High
1078,anorexic caffeine addiction means im either really slow really fast,6/3/2022 6:54,,en,19,73,459,[],[],0,1,,,,,,,,,,,High
1079,anyone else anorexia notebook,6/2/2022 22:50,,en,13,124,718,[],[],0,1,,,,,,,,,,,High
1080,edtwt bunch sad bisexuals flirting starving,6/2/2022 20:28,,en,21,153,942,[],[],0,1,,,,,,,,,,,High
1081,every anorexic watches j den anm dont even know,6/2/2022 17:37,,en,0,0,1,[],[],0,0,,,,,,,,,,,High
1082,breakfast blueberries black berries raspberries cup lemon rose tea actually feel full bad tumblr proana imagine,6/2/2022 17:36,,en,0,0,1,[],[],0,0,,,,,,,,,,,High
1083,god miss honeymoon phase ed best anorexic,6/2/2022 17:36,,en,0,0,0,[],[],0,0,,,,,,,,,,,High
1084,ate ice cream clearly im fake anorexic,6/2/2022 17:36,,en,1,0,0,[],[],0,0,,,,,,,,,,,High
1085,lost ppunds overnight im best anorexic,6/2/2022 17:35,,en,0,0,0,[],[],0,0,,,,,,,,,,,High
1086,thought anorexia supposed kill sex drive still getting whore knee,6/2/2022 17:35,,en,0,0,0,[],[],0,0,,,,,,,,,,,High
1087,u reply ur best anorexic,6/2/2022 17:34,,en,0,0,1,[],[],0,0,,,,,,,,,,,High
1088,im anemic anorexic miracle stand sometimes,6/2/2022 17:34,,en,1,0,3,[],[],0,0,,,,,,,,,,,High
1089,im looking one rly specific ao fic j n anorexic gets rly bad everyone confronts helps cant remember called,6/2/2022 17:33,,en,0,1,7,[],[],0,0,,,,,,,,,,,High
1090,im anorexic simply vibe calories,6/2/2022 17:32,,en,1,1,9,[],[],0,0,,,,,,,,,,,High
1091,quit anorexic really hard,6/2/2022 17:29,,en,0,0,1,[],[],0,0,,,,,,,,,,,High
1092,bf picked today made anorexic brain go,6/2/2022 17:29,,en,0,0,1,[],[],0,0,,,,,,,,,,,High
1093,new ed twt want moots tweets mainly add fueled anorexic dms always open gw like kg smthng,6/11/2022 4:06,,en,0,0,0,[],[],0,0,,,,,,,,,,,High
1094,omw anorexia town,6/11/2022 4:01,,en,0,0,0,[],[],0,1,,,,,,,,,,,High
1095,pretty much daily routine im losing pound day bad days binge im still best anorexic,6/10/2022 11:32,,en,0,0,1,[],[],0,1,,,,,,,,,,,High
1096,today discovered theres anorexia kink anorexic porn also discovered hate internet retiring forever,6/10/2022 11:28,,en,0,0,0,[],[],0,1,,,,,,,,,,,High
1097,ur anorexic eat serious lol,6/10/2022 9:31,,en,0,0,2,[],[],0,0,,,,,,,,,,,High
1098,yanno funny grandma orthorexic aunt recovered anorexic mom bed im anorexic whole family struggles,6/9/2022 15:11,,en,0,1,1,[],[],0,1,,,,,,,,,,,High
1099,lol wtf remember therapist tell great self control asked tips dealing hunger finally opened eating disorder,6/9/2022 15:09,,en,0,0,1,[],[],0,1,,,,,,,,,,,High
1100,got diagnosed really know lost pounds would eat maybe two spoons peanut butter day would eat one slice french toast every day felt dizzy would drink soda went doctor depression found anorexic,6/9/2022 14:28,,en,0,0,1,[],[],0,1,,,,,,,,,,,High
1101,way usually eat pm everyday,6/9/2022 7:07,,en,0,2,2,[],[],0,0,,,,,,,,,,,High
1102,everyone remembers buying first scale every anorexic remembers buying second one,6/9/2022 6:30,,en,0,0,0,[],[],0,1,,,,,,,,,,,High
1103,actually ate breakfast energy work,6/9/2022 6:28,,en,0,0,0,[],[],0,1,,,,,,,,,,,High
1104,need stop eating pop tarts breakfast,6/9/2022 4:19,,en,0,1,1,[],[],0,1,,,,,,,,,,,High
1105,omg yall really cute guy hs im college talking hes sweet already like ahh since im diff state ik im gonna try restricting lose weight b ever meet,6/8/2022 12:17,,en,0,1,1,[],[],0,1,,,,,,,,,,,High
1106,want tiktok edtwt spy yell anorexic would funny think,6/8/2022 12:15,,en,0,0,1,[],[],0,0,,,,,,,,,,,High
1107,yes know anorexic yes faking yes exist,6/8/2022 7:54,,en,0,0,1,[],[],0,1,,,,,,,,,,,High
1108,youtube recomendations lose weight fat bitch songs anorexia,6/8/2022 7:53,,en,0,0,1,[],[],0,1,,,,,,,,,,,High
1109,eating disorders cause fatphobic thoughts isolation mood swings low energy mood eating disorders cannot cause fatphobic actions bully others encourage others keep starving anti recovery,6/8/2022 7:52,,en,0,0,2,[],[],0,1,,,,,,,,,,,High
1110,locals say vent accounts edtwt promoting eating disorders liking influencers posts insta literally getting paid promote diet culture disordered eating intermittent fasting,6/8/2022 7:50,,en,1,0,1,[],[],0,0,,,,,,,,,,,High
1111,possible anorexic bulimic even give title without sounding invalid,6/8/2022 6:46,,en,2,0,2,[],[],0,1,,,,,,,,,,,High
1112,things whilst fasting instead binging,6/8/2022 6:37,,en,0,1,2,[],[],0,1,,,,,,,,,,,High
1113,really whole months get life together instead developed anorexia,6/8/2022 6:36,,en,0,2,2,[],[],0,1,,,,,,,,,,,High
1114,tw meanspo thinking eating literally look like nah rlly continue starving actually wanna reach ugw depends want end day right like wyr stay fat finally look pretty lol needed,6/8/2022 6:31,,en,2,3,6,[],[],0,0,,,,,,,,,,,High
1115,ate like cals yesterday feel v guilty hour fast starts,6/8/2022 0:11,,en,1,2,5,[],[],0,0,,,,,,,,,,,High
1116,serious ppl told much time hands make problem everything ur recipes amazing faar anorexic lol guilt free food still treat instead binging high calorie snacks,6/7/2022 23:44,,en,0,2,2,[],[],0,1,,,,,,,,,,,High
1117,wasnt stuck stupid binge starve cycle wouldve healthy weight ages ago people think eating disorders quirky way lose weight smth,6/7/2022 14:14,,en,0,0,1,[],[],0,1,,,,,,,,,,,High
1118,eating disorders competitive even im trying eat normally tell skipped breakfast nothing iced coffee day im gonna get soo triggered starve excessively next days feel like im better ed,6/6/2022 15:11,,en,1,0,1,[],[],0,1,,,,,,,,,,,High
1119,getting chilled diet coke restaurant fast food place gourmet anorexic,6/6/2022 15:08,,en,0,0,0,[],[],0,1,,,,,,,,,,,High
1120,hey bigger people lbs relapsed back anorexia start calories day yes easier lose weight weigh also health complications weight youre,6/6/2022 14:50,,en,1,0,1,[],[],0,0,,,,,,,,,,,High
1121,bed years thing people ever shame didnt even know eating disorder ones taught anorexia bulimia fuck,6/6/2022 13:26,,en,0,4,4,[],[],0,0,,,,,,,,,,,High
1122,ngl sewingt irls workouts get fitter lose weight theyre already skinny quarantine huge trigger,6/6/2022 12:54,,en,0,0,0,[],[],0,1,,,,,,,,,,,High
1123,fasted hours forgot start broke fast w cranberry juice,6/6/2022 8:14,,en,1,0,1,[],[],0,1,,,,,,,,,,,High
1124,day trying stop binging start restricting bowl pasta yogurt today probs gonna try fast dinner tomorrow,6/6/2022 4:54,,en,0,2,2,[],[],0,1,,,,,,,,,,,High
1125,wanna thin anorexia really bad ive developed bed gained like lbs months making depressed im gonna lose weight get back month,6/6/2022 4:54,,en,0,2,2,[],[],0,0,,,,,,,,,,,High
1126,anorexia developed bed tried recovery also depression got significantly worse im scared weigh know ive gained weight anyway yesterday didnt binge day fasted day need start restricting tho im fat,6/6/2022 0:09,,en,1,4,5,[],[],0,0,,,,,,,,,,,High
1127,eat lot anorexic fuck would u say,6/5/2022 14:33,,en,0,0,2,[],[],0,1,,,,,,,,,,,High
1128,dont wanna eat also dont wanna pass soccer send tips pls lt,6/5/2022 14:25,,en,0,3,5,[],[],0,1,,,,,,,,,,,High
1129,eating disorders mental illness body type eating disorder underweight girl poor family enough keep food table overweight girl starves hates body difficult concept lt,6/5/2022 14:21,,en,1,0,4,[],[],0,1,,,,,,,,,,,High
1130,eating disorders mental illness body type seriously eating disorder girl school poor family hardly food table overweight girl starves hates body difficult concept lt,6/5/2022 14:13,,en,0,1,3,[],[],0,0,,,,,,,,,,,High
1131,edtwt need advice anyone know keep fasting restricting family strict makes sit table dinner,6/5/2022 7:59,,en,0,0,1,[],[],0,1,,,,,,,,,,,High
1132,posting tired hearing people assume skinny underweight people anorexic anorexia body type,6/5/2022 7:45,,en,0,0,0,[],[],0,1,,,,,,,,,,,High
1133,funny went vegetarian bullimic n anorexic,6/5/2022 7:39,,en,1,0,1,[],[],0,0,,,,,,,,,,,High
1134,meanspo tw naked body disgusting try cover baggy clothes everyone tell fat actually think funny desperate hide want judged need lose weight,6/5/2022 7:09,,en,0,0,1,[],[],0,1,,,,,,,,,,,High
1135,making ed gc bc one ever adds ages send thinspos sweetspos meanspos fast together rt reply added,6/4/2022 13:04,,en,0,0,2,[],[],0,0,,,,,,,,,,,High
1136,hii im new ed twitter ive anorexic years retweet dm mutuals,6/4/2022 12:59,,en,0,0,0,[],[],0,1,,,,,,,,,,,High
1137,eating disorders society progressed past need eating disorders,6/4/2022 6:06,,en,0,1,1,[],[],0,1,,,,,,,,,,,High
1138,unpopular opinion encouraging already sick people triggering sickness worse bad wanting healthy people develop eating disorder dont understand anyone would encourage someone starve make condition worse,6/4/2022 5:28,,en,0,6,22,[],[],0,0,,,,,,,,,,,High
1139,eat fucking bitch told starve oh ana fuck worth anyway cuz powerful gorgeous person like must eat deserve delicious meal two three even delicious meals eat fuck,6/4/2022 5:24,,en,0,1,1,[],[],0,1,,,,,,,,,,,High
1140,hii im new uh youre rt want friends starve,6/3/2022 12:59,,en,0,4,10,[],[],0,0,,,,,,,,,,,High
1141,wanna make competitive ed gc rt join ill make gc july st end every week weigh measurements goals reach ugw september st thinspo sweetspo meanspo allowed fast try new diets together,6/3/2022 11:17,,en,0,0,0,[],[],0,0,,,,,,,,,,,High
1142,anorexia eatn bulimia eatn ednos pain pain pain,6/3/2022 1:16,,en,0,0,0,[],[],0,1,,,,,,,,,,,High
1143,dad made eat blt like im tryna good anorexic ill still limit chill though cant snack tonight,6/3/2022 1:16,,en,0,3,6,[],[],0,1,,,,,,,,,,,High
1144,guys im gonna leave ed twt tried anorexic gave moms making sandwich rn,6/2/2022 8:44,,en,0,1,3,[],[],0,1,,,,,,,,,,,High
1145,hii im new anorexia guys starving tips wanna k n n haha lol im tiktok,6/2/2022 8:41,,en,0,0,0,[],[],0,1,,,,,,,,,,,High
1146,dont think anyone responsible ur ed unless specifically tell u starve encourage make u eat thinspo general ed tweets responsible making u starve ure edtwt u know u got u made acc,6/2/2022 8:36,,en,0,0,0,[],[],0,0,,,,,,,,,,,High
1147,anorexic hate food love eating,6/2/2022 8:35,,en,0,0,0,[],[],0,1,,,,,,,,,,,High
1148,r u terrified junk food anorexic live packaged shit anorexic,6/2/2022 8:34,,en,0,0,0,[],[],0,1,,,,,,,,,,,High
1149,edtwt become pronountwt yall fuckin suck im tryna starve,6/2/2022 1:15,,en,0,0,1,[],[],0,1,,,,,,,,,,,High
1150,past three days eat like everyone else theres doubt ive eaten least cals three days way decade long fast,6/2/2022 1:14,,en,0,1,1,[],[],0,1,,,,,,,,,,,High
1151,eat ch potle like best anorexic w v filling low cal,6/2/2022 1:13,,en,0,0,1,[],[],0,1,,,,,,,,,,,High
1152,anorexic hasnt even tried white monster,6/2/2022 1:12,,en,0,0,1,[],[],0,1,,,,,,,,,,,High
1153,small isnt big starve fat bitch smiling cat face heart eyes,6/2/2022 1:08,,en,0,0,1,[],[],0,1,,,,,,,,,,,High
1154,mom said thinks im anorexic fuck,6/2/2022 1:05,,en,0,0,1,[],[],0,1,,,,,,,,,,,High
1155,reason many trans boys develop eating disorders smaller hide less weigh boobs disappear skinnier face masculine cheekbones jaw come ready hear yet,6/2/2022 1:05,,en,0,0,1,[],[],0,1,,,,,,,,,,,High
1156,sara goldfarb ur favorite anorexic character hard ed twt wtf,6/2/2022 1:00,,en,0,1,1,[],[],0,1,,,,,,,,,,,High
1157,sara goldfarb ur favorite anorexic character hard ed twt wtf,6/2/2022 0:56,,en,0,0,1,[],[],0,1,,,,,,,,,,,High
1158,probably skipped lunch said anorexic lol,6/2/2022 0:54,,en,0,0,1,[],[],0,1,,,,,,,,,,,High
1159,ed group chat rt adding racism homophobia sh allowed g bonespo thinspo meanspo dont weird minors dont soft fasting challenges rant vent lt,6/2/2022 0:53,,en,0,0,1,[],[],0,1,,,,,,,,,,,High
1160,ive hidden around long time care im skinny anorexic daughter might ruin perfect image,6/2/2022 0:51,,en,0,0,1,[],[],0,1,,,,,,,,,,,High
1161,anorexia story pictures black screen mins hate photographed,6/2/2022 0:49,,en,0,1,5,[],[],0,0,,,,,,,,,,,High
1162,transphobes edtwt shut starve,6/1/2022 23:50,,en,0,0,0,[],[],0,0,,,,,,,,,,,High
1163,people tiktok talk starving edtwt,6/1/2022 23:49,,en,0,0,1,[],[],0,1,,,,,,,,,,,High
1164,yes suffer anorexia want suffer anorexia want look anorexic want people tell eat want people call stick buy food,6/1/2022 23:48,,en,0,0,1,[],[],0,1,,,,,,,,,,,High
1165,back said would never againit never ends never happy never ends never ends never ends miss eating normally miss liking miss clothes miss life need size,6/1/2022 23:37,,en,0,0,1,[],[],0,0,,,,,,,,,,,High
1166,hearing someone say word anorexic eating disorder irl makes go panic mode,6/1/2022 23:36,,en,0,0,1,[],[],0,1,,,,,,,,,,,High
1167,shouldnt broth ugh fatass youre nauseous finish workout guess cant eat rest day starve bitch,6/1/2022 13:09,,en,0,3,4,[],[],0,0,,,,,,,,,,,High
1168,ex best friend called fat time one reasons im anorexic knows say haircut uneven im bad guy im mean,6/1/2022 8:42,,en,0,3,2,[],[],0,0,,,,,,,,,,,High
1169,used really skinny growing got called anorexic lot due life events got diagnosed depression years old since hated relationship food parents call fat joke eating messes,6/1/2022 8:25,,en,0,2,3,[],[],0,0,,,,,,,,,,,High
1170,cals burned net cals,5/31/2022 13:58,,en,1,0,1,[],[],0,0,,,,,,,,,,,High
1171,im fucking tired bed please want able eat im fucking hungry shouldnt hard,5/31/2022 10:11,,en,3,5,12,[],[],0,0,,,,,,,,,,,High
1172,yeah dont binge often think breaking fasts search meanest meanspo times ive already made mind look meanspo trigger occasionally fun never really keeps eating,5/31/2022 9:15,,en,0,0,0,[],[],0,0,,,,,,,,,,,High
1173,thats case ive bulimic six years,5/31/2022 4:56,,en,0,0,0,[],[],0,1,,,,,,,,,,,High
1174,hey yaall im trying water fast long possible want make ed twt gc send thinspo meanspo sweetspo meanspo bodychecks motivation send inspirational posts keep motivated preferred rt youre interested lt,5/31/2022 4:55,,en,0,0,1,[],[],0,1,,,,,,,,,,,High
1175,local genuinely trying kind tell u u dont need starve beautiful bc found edtwt dont attack cured ed ppl ur enemies ppl deserve put place ones trying help,5/31/2022 4:54,,en,0,0,1,[],[],0,1,,,,,,,,,,,High
1176,didnt bed years developed anorexia would skinny rn instead bmi bitch lt,5/31/2022 4:52,,en,0,0,1,[],[],0,1,,,,,,,,,,,High
1177,im pro recovery people ready anorexic telling another anorexic eat food treating like child also likely theyre moral high ground reason encourage weight gain thatll make feel worse,5/31/2022 4:52,,en,0,0,1,[],[],0,1,,,,,,,,,,,High
1178,vents much triggering meanspo know bit rude say seeing people make progress hits way differently tweet calling fat big telling starve,5/31/2022 4:51,,en,0,0,0,[],[],0,1,,,,,,,,,,,High
1179,probably ed tumblr years pre recovery relapse idea tiktok anorexic idk im accused spy tho like mistake older easy new defend much,5/31/2022 4:49,,en,0,0,1,[],[],0,1,,,,,,,,,,,High
1180,gonna try anorexia diet,5/31/2022 4:48,,en,0,0,1,[],[],0,1,,,,,,,,,,,High
1181,u know u could look like right u could wear anything u want without worrying ur folds r showing ur sitting front tv binge eating get ur ass workout fast u fat hoe,5/31/2022 4:46,,en,0,0,1,[],[],0,1,,,,,,,,,,,High
1182,trying new et love delulu way thinking cutting calories five hundred diets gains even lose pounds fall hard obes ty,5/31/2022 4:45,,en,0,0,1,[],[],0,1,,,,,,,,,,,High
1183,trying lose weight stop trying start baby hard psychological hunger bad habits trick thinking,5/31/2022 4:44,,en,0,0,1,[],[],0,1,,,,,,,,,,,High
1184,tw ed softies dni yeah food feels nice minutes guilt eating lasts longer weight put want fat gluttonous thin petite put food starve bit longer,5/21/2022 3:12,,en,0,0,0,[],[],0,1,,,,,,,,,,,High
1185,could let get fat yet still crave food even exercise leave food stop adding extra flab already huge body need fast much possible shed pounds start stay huge,5/21/2022 2:41,,en,0,0,0,[],[],0,0,,,,,,,,,,,High
1186,ik may hungry think outfits youll wearing u reach ur ugw continue fast bby youll skinnyy,5/18/2022 1:17,,en,0,0,1,[],[],0,0,,,,,,,,,,,High
1187,stop looking pretty people pictures willing takes like lose weight osmosis wifi lol,5/18/2022 1:11,,en,0,0,0,[],[],0,0,,,,,,,,,,,High
1188,yeah know screwed recently f cked goal stop crying like annoying child get back track fast embarrass,5/17/2022 4:17,,en,0,0,0,[],[],0,0,,,,,,,,,,,High
1189,cute skinny already anorexia,5/16/2022 4:46,,en,0,0,0,[],[],0,0,,,,,,,,,,,High
1190,weighed breakfast counted every calorie added everything app sus actually got full feel like sumthing wrong,5/12/2022 5:09,,en,0,0,1,[],[],0,1,,,,,,,,,,,High
1191,many calories hellpp cup mixed veggies im assuming like around calories idkdkgfend,5/7/2022 22:44,,en,0,0,0,[],[],0,0,,,,,,,,,,,High
1192,best anorexic check,5/7/2022 5:37,,en,1,0,1,[],[],0,1,,,,,,,,,,,High
1193,edtwt would binge w calorie counting fast last meal rt answer also picked binge tell would flops shh,5/7/2022 0:33,,en,1,0,1,[],[],0,0,,,,,,,,,,,High
1194,fuck best anorexic strive professional anorexic,4/30/2022 1:08,,en,0,0,0,[],[],0,0,,,,,,,,,,,High
1195,dad said yesterday quote ok starve said wasnt hungry enough eat fish went ate lmfkskd like dude youre literal child,4/29/2022 1:14,,en,1,1,1,[],[],0,0,,,,,,,,,,,High
1196,best anorexic youre depressed cannot get bed,4/28/2022 3:23,,en,0,0,2,[],[],0,1,,,,,,,,,,,High
1197,school taught anorexia bulimia exists longest time didnt think ed since never mention ones,4/28/2022 2:56,,en,0,0,1,[],[],0,0,,,,,,,,,,,High
1198,guys stop urge eat almost made hours w eating start eating keep going,4/27/2022 0:26,,en,0,0,0,[],[],0,0,,,,,,,,,,,High
1199,five oreos ruined fast guys send thinspo,4/27/2022 0:25,,en,1,0,4,[],[],0,0,,,,,,,,,,,High
1200,skinny holidays gc rt join post thinspo bonespo group fasting weigh ins every friday scale available pretty much rules harassment must following lets see lose nov dec st,4/27/2022 0:24,,en,0,0,0,[],[],0,0,,,,,,,,,,,High
1201,almost broke fast pasta decided wasnt worth getting fat cleaned room instead,4/24/2022 5:57,,en,0,0,4,[],[],0,1,,,,,,,,,,,High
1202,edtwt shtwt gc must shtwt edtwt racists trasphobes homophobes allowed fatspo please nice everyone meanspo sweetspo allowed person says ok thinspo drops groups fasts etc rt join,4/23/2022 1:17,,en,0,0,1,[],[],0,1,,,,,,,,,,,High
1203,edtwt say safe starving days,4/22/2022 1:50,,en,0,0,0,[],[],0,0,,,,,,,,,,,High
1204,dont feel like good anorexic right,6/11/2022 1:57,,en,0,0,1,[],[],0,0,,,,,,,,,,,High
1205,im hours fast supposed hours im hungry feel like best anorexic rn,6/10/2022 16:35,,en,0,0,1,[],[],0,0,,,,,,,,,,,High
1206,dumbass forgot sticking liquids water fasting went hours nothing mad like god im dumb,6/10/2022 16:31,,en,1,0,1,[],[],0,0,,,,,,,,,,,High
1207,rt hard ed twt gc dont soft weight limit lbs send meanspo thinspo fatspo etc fast together must lose lbs christmas,6/10/2022 5:18,,en,1,1,3,[],[],0,0,,,,,,,,,,,High
1208,whenever feel like breaking fast binging sometimes jump feeling fat body reminds must stay track,6/9/2022 19:05,,en,0,1,1,[],[],0,0,,,,,,,,,,,High
1209,jade yrs old tw ed sw lbs cw lbs ugw lbs anamia locals dni since tumblr,6/9/2022 19:01,,en,1,0,2,[],[],0,0,,,,,,,,,,,High
1210,edtwt exactly still feel uncomfortable venting actual ed binge overeat lot feel fucking gross like shouldnt almost everyone restricts fasts something sort time im,6/9/2022 1:33,,en,2,1,5,[],[],0,0,,,,,,,,,,,High
1211,retweet join ed groupchat people depends blow age limit meanspo body check gore light nsfw allowed let fasts diets together prefer people developed ed last year,6/9/2022 1:21,,en,0,1,3,[],[],0,0,,,,,,,,,,,High
1212,ed groupchat share tips workouts recipes thinspo meanspo ect active fasting dieting together asshole mean less person asks anything goes rt reply join flops see,6/8/2022 17:54,,en,2,1,13,[],[],0,0,,,,,,,,,,,High
1213,hate ppl edtwt justify fatphobia saying unhealthy okay anamia like eating calories day starving brain,6/7/2022 20:56,,en,1,0,0,[],[],0,0,,,,,,,,,,,High
1214,word binge makes scared since second saw pic anorexic girl dead toilet l food content binged,6/7/2022 19:53,,en,1,0,5,[],[],0,0,,,,,,,,,,,High
1215,boy doesnt know eating disorders told anorexic said thats okay im proud losing weight hope continue strive lose guys guys,6/7/2022 18:52,,en,1,0,0,[],[],0,0,,,,,,,,,,,High
1216,week without successfully fasting fucking winter,6/7/2022 15:38,,en,1,0,4,[],[],0,0,,,,,,,,,,,High
1217,things distract eating proana,6/7/2022 15:32,,en,0,1,0,[],[],0,0,,,,,,,,,,,High
1218,fasting aesthetic asf,6/7/2022 15:28,,en,1,0,3,[],[],0,0,,,,,,,,,,,High
1219,hey anyone know good fasting app,6/7/2022 3:41,,en,0,0,0,[],[],0,0,,,,,,,,,,,High
1220,rt like edtwt gc group fasting daily workout routines thinspo sweetspo bonespo weekly weigh ins meanspo fatspo asked calorie tracking advice onlyy competition gc see progress,6/7/2022 3:41,,en,0,0,2,[],[],0,0,,,,,,,,,,,High
1221,low calorie food drink thread abuse either rt want get fat,6/7/2022 3:07,,en,3,1,2,[],[],0,0,,,,,,,,,,,High
1222,mean need new inspo keep fasting ignore jesus shirt,6/7/2022 1:55,,en,0,1,3,[],[],0,0,,,,,,,,,,,High
1223,helth,6/7/2022 1:54,,en,0,0,4,[],[],0,0,,,,,,,,,,,None
1224,make gc b competitive stuff rules every day binge day fast thinspo meanspo fatspo allowed gore allowed trolling toxicity allowed tell everyone bmi daily weigh ins say much gained lost rt join,6/7/2022 1:51,,en,0,0,0,[],[],0,0,,,,,,,,,,,High
1225,skinny better healthy,6/7/2022 1:37,,en,0,1,0,[],[],0,0,,,,,,,,,,,High
1226,binges small binges purge basically everyday diagnosed bulimia,6/6/2022 22:51,,en,2,3,29,[],[],0,0,,,,,,,,,,,High
1227,fucking hate fat anorexic bone thin huge depression gained lot wanna die,6/6/2022 22:28,,en,1,1,1,[],[],0,0,,,,,,,,,,,High
1228,im gonna start edtwt gc must must day weekly weigh share cw uncomfortable share much lose week group fasts retweet added,6/6/2022 4:32,,en,2,4,9,[],[],0,0,,,,,,,,,,,High
1229,irony anorexic loving cook bake,6/6/2022 4:14,,en,1,4,14,[],[],0,0,,,,,,,,,,,High
1230,want get skinny shit back im months pregnant,6/6/2022 3:47,,en,1,2,14,[],[],0,1,,,,,,,,,,,High
1231,getting urges eat lately im months pregnant w every disordered act feel guilt shame bc know could hurting baby solid yall pls reply tell eat meanest aggressive manner possible srsly go,6/5/2022 21:30,,en,0,1,4,[],[],0,1,,,,,,,,,,,High
1232,better rewards fasting food since animal face masks get nails done rent buy favorite film instead spending money food buy new outfit dye hair,6/5/2022 6:37,,en,0,0,4,[],[],0,0,,,,,,,,,,,High
1233,ate im starting fast hopefully apps keep track,6/5/2022 4:32,,en,0,1,6,[],[],0,0,,,,,,,,,,,High
1234,moms making eat breakfast rate ill never get gw cause,6/5/2022 2:19,,en,0,1,7,[],[],0,0,,,,,,,,,,,High
1235,pleasepleasepleasepleaseplease let skinny,6/5/2022 0:44,,en,0,1,3,[],[],0,0,,,,,,,,,,,High
1236,tw ed eating disorder suixidal thoughts,6/4/2022 15:32,,en,0,0,0,[],[],0,0,,,,,,,,,,,High
1237,guess deleted fasting app thnspo pictures road recovery,6/4/2022 4:42,,en,1,0,2,[],[],0,0,,,,,,,,,,,High
1238,starving make gain weight anorexic becky stupid,6/4/2022 4:28,,en,0,0,1,[],[],0,0,,,,,,,,,,,High
1239,best anorexic,6/4/2022 4:21,,en,0,0,2,[],[],0,0,,,,,,,,,,,High
1240,eat like canary yes mom anorexic,6/4/2022 4:20,,en,1,0,0,[],[],0,0,,,,,,,,,,,High
1241,anorexic shouldnt need ana tips saying,6/4/2022 4:14,,en,2,0,0,[],[],0,0,,,,,,,,,,,High
1242,anorexia make cuter,6/3/2022 20:56,,en,0,0,1,[],[],0,0,,,,,,,,,,,High
1243,anorexics eat otherwise deal shit years,6/3/2022 20:53,,en,0,0,0,[],[],0,0,,,,,,,,,,,High
1244,u fruit veggies anorexic bags chips call day anorexic,6/3/2022 15:30,,en,0,3,18,[],[],0,1,,,,,,,,,,,High
1245,anorexic fatphobic makes sense sorry,6/3/2022 15:07,,en,1,0,0,[],[],0,0,,,,,,,,,,,High
1246,best meanspo recording dancing b ackp nk song putting l sa fancam next,6/3/2022 15:02,,en,1,5,13,[],[],0,0,,,,,,,,,,,High
1247,bon apptit reality anorexia kcal side measuring tape,6/3/2022 6:25,,en,1,1,3,[],[],0,0,,,,,,,,,,,High
1248,bruh follow people back ur anorexic celebrity,6/3/2022 6:23,,en,2,0,9,[],[],0,0,,,,,,,,,,,High
1249,fatties r funny u dont wanna stick thin boney n ass anorexic looking body like idc im hurt offended body wanna look like wanna thinner n thinner u wanna look fatter thats u baby dont cry dont,6/2/2022 6:08,,en,0,0,2,[],[],0,0,,,,,,,,,,,High
1250,never stumbled upon edtwt using personal twitter yall act like plaguing app encouraging everyone starve damn well know came looking us,6/2/2022 0:52,,en,0,0,4,[],[],0,0,,,,,,,,,,,High
1251,need proana friend starve together,6/1/2022 6:00,,en,4,2,15,[],[],0,0,,,,,,,,,,,High
1252,spent day dizzy falling almost pass haha anorexia funny,6/1/2022 4:45,,en,1,0,6,[],[],0,0,,,,,,,,,,,High
1253,hi kinda new ed twt u call gigi ugw kg thinspo meanspo sweetspo pro recovery ed vent acc pls dni youre ed twt like rt become moots,6/1/2022 4:42,,en,0,0,1,[],[],0,0,,,,,,,,,,,Moderate
1254,lose lbs september lose lbs september lose lbs september lose lbs september lose lbs september lose lbs september mainfesting ppl retweet,6/1/2022 3:06,,en,1,0,1,[],[],0,0,,,,,,,,,,,Moderate
1255,rt ed twt gc thinspo meanspo sweetspo wtv works u lets share recipes diet plans fasting circles pls,6/1/2022 0:17,,en,1,0,4,[],[],0,1,,,,,,,,,,,Moderate
1256,yes isnt enough lilifealarms funkyfitz tiktok favorite poc thinspo heres thread made black girl thinspo,6/1/2022 0:05,,en,1,1,4,[],[],0,0,,,,,,,,,,,Moderate
1257,thinspo u skinnies,5/31/2022 18:07,,en,0,0,1,[],[],0,0,,,,,,,,,,,Moderate
1258,new edtwt looking mutuals hard edtwt rt moots,5/30/2022 21:01,,en,2,5,24,[],[],0,0,,,,,,,,,,,Moderate
1259,ed gc monster high themed person pick diet thread well motivate complete ages gore fatspo thinspo meanspo sweetspo allowed kp p anime fans get free pass rt comment added,5/28/2022 22:31,,en,11,21,197,[],[],0,1,,,,,,,,,,,Moderate
1260,im new ed twt rt gc gore pls skinny tips welcome thinspo meanspo fatspo r cool anyone welcome motivate,5/28/2022 16:22,,en,1,2,7,[],[],0,0,,,,,,,,,,,Moderate
1261,making limits ed gc fucking softies fucking toxic like toxic hard ed twt active dont let die send meanspo thinspo bonespo idc talk anything barely give compliments proana pro sh pro idgaf lt rt,5/28/2022 2:17,,en,0,0,0,[],[],0,0,,,,,,,,,,,Moderate
1262,reaching ugw one day strict diet,5/27/2022 6:34,,en,1,0,0,[],[],0,0,,,,,,,,,,,Moderate
1263,fav thinso rn ok hand medium light skin tone,5/27/2022 6:25,,en,0,0,0,[],[],0,0,,,,,,,,,,,Moderate
1264,thinspos thread tw,5/26/2022 18:50,,en,2,0,3,[],[],0,0,,,,,,,,,,,Moderate
1265,new edtwt fifteen gw kg hard edtwt thinspo meanspo fatspo rt mutuals lt,5/26/2022 3:12,,en,0,2,5,[],[],0,0,,,,,,,,,,,Moderate
1266,new edtwt sixteen cm gw kg soft hard edtwt goretwt dni thinspo meanspo rt mutuals lt,5/26/2022 0:19,,en,0,0,5,[],[],0,0,,,,,,,,,,,Moderate
1267,ok edtwt hot take instead using high low restriction normalize using light heavy moderate restriction light high intake moderate neutral intake heavy low intake fast idk,5/25/2022 23:04,,en,0,0,0,[],[],0,0,,,,,,,,,,,Moderate
1268,ok im rusty spanish meanspo ok hand medium light skin tone asmr want idfk,5/25/2022 6:26,,en,1,0,1,[],[],0,0,,,,,,,,,,,Moderate
1269,please drop best meanspo thinspo fatspo need,6/10/2022 7:52,,en,0,0,1,[],[],0,1,,,,,,,,,,,Moderate
1270,pls interact tweet moots need,6/10/2022 7:41,,en,1,1,2,[],[],0,0,,,,,,,,,,,Moderate
1271,semi new minor pansexual cm ugw kg lbs anti fatspo rt like moots,6/10/2022 2:57,,en,0,1,3,[],[],0,0,,,,,,,,,,,Moderate
1272,thinspo idol yukyung cutest main thinspo rn shes lb,6/9/2022 10:57,,en,0,1,0,[],[],0,0,,,,,,,,,,,Moderate
1273,tf locals keep crying edtwt toxic bro love,6/8/2022 17:06,,en,1,0,1,[],[],0,0,,,,,,,,,,,Moderate
1274,tw meanspo locals softies dni imagine cute outfits would look thin arent tired embarrassing going public looking chubby taste cookie lasts minute thin forever,6/8/2022 16:38,,en,1,0,1,[],[],0,0,,,,,,,,,,,Moderate
1275,tw ed softies dni yeah food feels nice minutes guilt eating lasts longer weight put want fat gluttonous thin petite put food starve bit longer,6/8/2022 16:36,,en,0,0,1,[],[],0,0,,,,,,,,,,,Moderate
1276,edtwt girl tf expect lmfao literally afraid calories like eat little possible calories much aware starving unhealthy also made clear hashtags used post edtwt,6/8/2022 16:31,,en,2,0,1,[],[],0,0,,,,,,,,,,,Moderate
1277,thread safe foods tw,6/8/2022 16:24,,en,1,0,0,[],[],0,0,,,,,,,,,,,Moderate
1278,hardly followers retweet groupchat give eachother meanspo stop eachother binging post thinspo,6/8/2022 16:23,,en,0,0,1,[],[],0,1,,,,,,,,,,,Moderate
1279,love edtwt wtf shit pride joy literally thing look forward wake ok hand medium light skin tone,6/8/2022 16:19,,en,1,0,0,[],[],0,0,,,,,,,,,,,Moderate
1280,wanna make edtwt gc thinspo meanspo sweetspo allowed gore please rt reply join lt,6/8/2022 16:12,,en,2,0,0,[],[],0,0,,,,,,,,,,,Moderate
1281,crossing legs still thigh gap,6/8/2022 16:07,,en,1,0,1,[],[],0,0,,,,,,,,,,,Moderate
1282,competitive hardedtwt gc lt rt join binge kicked everyday say many cals ate accepting people meanspo thinspo bonespo sweetspo diets dieting,6/8/2022 15:53,,en,1,0,1,[],[],0,0,,,,,,,,,,,Moderate
1283,dm join toxic competitive gc sunday weigh make goals week mt get shamed kicked bully use others fatspo rules mentioned gc,6/8/2022 3:01,,en,0,0,1,[],[],0,0,,,,,,,,,,,Moderate
1284,edtwt shtwt rt among us gc u arent ed sh twt u arent added pls dont inactive pls users mocaslitz chuumies automatically put yall dont choice,6/8/2022 0:36,,en,0,0,1,[],[],0,0,,,,,,,,,,,Moderate
1285,yo like im new ed twt anything need tips feel fat rn hdjdjkcici also like someone force go diet pls thank u yknow,6/7/2022 11:17,,en,1,1,2,[],[],0,0,,,,,,,,,,,Moderate
1286,hii im new shtwt goretwt minor history sh edtwt accepted moots,6/7/2022 1:57,,en,0,0,1,[],[],0,1,,,,,,,,,,,Moderate
1287,ed gc dont sensitive bitch mandatory weigh ins body checks group fasts group diets toxic meanspo highly encouraged thinspo bonespo encouraged fatspo dont dry ill kick u lmfao like rt comment join,6/6/2022 5:19,,en,1,0,1,[],[],0,1,,,,,,,,,,,Moderate
1288,ed twt gc rt reply join ages must ed acc thinspo meanspo sweetspo fatspo gore diet fast together bodychecks weigh ins youre comfortable active,6/6/2022 4:39,,en,1,0,1,[],[],0,0,,,,,,,,,,,Moderate
1289,boyfriend sees look pale dizzy tired makes eat,6/5/2022 15:34,,en,1,0,0,[],[],0,0,,,,,,,,,,,Moderate
1290,anyone wanna make ed gc group diets group fasts supportive meanspo thinspo bonespo fatspo weigh ins body checks ur comfortable give updates progress motivate keep us track rt reply join,6/5/2022 9:06,,en,1,1,3,[],[],0,0,,,,,,,,,,,Moderate
1291,man tf doxxing gonna tell mom disorder knows dx bitch put hospital like going since like seriously,6/5/2022 6:52,,en,0,6,10,[],[],0,0,,,,,,,,,,,Moderate
1292,better possible fatass,6/5/2022 3:48,,en,0,2,1,[],[],0,1,,,,,,,,,,,Moderate
1293,thread safe foods actually good dont taste like anorexia,6/4/2022 15:13,,en,1,0,0,[],[],0,0,,,,,,,,,,,Moderate
1294,scrolling meanspo proana twt trigger,6/4/2022 11:56,,en,0,0,1,[],[],0,0,,,,,,,,,,,Moderate
1295,weight x daily intake,6/4/2022 11:21,,en,2,0,8,[],[],0,1,,,,,,,,,,,Moderate
1296,sucky thing single pringle hate body,6/4/2022 5:30,,en,0,0,0,[],[],0,1,,,,,,,,,,,Moderate
1297,id sell soul body,6/4/2022 2:24,,en,1,2,5,[],[],0,1,,,,,,,,,,,Moderate
1298,used binge cant bites without disliking,6/2/2022 1:40,,en,1,0,0,[],[],0,1,,,,,,,,,,,Moderate
1299,good maybe use lose weight curb debilitating shopping addiction,6/1/2022 9:29,,en,1,0,1,[],[],0,0,,,,,,,,,,,Moderate
1300,working cook made binge much less cant explain actually cooking preparing food exposed day eases cravings somehow,6/1/2022 9:05,,en,1,0,1,[],[],0,0,,,,,,,,,,,Moderate
1301,acorn squash literally cannot control around eat much available work buffet,6/1/2022 8:46,,en,1,0,1,[],[],0,0,,,,,,,,,,,Moderate
1302,anyone else fantasize mental illness wish anorexic small pretty wish psycho dont wanna feel wanna mess people wish saw things think would keep company,5/31/2022 11:32,,en,0,0,1,[],[],0,1,,,,,,,,,,,Moderate
1303,december kcal tracker step tracker,5/31/2022 6:38,,en,0,0,0,[],[],0,1,,,,,,,,,,,Moderate
1304,really earring disorder want lose weight fast using disordered methods,5/30/2022 7:10,,en,1,0,3,[],[],0,0,,,,,,,,,,,Moderate
1305,look like didnt think starve piggy oink oink oink,5/30/2022 5:33,,en,1,0,2,[],[],0,1,,,,,,,,,,,Moderate
1306,looked look like like hw,5/29/2022 3:54,,en,1,0,2,[],[],0,0,,,,,,,,,,,Moderate
1307,hey guys anyone cm weighs lbs kg reply want make gc ppl similar stats send meanspo sweetspo thinspo weigh ins also comparisons want,5/29/2022 3:21,,en,2,1,2,[],[],0,0,,,,,,,,,,,Moderate
1308,want meanspo positive encouragement,5/29/2022 1:32,,en,0,1,3,[],[],0,1,,,,,,,,,,,Moderate
1309,want someones bonespo reach ur ugw already know fast drink water exercise bones arent showing yet expect look dainty,5/29/2022 1:31,,en,1,0,0,[],[],0,0,,,,,,,,,,,Moderate
1310,much love meanspo edtwt pls take care real lt quest skinny put pause life risk,5/29/2022 0:59,,en,1,0,0,[],[],0,0,,,,,,,,,,,Moderate
1311,im proana everyone takes dont eat today tweets seriously snowflake theyre obvious jokes besides hard edtwt known toxic quest someones thinspo helping,5/28/2022 12:00,,en,0,2,1,[],[],0,0,,,,,,,,,,,Moderate
1312,really triggering dad talks losing weight eating less sugar lt,5/28/2022 8:06,,en,1,0,1,[],[],0,1,,,,,,,,,,,Moderate
1313,please baby drink hospitalize u force u eat also helps u lose weight,5/28/2022 6:34,,en,1,0,0,[],[],0,0,,,,,,,,,,,Moderate
1314,yall want meanspo dad ordered food,5/28/2022 4:06,,en,1,2,3,[],[],0,0,,,,,,,,,,,Moderate
1315,yeah fr shit biggest lowkey meanspo lmfaoo,5/28/2022 1:20,,en,0,0,0,[],[],0,0,,,,,,,,,,,Moderate
1316,high restricters anyone one pains,5/27/2022 6:59,,en,1,0,1,[],[],0,0,,,,,,,,,,,Moderate
1317,plan today knit distract eating maybe ill get point deserve knit thigh highs,5/27/2022 5:49,,en,1,0,2,[],[],0,0,,,,,,,,,,,Moderate
1318,hi new edtwt ft sw gw uwg feel free interact ask anything point,5/27/2022 1:28,,en,1,0,1,[],[],0,0,,,,,,,,,,,Moderate
1319,edtwt rt u binged thanksgiving im tryna see sum dw,5/26/2022 11:00,,en,0,0,0,[],[],0,0,,,,,,,,,,,Moderate
1320,hey binge okay today new day easy change fast got start somewhere need motivation dedication,5/26/2022 5:13,,en,0,1,0,[],[],0,1,,,,,,,,,,,Moderate
1321,moment silence poc edtwt never know many cals r ethnic food family makes,5/25/2022 8:59,,en,1,1,3,[],[],0,1,,,,,,,,,,,Moderate
1322,new edtwt im molly cw kg lbs gw kg lbs please mean current weight know bad im trying hardest lose weight plz fatspo thinspo vents self harm ment rt moots,5/24/2022 23:35,,en,1,0,2,[],[],0,0,,,,,,,,,,,Moderate
1323,calling mom recovered anorexia see evil monkey id say malnutrition im dumbass,5/24/2022 7:54,,en,3,0,3,[],[],0,1,,,,,,,,,,,Moderate
1324,purge coming someone habit purging please rt thread,5/24/2022 2:15,,en,1,0,0,[],[],0,0,,,,,,,,,,,Moderate
1325,finally caved fully converting acc edtwt acc bc literally make new account without getting suspended minute need able actually vent lurk yes new era acc,5/23/2022 23:58,,en,0,0,1,[],[],0,1,,,,,,,,,,,Moderate
1326,edtwt november month rt lose lbs,5/23/2022 11:41,,en,1,0,0,[],[],0,0,,,,,,,,,,,Moderate
1327,meanspo thinspo sweetspo,5/23/2022 4:48,,en,1,0,1,[],[],0,0,,,,,,,,,,,Moderate
1328,open broke fast binged,5/23/2022 4:23,,en,0,0,2,[],[],0,1,,,,,,,,,,,Moderate
1329,thisll probably flop edtwt rt comment gc itll like safe space bc alr toxic environment vent talk day chaotic etc skip awkward phase go straight besties dni problematic,5/15/2022 13:54,,en,0,0,1,[],[],0,0,,,,,,,,,,,Moderate
1330,see either dainty little fairy beached beluga whale theres,8/9/2021 5:24,,en,0,0,0,[],[],0,0,,,,,,,,,,,Moderate
1331,side side comparison wild sometimes still see picture left good put things perspective,6/13/2021 15:20,,en,0,0,0,[],[],0,0,,,,,,,,,,,Moderate
1332,today mom showed slideshow phone made one vacations almost started crying seeing way body used look never want girl want photos trashed forever wtf,6/13/2021 6:49,,en,1,0,1,[],[],0,0,,,,,,,,,,,Moderate
1333,hey guys new started decided less shy looking moots edtwt speak french cm broken scale mesure go bi dni edtwt please rt mutuals,5/28/2021 11:33,,en,1,0,0,[],[],0,0,,,,,,,,,,,Moderate
1334,feel like get hungry counting cals dont,4/30/2021 1:17,,en,0,0,0,[],[],0,0,,,,,,,,,,,Moderate
1335,used calories today two beef bacon cheese pies feel guilty like also tasted good idk,4/29/2021 13:47,,en,2,0,1,[],[],0,0,,,,,,,,,,,Moderate
1336,waiting reach ugw buy new clothes finally style aesthetic want,3/21/2021 5:48,,en,0,0,0,[],[],0,0,,,,,,,,,,,Moderate
1337,edtwt user wears three things theyve convinced need lose weight wear anything else,3/20/2021 14:06,,en,1,0,1,[],[],0,0,,,,,,,,,,,Moderate
1338,fuck control like wake every day telling eat eat clean bam give,2/21/2021 14:14,,en,0,0,0,[],[],0,0,,,,,,,,,,,Moderate
1339,hii mochi made account tumblr kinda outdated wanna follow ed accounts main obvious reasons lol anyways use vent may post eat day massive tw btw,2/9/2021 18:08,,en,0,0,0,[],[],0,0,,,,,,,,,,,Moderate
1340,far would u go instantly reach maintain ur ugw yes yes depends lol one lol yeah yes maybe yes yes comment questions,12/15/2020 12:09,,en,0,0,0,[],[],0,0,,,,,,,,,,,Moderate
1341,whats guys go mines always cucumber im done fasts,12/9/2020 9:15,,en,0,0,1,[],[],0,0,,,,,,,,,,,Moderate
1342,drinks liquid fasts,12/9/2020 9:09,,en,0,0,0,[],[],0,0,,,,,,,,,,,Moderate
1343,best meanspo help,12/9/2020 8:59,,en,1,0,2,[],[],0,0,,,,,,,,,,,Moderate
1344,help waist tiny,12/7/2020 6:46,,en,0,0,0,[],[],0,0,,,,,,,,,,,Moderate
1345,diet idea dont eat u get accepted uni,8/27/2020 10:40,,en,1,0,1,[],[],0,0,,,,,,,,,,,Moderate
1346,think kg spring formal look tiny dress,5/15/2020 10:45,,en,0,0,2,[],[],0,0,,,,,,,,,,,Moderate
1347,dont eat food treat eat punishment,9/5/2019 1:50,,en,1,0,1,[],[],0,0,,,,,,,,,,,Moderate
1348,dont thigh gap work dont flat stomach work dont collarbones showing work skinny enough work hard eat cow,9/2/2019 15:03,,en,1,0,0,[],[],0,0,,,,,,,,,,,Moderate
1349,lose weight next,6/10/2022 23:03,,en,0,0,0,[],[],0,0,,,,,,,,,,,Moderate
1350,know bad use mum meanspo thinspo,6/9/2022 23:03,,en,0,0,0,[],[],0,0,,,,,,,,,,,Moderate
1351,anyone else eating little possible christmas,6/8/2022 23:03,,en,0,0,0,[],[],0,0,,,,,,,,,,,Moderate
1352,point im im,6/8/2022 13:32,,en,0,0,1,[],[],0,1,,,,,,,,,,,None
1353,brb currently manifesting lose pounds tomorrow,6/7/2022 23:03,,en,0,0,0,[],[],0,0,,,,,,,,,,,Moderate
1354,gonna post meanspo found random website,6/7/2022 14:57,,en,0,1,1,[],[],0,0,,,,,,,,,,,Moderate
1355,bet youre fat fat youre skinny either youre soo close thigh gap right binge binge keeps finally shedding weight youre obese bmi okay youre thicc haha,6/7/2022 13:33,,en,0,0,0,[],[],0,0,,,,,,,,,,,Moderate
1356,ate restaurant ive consumed calories,6/6/2022 23:03,,en,0,0,0,[],[],0,0,,,,,,,,,,,Moderate
1357,need happen,6/6/2022 8:23,,en,1,0,1,[],[],0,0,,,,,,,,,,,None
1358,remember time mum told starve lose weight didnt understand younger thanks mum,6/6/2022 5:53,,en,1,0,1,[],[],0,0,,,,,,,,,,,Moderate
1359,anyone needs meanspo thinspo fatspo retweet,6/5/2022 23:03,,en,0,0,0,[],[],0,0,,,,,,,,,,,Moderate
1360,called fat today thanks,6/5/2022 4:16,,en,0,0,1,[],[],0,0,,,,,,,,,,,Moderate
1361,found photo mums facebook account years old im overweight child btw,6/4/2022 23:03,,en,0,0,0,[],[],0,0,,,,,,,,,,,Moderate
1362,look mirror eat lift shirt look tummy look thighs upper arms still hungry sting think hydrate important eating,6/3/2022 23:03,,en,0,0,0,[],[],0,0,,,,,,,,,,,Moderate
1363,meanspo triggered fuck,6/2/2022 23:03,,en,0,0,0,[],[],0,0,,,,,,,,,,,Mild
1364,omg guys pretend eating food pretend taste helps cravings,6/2/2022 10:07,,en,0,0,0,[],[],0,0,,,,,,,,,,,Moderate
1365,guys,6/1/2022 23:03,,en,0,0,0,[],[],0,0,,,,,,,,,,,None
1366,meanspo found star struck,5/31/2022 23:03,,en,0,0,0,[],[],0,0,,,,,,,,,,,Moderate
1367,people look skinny girls photoshopped claim bodies unrealistic like bb real body realistic real body work harder,5/31/2022 4:17,,en,0,1,0,[],[],0,0,,,,,,,,,,,Moderate
1368,someone break jaw pls,5/30/2022 23:03,,en,0,0,0,[],[],0,0,,,,,,,,,,,Moderate
1369,like call fat move onn bitch havent lost fuckin weight stop trying promote shit havent succeeded fromm,5/30/2022 3:45,,en,0,0,0,[],[],0,0,,,,,,,,,,,Moderate
1370,lol mom yet trying tell fast,5/29/2022 23:03,,en,0,0,0,[],[],0,0,,,,,,,,,,,Moderate
1371,vs urge go step scale despite chugged oz water,5/29/2022 4:51,,en,0,0,0,[],[],0,1,,,,,,,,,,,Moderate
1372,apple weighed exactly g satisfying,5/29/2022 4:50,,en,1,0,1,[],[],0,1,,,,,,,,,,,Moderate
1373,crave smth sweet instead tastes good cals,5/29/2022 4:49,,en,1,0,1,[],[],0,1,,,,,,,,,,,Moderate
1374,cal omad exercise abs yoga,5/28/2022 23:03,,en,0,0,0,[],[],0,0,,,,,,,,,,,Moderate
1375,cal intake exercise abs,5/27/2022 23:03,,en,0,0,0,[],[],0,0,,,,,,,,,,,Moderate
1376,cals exercise bike chloe ting,5/27/2022 11:53,,en,0,1,1,[],[],0,0,,,,,,,,,,,Moderate
1377,binge bike stretch long walk,5/27/2022 11:44,,en,0,0,1,[],[],0,1,,,,,,,,,,,Moderate
1378,like food addicts anonymous im serious,5/27/2022 11:31,,en,0,0,1,[],[],0,0,,,,,,,,,,,Moderate
1379,dont come edtwt looking diet cant spot reduce fat abs grown weight based activities,5/27/2022 11:31,,en,1,0,0,[],[],0,0,,,,,,,,,,,Moderate
1380,yall ever lose weight body check ur pics look bigger,5/27/2022 9:36,,en,0,0,4,[],[],0,1,,,,,,,,,,,Moderate
1381,careful abt overeating guys,5/27/2022 9:34,,en,0,0,0,[],[],0,1,,,,,,,,,,,Moderate
1382,make coffee whole thing equals cals im eating food except dinner go w family,5/27/2022 9:34,,en,0,0,0,[],[],0,1,,,,,,,,,,,Moderate
1383,yall ever tear want cry u break ur fast ur set goal hours crazy,5/26/2022 23:03,,en,0,0,0,[],[],0,0,,,,,,,,,,,Moderate
1384,felt also thinspo works lot meanspo fatspo bc see thinspo get sad know fact everyone thinks bodys attractive mine meanspo doesnt shit bc im used prents saying resent,5/25/2022 23:03,,en,0,0,0,[],[],0,0,,,,,,,,,,,Moderate
1385,pound difference imagine much better youll look lose,5/24/2022 23:03,,en,0,0,0,[],[],0,0,,,,,,,,,,,Moderate
1386,eat much damage fast today feel free comment bonus suggestions okay something help future,5/23/2022 23:03,,en,0,0,0,[],[],0,0,,,,,,,,,,,Moderate
1387,friends always naturally petite skinny like chubby girl like one friends showed bunch videos anorexia know existed thought stuck bigger friends one picture,5/23/2022 3:47,,en,0,0,0,[],[],0,0,,,,,,,,,,,Moderate
1388,anyone problem u eat ur nauseous dont eat ur nauseous,5/22/2022 23:03,,en,0,0,0,[],[],0,0,,,,,,,,,,,Moderate
1389,never forget lost kg quick gain quick,5/21/2022 23:03,,en,0,0,0,[],[],0,0,,,,,,,,,,,Moderate
1390,pizza never satisfying snd feel grossed,5/21/2022 8:22,,en,0,0,0,[],[],0,0,,,,,,,,,,,Moderate
1391,ate normally today gonna dinner boyfriend wanted valentines date night snd got us nachos knew love nachos feeling scared,5/20/2022 23:03,,en,0,0,0,[],[],0,0,,,,,,,,,,,Moderate
1392,mourning today fact last time wore pants fourty pounds lighter looked much better pants,5/19/2022 23:03,,en,0,0,0,[],[],0,0,,,,,,,,,,,Moderate
1393,hungry vending machine high calorie stuff,5/18/2022 23:03,,en,0,0,0,[],[],0,0,,,,,,,,,,,Moderate
1394,shouldve weighed drinking water day,5/17/2022 23:03,,en,0,0,0,[],[],0,0,,,,,,,,,,,Moderate
1395,worst part hungry eat,5/16/2022 23:03,,en,0,0,0,[],[],0,0,,,,,,,,,,,Moderate
1396,girl ur literally thinspo ur beautiful way u love meanspo cant mean u ur body beautiful,5/15/2022 23:03,,en,0,0,0,[],[],0,0,,,,,,,,,,,Moderate
1397,line betweet losing weight anorexia line eating healthy orthorexia line enjoying food intuitive eating bed brain cant comprehend,5/14/2022 23:03,,en,0,0,0,[],[],0,0,,,,,,,,,,,Moderate
1398,net go suki best anorexic,5/14/2022 4:39,,en,0,0,0,[],[],0,0,,,,,,,,,,,Moderate
1399,u deserve ur best anorexic,5/14/2022 0:11,,en,0,0,0,[],[],0,0,,,,,,,,,,,Moderate
1400,monster energy drink day keeps cravings away,5/14/2022 0:10,,en,0,0,0,[],[],0,0,,,,,,,,,,,Moderate
1401,im kinda hungry im trying break habit eating night,5/14/2022 0:10,,en,1,0,0,[],[],0,0,,,,,,,,,,,Moderate
1402,fucking anorexic eat spite people never reach ugw pick choose calories count stay safe actually restricting nobody gonna stop restricting cause told,5/14/2022 0:09,,en,0,0,0,[],[],0,1,,,,,,,,,,,Moderate
1403,wish could lose weight move hard edtwt,5/14/2022 0:09,,en,1,0,1,[],[],0,1,,,,,,,,,,,Moderate
1404,see arent allowed binge,5/14/2022 0:07,,en,1,1,1,[],[],0,1,,,,,,,,,,,Moderate
1405,proana think youre hungry youre youre bored fattie keep starving,5/13/2022 23:03,,en,0,0,0,[],[],0,0,,,,,,,,,,,Moderate
1406,proana youre fatass,5/12/2022 23:03,,en,0,0,0,[],[],0,0,,,,,,,,,,,Moderate
1407,point time im battling malnutrition makes brain shrink weightloss,5/12/2022 15:21,,en,0,0,2,[],[],0,0,,,,,,,,,,,Moderate
1408,lost little despite eating lot two ish days thank lord,5/12/2022 1:08,,en,0,0,0,[],[],0,0,,,,,,,,,,,Moderate
1409,think birthday id like kgs thatd great present,5/11/2022 23:03,,en,0,0,0,[],[],0,0,,,,,,,,,,,Moderate
1410,think ate okay today im still afraid gaining tomorrow,5/10/2022 23:03,,en,0,0,0,[],[],0,0,,,,,,,,,,,Moderate
1411,think might throw popcorn,5/9/2022 23:03,,en,0,0,0,[],[],0,0,,,,,,,,,,,Moderate
1412,want eat something except dont,5/9/2022 16:52,,en,0,0,0,[],[],0,1,,,,,,,,,,,Moderate
1413,want lose weight parents come back january heh,5/9/2022 16:48,,en,0,0,0,[],[],0,0,,,,,,,,,,,Moderate
1414,alcohol calories id already skinny,5/9/2022 16:45,,en,0,0,0,[],[],0,1,,,,,,,,,,,Moderate
1415,im happy im kg might kg end month means ill finally broken cursed plateau,5/9/2022 15:57,,en,0,0,0,[],[],0,1,,,,,,,,,,,Moderate
1416,im miserable fat like cant wait get weight get back used cant describe miserable heavy,5/9/2022 4:03,,en,0,0,0,[],[],0,0,,,,,,,,,,,Moderate
1417,weight three days im thrilled least didnt go,5/9/2022 3:58,,en,0,0,1,[],[],0,1,,,,,,,,,,,Moderate
1418,slowly starting good food pm thing,5/8/2022 23:03,,en,0,0,0,[],[],0,0,,,,,,,,,,,Moderate
1419,smelled someone making egg toast walking dog im going feral,5/8/2022 9:47,,en,0,0,1,[],[],0,1,,,,,,,,,,,Moderate
1420,soup delicious thats kinda today dont want eat,5/8/2022 9:39,,en,0,0,0,[],[],0,0,,,,,,,,,,,Moderate
1421,god love edtwt sm first thought super toxic bc ever saw fatspo meanspo actually started interacting w ppl yall fucking sweet pleasee ive positive attention ever lfie,5/7/2022 23:03,,en,0,0,0,[],[],0,0,,,,,,,,,,,Moderate
1422,friends talking eating calories dieting want scream,5/6/2022 23:03,,en,0,0,0,[],[],0,0,,,,,,,,,,,Moderate
1423,need drastically change appearance oh,6/10/2022 5:19,,en,0,0,0,[],[],0,0,,,,,,,,,,,Moderate
1424,news everyone called skinny tonight cool,6/1/2022 9:44,,en,0,0,3,[],[],0,0,,,,,,,,,,,Moderate
1425,binge ask okay bloated belly okay gaining weight okay wasting progress okay losing control okay regretting later answer resist urge,5/26/2022 6:38,,en,0,0,0,[],[],0,1,,,,,,,,,,,Moderate
1426,like eat nothing burn cals omg,5/18/2022 9:00,,en,0,0,0,[],[],0,0,,,,,,,,,,,Moderate
1427,honestly love meals look disordered gives sort validation,5/17/2022 8:07,,en,0,0,0,[],[],0,0,,,,,,,,,,,Moderate
1428,im never going forget deep ed literally used stuff uneaten food plastic bag id put drawers hide fact didnt eat would days,4/30/2022 12:12,,en,0,0,0,[],[],0,0,,,,,,,,,,,Moderate
1429,supposedly wear gym clothes physical education class theres absolutely way im,4/24/2022 3:24,,en,0,0,0,[],[],0,0,,,,,,,,,,,Moderate
1430,literally diet variation drink one time recovery like cant white monster thats anorexia one like,3/24/2022 4:56,,en,0,0,0,[],[],0,0,,,,,,,,,,,Moderate
1431,breakfast n pm,3/22/2022 11:35,,en,0,0,1,[],[],0,0,,,,,,,,,,,Moderate
1432,ffs mani unfollow post eds,2/14/2022 6:59,,en,1,0,2,[],[],0,0,,,,,,,,,,,Moderate
1433,panic attack bc feel fat rn lol,2/4/2022 20:29,,en,0,0,0,[],[],0,0,,,,,,,,,,,Moderate
1434,half hour limit purging please avoid costs unless bulimic totally understand thats disorder plus liquids make gain promise stay strong,1/31/2022 13:47,,en,0,0,0,[],[],0,0,,,,,,,,,,,Moderate
1435,yeah ok like half edtwt way half way preference specified meant,1/31/2022 12:44,,en,0,0,1,[],[],0,0,,,,,,,,,,,Moderate
1436,literally follow back followers bc mean everything never alone one,1/31/2022 10:07,,en,0,0,0,[],[],0,0,,,,,,,,,,,Moderate
1437,yeah alot people edtwt arent alone dont personally financial situation popular ive heard motivating bc guess choice loose weight otherwise clothes wear,1/29/2022 3:28,,en,1,0,2,[],[],0,0,,,,,,,,,,,Moderate
1438,weeks binge free today,1/29/2022 1:10,,en,0,0,1,[],[],0,0,,,,,,,,,,,Moderate
1439,pronouns like bonespo kinda stuff fine female thinspo dresses ect big hoodies jeans stuff ok thats much hassle,1/28/2022 8:11,,en,0,0,0,[],[],0,0,,,,,,,,,,,Moderate
1440,heres one thing dont get people edtwt people post videos pictures people didnt ask part edtwt yet remain anonymous like bitch post urself posting people theres reason anonymous,1/24/2022 10:30,,en,0,0,1,[],[],0,0,,,,,,,,,,,Moderate
1441,cal week high restriction high cal low restriction low cal check pinned post plan cal max days week cal max days week cal cal days week guys think,1/24/2022 10:25,,en,0,0,23,[],[],0,0,,,,,,,,,,,Moderate
1442,mild thinness,1/23/2022 15:16,,en,0,0,0,[],[],0,0,,,,,,,,,,,Moderate
1443,ugw lbs single fuckin clue gonna look like wanna bonespo pic reference like dangerously bonespo maybe lbs ask ugw lmao,1/23/2022 14:49,,en,0,0,0,[],[],0,0,,,,,,,,,,,Moderate
1444,calorie accountability thread pls vote maybe feeling nice rt maybe get votes,1/23/2022 14:42,,en,0,0,0,[],[],0,0,,,,,,,,,,,Moderate
1445,dinner skipped wake thinner also apparently fuckin skipped,1/22/2022 8:36,,en,0,0,0,[],[],0,0,,,,,,,,,,,Moderate
1446,im proud losing lmao im also group,1/17/2022 4:01,,en,0,0,0,[],[],0,0,,,,,,,,,,,Moderate
1447,im convinced stair steppers torture devices doesnt stop,1/16/2022 3:55,,en,0,0,0,[],[],0,0,,,,,,,,,,,Moderate
1448,friend literally offered size dress doesnt know large idk feel like thinks itll fit scared try,1/10/2022 11:41,,en,0,0,1,[],[],0,1,,,,,,,,,,,Moderate
1449,feminine urge cut hair weigh,1/10/2022 7:48,,en,1,0,0,[],[],0,0,,,,,,,,,,,Moderate
1450,discord gc hard ed twt age fatspo thinspo meanspo sweetspo bonespo allowed u talk abt harsh mean u removed u sus u removed safe space share toxic thoughts retweet link lt open dms st,1/5/2022 13:42,,en,0,0,2,[],[],0,0,,,,,,,,,,,Moderate
1451,proana please follow around bully working stick intake skinny thanksgiving,12/26/2021 3:37,,en,0,0,1,[],[],0,0,,,,,,,,,,,Moderate
1452,day although berry app aesthetically pleasing lose accurate plus lets scan items love im gonna use ill try weigh food,12/17/2021 11:31,,en,0,0,2,[],[],0,0,,,,,,,,,,,Moderate
1453,guys eat today ate toast cup cereal plain half apple sausage lol ive eating lot lately im starting slowly im gonna lose control stuff face junk food,12/15/2021 3:33,,en,0,0,0,[],[],0,0,,,,,,,,,,,Moderate
1454,years ago hospital ed almost dying didnt go school months didnt eat anything stuff made liquids skin x yellowish usual looked like skeleton awful view,12/7/2021 6:44,,en,0,0,0,[],[],0,0,,,,,,,,,,,Moderate
1455,competitive abc diet gc daily calorie count required weekly weigh required thinspo sweetspo meanspo allowed people ask work everything ate limit max people get skinnii new years starting monday november th rt reply join,11/30/2021 11:16,,en,0,0,2,[],[],0,0,,,,,,,,,,,Moderate
1456,fuck edtwt turning food porn would u eat bullshits trying running away,11/27/2021 3:06,,en,0,0,0,[],[],0,0,,,,,,,,,,,Moderate
1457,brother always teased overweight insulted saying looked skinny boys girls nbs new frontier sibling insults,11/26/2021 2:02,,en,0,0,0,[],[],0,0,,,,,,,,,,,Moderate
1458,google documents blackpink sprite ad meanspo water fast results myproana,11/22/2021 1:55,,en,0,0,0,[],[],0,0,,,,,,,,,,,Moderate
1459,active years ago see acc unf right away example write meanspo sweetspo gore pics,11/21/2021 10:52,,en,0,0,1,[],[],0,0,,,,,,,,,,,Moderate
1460,new edtwt hiya im ama im minor kpop n anime cw gw kg ugw kg pls interact b moots,11/20/2021 6:01,,en,0,0,0,[],[],0,0,,,,,,,,,,,Moderate
1461,anyone wanna make gc weeks anime characters diet see evil monkey diets,11/16/2021 12:16,,en,0,0,0,[],[],0,0,,,,,,,,,,,Moderate
1462,post nsp pr without invalidating eating disorders,11/16/2021 6:09,,en,0,0,0,[],[],0,0,,,,,,,,,,,Moderate
1463,post kcal intake come one person says idk cant even go past kcals got anorexic admiral,11/8/2021 8:28,,en,0,0,0,[],[],0,0,,,,,,,,,,,Moderate
1464,gt still long way go keep pushing till get,6/11/2022 2:46,,en,0,0,0,[],[],0,0,,,,,,,,,,,Moderate
1465,happened self control,6/11/2022 2:06,,en,1,0,1,[],[],0,0,,,,,,,,,,,Moderate
1466,fuck believing ill look good fat wrong look like shit wont die looking fat ugly,6/11/2022 1:58,,en,1,0,3,[],[],0,0,,,,,,,,,,,Moderate
1467,dont care anymore let look nice,6/11/2022 1:33,,en,0,0,1,[],[],0,0,,,,,,,,,,,Moderate
1468,im dying yet dont look like,6/11/2022 1:32,,en,0,0,1,[],[],0,0,,,,,,,,,,,Moderate
1469,purge im drunk ahah,6/11/2022 1:27,,en,0,0,0,[],[],0,1,,,,,,,,,,,Moderate
1470,would bad restrict getting vaccine eat closer tdee,6/10/2022 13:46,,en,0,0,2,[],[],0,0,,,,,,,,,,,Moderate
1471,think highest weight nearly started taking pics n tracking,6/10/2022 13:09,,en,0,0,0,[],[],0,0,,,,,,,,,,,Moderate
1472,would kill ur proportions omg ur ab line,6/10/2022 13:09,,en,0,0,1,[],[],0,0,,,,,,,,,,,Moderate
1473,curse blessing friends ive week w bc ive cals day naurr,6/10/2022 13:02,,en,0,0,0,[],[],0,1,,,,,,,,,,,Moderate
1474,workout done going get protein bar b lunch recommendations,6/10/2022 12:14,,en,0,0,0,[],[],0,0,,,,,,,,,,,Moderate
1475,jealous u even managed week fast tho,6/10/2022 11:00,,en,0,0,0,[],[],0,0,,,,,,,,,,,Moderate
1476,thank u sm ik r edtwt thing cal deficit gym changed life fr,6/10/2022 9:40,,en,0,0,1,[],[],0,0,,,,,,,,,,,Moderate
1477,cals dont try restrict diet wise bc know end binge intermittent fasting afford cals treats rlly want,6/10/2022 4:16,,en,0,0,1,[],[],0,0,,,,,,,,,,,Moderate
1478,people give meanspo please want break fast,6/10/2022 0:48,,en,0,0,0,[],[],0,0,,,,,,,,,,,Moderate
1479,ed competitive group chat med high restriction weigh ins every morning meanspo thinspo active day body checks comfortable update u eaten many calories day share tips exercise routines retweet like join,6/9/2022 23:42,,en,1,0,3,[],[],0,1,,,,,,,,,,,Moderate
1480,ed groupchat meanspo thinspo sweetspo etc encouraged one gets kicked well make sure feel guilty meanspo trumpies interact join anti recovery eachothers ed coaches,6/9/2022 15:19,,en,1,1,2,[],[],0,1,,,,,,,,,,,Moderate
1481,ed twt group chat weight ins n bodychecks u want meanspo sweetspo thinspo etc allowed fast w ppl weight allowed low high restriction tips recipes work outs etc flops u never seen shh,6/9/2022 13:31,,en,0,0,0,[],[],0,0,,,,,,,,,,,Moderate
1482,took many laxatives wanted ibuprohine got sent office im online mom hates,6/9/2022 13:27,,en,0,0,0,[],[],0,1,,,,,,,,,,,Moderate
1483,wanna ed group chat pro ana group meanspo chat would anything b,6/9/2022 9:42,,en,0,0,0,[],[],0,0,,,,,,,,,,,Moderate
1484,ed ana group chats please let join,6/8/2022 12:54,,en,0,0,0,[],[],0,0,,,,,,,,,,,Moderate
1485,im creating ed group chat,6/8/2022 12:42,,en,0,0,0,[],[],0,0,,,,,,,,,,,Moderate
1486,making ed sh group chat please dont flop meanspo sweetspo thinspo gore sh okay put warning send dont toxic want positivity rt join,6/7/2022 14:35,,en,1,0,0,[],[],0,0,,,,,,,,,,,Moderate
1487,retweet wanna july ed accs buddies,6/7/2022 14:28,,en,0,0,0,[],[],0,0,,,,,,,,,,,Moderate
1488,noo lunatics eating disorders want attention,6/7/2022 14:21,,en,0,0,0,[],[],0,0,,,,,,,,,,,Moderate
1489,et follow hard pro ana toxic hold eachother accountable older fasting together toxic rt join lt,6/7/2022 5:33,,en,0,0,0,[],[],0,1,,,,,,,,,,,Moderate
1490,ill join need real meanspo,6/7/2022 5:31,,en,1,0,2,[],[],0,0,,,,,,,,,,,Moderate
1491,u best anorexic,6/7/2022 2:09,,en,0,0,0,[],[],0,0,,,,,,,,,,,Moderate
1492,give edtwt older sister vibes ily,6/7/2022 0:41,,en,0,0,0,[],[],0,0,,,,,,,,,,,Moderate
1493,ur nice meanspo lmao ily tho,6/7/2022 0:38,,en,0,0,0,[],[],0,0,,,,,,,,,,,Moderate
1494,ed challange group chat meanspo thinspo sweetspo g sh daily challenges example liquid fast weigh ins body checks required failing challange okay racists homophobics trumpies every gender aloud retweet join,6/7/2022 0:32,,en,0,0,0,[],[],0,0,,,,,,,,,,,Moderate
1495,yall never seen meanspo chile,6/6/2022 2:18,,en,0,0,0,[],[],0,0,,,,,,,,,,,Moderate
1496,u ur moots dm meanspo person kneeling light skin tone,6/6/2022 0:58,,en,0,0,1,[],[],0,0,,,,,,,,,,,Moderate
1497,yo recovery brain forced eat dinner even tho didnt want food straight hate ff,6/6/2022 0:56,,en,0,0,4,[],[],0,0,,,,,,,,,,,Moderate
1498,cals today dont count look many steps took,6/6/2022 0:04,,en,0,0,2,[],[],0,0,,,,,,,,,,,Moderate
1499,crying hard dream body,6/5/2022 8:03,,en,0,0,0,[],[],0,0,,,,,,,,,,,Moderate
1500,every like comment rt gets set reps machine gym make sore,6/5/2022 7:58,,en,0,0,0,[],[],0,0,,,,,,,,,,,Moderate
1501,imagine going best friends wedding fattest bridesmaid everyone watch stagger isle whilst surrounded beautiful women control think theyd gossip later dont eat fatty,6/5/2022 7:43,,en,0,0,1,[],[],0,1,,,,,,,,,,,Moderate
1502,many ppl edtwt mommy issues r ok,6/5/2022 7:00,,en,0,0,2,[],[],0,0,,,,,,,,,,,Moderate
1503,ed gc requirements fasts diets togehter send thinspo meanspo etc rt added,6/5/2022 6:52,,en,0,0,11,[],[],0,0,,,,,,,,,,,Moderate
1504,calorie food charts edtwt thread,6/5/2022 6:39,,en,0,0,0,[],[],0,0,,,,,,,,,,,Moderate
1505,ed twt active weight loss gc pro ana tips body checks meanspo thinspo fatspo anything must active venting allowed encouraged lt rt join,6/5/2022 6:01,,en,0,0,0,[],[],0,0,,,,,,,,,,,Moderate
1506,ok making ed gc rules let die active please sh gore fatspo please rt join babes,6/5/2022 5:24,,en,0,0,0,[],[],0,0,,,,,,,,,,,Moderate
1507,months dedication lw,6/5/2022 5:24,,en,0,0,0,[],[],0,0,,,,,,,,,,,Moderate
1508,want skinny end th year,6/5/2022 5:21,,en,0,0,16,[],[],0,0,,,,,,,,,,,Moderate
1509,due episodes restrict properly,6/5/2022 5:19,,en,1,0,13,[],[],0,0,,,,,,,,,,,Moderate
1510,spend less money food bc binge sounds sexc,6/5/2022 4:24,,en,0,0,1,[],[],0,0,,,,,,,,,,,Moderate
1511,even weigh anymore dissapointin,6/5/2022 4:22,,en,0,0,1,[],[],0,0,,,,,,,,,,,Moderate
1512,still feel fat snack,6/5/2022 4:22,,en,1,0,0,[],[],0,0,,,,,,,,,,,Moderate
1513,think losing week idk bc get onto scale morning dressed number changes bit,6/4/2022 18:09,,en,1,0,0,[],[],0,0,,,,,,,,,,,Moderate
1514,going start diet birthday look feel like shit fuck fast today start tomorrow,6/4/2022 17:30,,en,0,0,1,[],[],0,0,,,,,,,,,,,Moderate
1515,close deleting twits everything start posting ed content feel bad gaining losing amount time,6/4/2022 16:24,,en,0,0,1,[],[],0,0,,,,,,,,,,,Moderate
1516,year going accepting higher summer,6/4/2022 7:45,,en,0,0,0,[],[],0,0,,,,,,,,,,,Moderate
1517,cant believe im following wannarexic,6/4/2022 5:51,,en,0,0,0,[],[],0,0,,,,,,,,,,,Moderate
1518,joined twt main acc first lurked bit active go back lurking bc friends found acc since lurked edtwt active edinsta,6/4/2022 3:36,,en,0,0,1,[],[],0,0,,,,,,,,,,,Moderate
1519,didnt eat three hours felt like anorexic energy,6/4/2022 3:34,,en,0,0,0,[],[],0,0,,,,,,,,,,,Moderate
1520,edtwt psych ward,6/4/2022 2:51,,en,0,0,1,[],[],0,1,,,,,,,,,,,Moderate
1521,like meanspo relating weight eating relationships people since thing swear edtw weird pro ana back,6/4/2022 2:23,,en,0,0,0,[],[],0,0,,,,,,,,,,,Moderate
1522,think around goal irls goal edtwt real goal sshh currently,6/4/2022 2:17,,en,1,0,0,[],[],0,0,,,,,,,,,,,Moderate
1523,yeah wish shtwt edtwt completely separate bc help drawn passes tl,6/4/2022 2:05,,en,2,0,0,[],[],0,0,,,,,,,,,,,Moderate
1524,proana lifestyle u know detrimental health u promote find others similar views support telling people ok eat also trying give tips distressed acceptable people mindset toxic,6/4/2022 1:57,,en,0,0,0,[],[],0,0,,,,,,,,,,,Moderate
1525,yall never go late night low calorie food searches amazon,6/3/2022 23:14,,en,0,0,1,[],[],0,0,,,,,,,,,,,Moderate
1526,think hurt feelings proana tumblr since,6/3/2022 23:12,,en,0,0,1,[],[],0,0,,,,,,,,,,,Moderate
1527,starving part ednos hurry challenge,6/3/2022 6:06,,en,0,0,0,[],[],0,0,,,,,,,,,,,Moderate
1528,okay know noone see spo age anyone ed fasting together lt hype eachother share tips diets whatever basically groupchat everyone dm comment rt want,6/2/2022 4:48,,en,0,0,1,[],[],0,0,,,,,,,,,,,Moderate
1529,ur best anorexic careful tho,6/2/2022 0:10,,en,0,0,2,[],[],0,0,,,,,,,,,,,Moderate
1530,thinspo hope u probably havent seen lt,6/1/2022 3:54,,en,0,0,2,[],[],0,0,,,,,,,,,,,Moderate
1531,fit wanna wear im skinny omg belt cropped hoodie chain wow luv also skinnyy,6/1/2022 1:32,,en,4,0,32,[],[],0,0,,,,,,,,,,,Moderate
1532,hate much lay bed thought body open disgusting,6/1/2022 1:20,,en,0,0,2,[],[],0,1,,,,,,,,,,,Moderate
1533,skinny end skinny end skinny end,5/29/2022 10:31,,en,0,0,0,[],[],0,0,,,,,,,,,,,Moderate
1534,know im edtwt dk account though also fake name,5/28/2022 13:29,,en,0,0,0,[],[],0,0,,,,,,,,,,,Moderate
1535,edtwt make diet try others diets mine would blush diet explain eat day,5/28/2022 8:03,,en,0,0,0,[],[],0,0,,,,,,,,,,,Moderate
1536,fool proof way get skinny fast guaranteed ur money back ask ur doctor using method side effects may occur side effects may include emotional damage mommy issues lifelong severe mental disorders,5/28/2022 8:02,,en,0,0,1,[],[],0,0,,,,,,,,,,,Moderate
1537,ew thigh jiggling someone needs fast little longer,5/28/2022 4:10,,en,0,0,2,[],[],0,0,,,,,,,,,,,Moderate
1538,someone give meanspo pls,5/27/2022 10:48,,en,1,0,12,[],[],0,0,,,,,,,,,,,Moderate
1539,eating disorders fucking body types,5/27/2022 9:34,,en,0,0,13,[],[],0,0,,,,,,,,,,,Moderate
1540,day sw lbs cw lbs calorie intake calories burned,5/27/2022 9:24,,en,0,0,1,[],[],0,0,,,,,,,,,,,Moderate
1541,day sw lbs cw lbs calorie intake calories burned,5/27/2022 5:42,,en,1,0,1,[],[],0,0,,,,,,,,,,,Moderate
1542,jasmine diet accountability thread sw,5/27/2022 1:37,,en,0,0,1,[],[],0,0,,,,,,,,,,,Moderate
1543,hi lovelies made calorie tracker december xm h k tty themed free use open thread see pink version pls share rt like,5/27/2022 1:35,,en,0,0,37,[],[],0,0,,,,,,,,,,,Moderate
1544,bye im used edtwt slang thought talking highest weight confused history,8/9/2020 23:59,,en,0,0,1,[],[],0,0,,,,,,,,,,,Moderate
1545,im proana im prorecovery pls closest get posting low cal recipes safekeeping lol,5/23/2020 8:35,,en,0,0,1,[],[],0,0,,,,,,,,,,,Moderate
1546,free meanspo,5/3/2020 6:02,,en,0,0,2,[],[],0,0,,,,,,,,,,,Moderate
1547,pls give meanspo oomf,3/20/2020 5:49,,en,0,0,1,[],[],0,0,,,,,,,,,,,Moderate
1548,tried ednos diet got bored went back pint ice cream,12/22/2019 16:43,,en,0,0,1,[],[],0,0,,,,,,,,,,,Moderate
1549,would japanese edtwt bmi,11/26/2019 13:57,,en,0,0,2,[],[],0,0,,,,,,,,,,,Moderate
1550,wasnt tryna rude didnt want people outside edtwt finding page,11/15/2019 14:26,,en,0,0,1,[],[],0,0,,,,,,,,,,,Moderate
1551,breakfast dinner easiest never ate breakfast really growing thats habit dinner easy cuz thats hw disappear,11/8/2019 4:54,,en,0,2,4,[],[],0,0,,,,,,,,,,,Moderate
1552,breakfast always sometimes lunch tend get hungry night since stay late avoid binge always try eat dinner,9/24/2019 11:50,,en,1,0,1,[],[],0,0,,,,,,,,,,,Moderate
1553,looking mirror hating body looking gross bad areas one direction insecure dont know,8/18/2019 1:49,,en,0,1,2,[],[],0,0,,,,,,,,,,,Moderate
1554,ed gc like rt respond added fasts together thinspo meanspo send cal intakes bodychecks u want lol holding u accountable,7/30/2019 6:54,,en,0,0,1,[],[],0,0,,,,,,,,,,,Moderate
1555,extreme toxic pro ana mia gc help reach ugw brutally honest opinions personal meanspo body checks weigh ins comfy diet accountability ana coach stick cal limit kicked humiliated share workouts tips creeps rt like,7/26/2019 6:05,,en,1,0,1,[],[],0,0,,,,,,,,,,,Moderate
1556,happy september edtwt month let get skinny month binging weight loss love gesture,7/19/2019 3:45,,en,0,0,2,[],[],0,0,,,,,,,,,,,Moderate
1557,anyone ever feel fat think bmi miscalculated bc seems low,7/19/2019 3:12,,en,0,0,0,[],[],0,0,,,,,,,,,,,Moderate
1558,hey yall im gonna try recover going eat right healthy shit instead eating junk going work yea wish luck perhaps see guys bmi goes back normal category hopefully ig amandaafrancis,7/18/2019 10:43,,en,0,0,1,[],[],0,0,,,,,,,,,,,Moderate
1559,hey yall last year around time really bad binge disorder bmi ive come far,7/18/2019 7:19,,en,0,4,8,[],[],0,1,,,,,,,,,,,Moderate
1560,many times going change ugw concept skinny going slowly morph bonespo,7/13/2019 4:07,,en,0,0,0,[],[],0,0,,,,,,,,,,,Moderate
1561,meanspo works meanspo father gives genuinely,7/11/2019 8:22,,en,0,0,2,[],[],0,0,,,,,,,,,,,Moderate
1562,sexual tension ending fast reeses pb bunnies would binge,7/9/2019 3:59,,en,0,3,15,[],[],0,1,,,,,,,,,,,Moderate
1563,wanted skinny got violent diarrhea whenever eat full sized meal,6/12/2019 10:18,,en,1,0,2,[],[],0,0,,,,,,,,,,,Moderate
1564,really need skinny christmas,5/28/2019 16:38,,en,1,0,1,[],[],0,0,,,,,,,,,,,Moderate
1565,ya bully comments need motivated,5/6/2019 11:38,,en,0,0,0,[],[],0,0,,,,,,,,,,,Moderate
1566,dude stupid vanilla bean frappuccino thinking ok fast,4/26/2019 12:48,,en,0,2,14,[],[],0,0,,,,,,,,,,,Moderate
1567,hi guys new stuff motivated lose weight get btw,4/22/2019 13:08,,en,0,0,0,[],[],0,0,,,,,,,,,,,Moderate
1568,calculated would get gw said august calorie budget calories day ahh excited skinny next school year get actually eat food thought fast,3/19/2019 16:51,,en,0,0,0,[],[],0,0,,,,,,,,,,,Moderate
1569,came game plan make sure binge daily calorie limit exercise least hour day take shot apple cider vinegar every day twice eat around family make sure suspicions,2/20/2019 9:10,,en,0,0,1,[],[],0,0,,,,,,,,,,,Moderate
1570,feel like failure calorie drink keep going start tomorrow,2/20/2019 6:53,,en,0,0,1,[],[],0,0,,,,,,,,,,,Moderate
1571,wanted confirm tiktok local tumbler since got twitter account support log calories,2/19/2019 15:57,,en,3,1,13,[],[],0,0,,,,,,,,,,,Moderate
1572,invited beach one friends go well insecure literally skinniest girl ever,2/10/2019 19:09,,en,0,0,0,[],[],0,0,,,,,,,,,,,Moderate
1573,ok lunch get away eating going cup steamed broccoli cups chicken broth cup unbuttered lightly salted popcorn calories much,2/2/2019 17:22,,en,0,0,0,[],[],0,0,,,,,,,,,,,Moderate
1574,ok ya want really healthy meal option use whole carton vegetable broth chopped baby carrots put minutes calories makes servings plus super good,2/2/2019 17:20,,en,0,0,1,[],[],0,0,,,,,,,,,,,Moderate
1575,ya hungry please bully afford eat binge,1/24/2019 12:40,,en,1,0,8,[],[],0,0,,,,,,,,,,,Moderate
1576,ahh omg mom said face looks thinner screaming happy,1/10/2019 0:38,,en,0,0,0,[],[],0,0,,,,,,,,,,,Moderate
1577,ahh weighed lost pounds actually pretty happy,11/25/2018 8:40,,en,0,0,0,[],[],0,0,,,,,,,,,,,Moderate
1578,yeah tbh im lose weight even know ana mia pro lose quick kg dip lol trying become ill love skinny smiling cat face heart eyes anyway stay safe whatevs,11/10/2018 10:05,,en,0,0,0,[],[],0,1,,,,,,,,,,,Moderate
1579,anyone give meanspo pls begging,10/29/2018 7:59,,en,0,2,15,[],[],0,1,,,,,,,,,,,Moderate
1580,brother called fattie god good meanspo,10/26/2018 9:23,,en,0,0,1,[],[],0,0,,,,,,,,,,,Moderate
1581,ed gc rt added lets lose weight together send receive thinspo meanspo share hardcore pictures nudes gore body checks allowed lets share weight loss tips workout routines diets,10/26/2018 9:06,,en,0,0,1,[],[],0,0,,,,,,,,,,,Moderate
1582,woke pounds lighter smiling cat face heart eyes smiling cat face heart eyes rt manifest,10/26/2018 4:21,,en,0,0,6,[],[],0,0,,,,,,,,,,,Moderate
1583,hii need moots new edtwt cw kg gw kg ugw kg kpop anime stan rom london,10/26/2018 3:52,,en,0,0,0,[],[],0,0,,,,,,,,,,,Moderate
1584,made another edtwt acc lmao cm sw kg cw kg still fat hehe ugw kg thinspo n sweetspo dm rt moots lt,10/26/2018 3:50,,en,0,0,1,[],[],0,0,,,,,,,,,,,Moderate
1585,favorite routines,10/9/2018 8:19,,en,0,1,7,[],[],0,1,,,,,,,,,,,Moderate
1586,rt loose lbs week,10/8/2018 8:21,,en,0,0,1,[],[],0,0,,,,,,,,,,,Moderate
1587,ed safe food frozen watermelon cal per g freeze watermelon right way mushy thread,10/5/2018 12:46,,en,2,2,19,[],[],0,1,,,,,,,,,,,Moderate
1588,ed safe meal thread cal spaghetti,9/13/2018 15:59,,en,0,0,1,[],[],0,0,,,,,,,,,,,Moderate
1589,things instead eating gt skincare gt clean room gt play pets gt talk go friends gt take shower bath gt draw paint gt exercise gt declutter room gt scroll insta twitter etc gt listen music,9/3/2018 6:13,,en,0,2,7,[],[],0,0,,,,,,,,,,,Moderate
1590,anyone else get mindset one thing wrong may well stop trying like eat one oreo like fuck failure one high cal day like shit always fat,8/30/2018 7:34,,en,0,1,14,[],[],0,1,,,,,,,,,,,Moderate
1591,tumblr saw post talking edtwt decided see made account,8/6/2018 10:39,,en,0,0,1,[],[],0,0,,,,,,,,,,,Moderate
1592,new group chat alert rules skinny legend hydrated loose wait fast thinspo welcome fasts together send intake dont piggy rt like reply join,5/11/2018 11:18,,en,0,0,2,[],[],0,0,,,,,,,,,,,Moderate
1593,binge fast gc ednos gang tbh ppl suffer binging purging levels restriction log intake keep track fasts ect theres real requirements dick thinspo sweetspo allowed rt added,4/26/2018 10:29,,en,0,0,1,[],[],0,0,,,,,,,,,,,Moderate
1594,anyone comment lost weight pls asap,4/16/2018 7:16,,en,0,2,15,[],[],0,1,,,,,,,,,,,Moderate
1595,thigh gap pls,4/12/2018 10:53,,en,1,1,10,[],[],0,0,,,,,,,,,,,Moderate
1596,current favorite thinspo something hip bones sticks,3/8/2018 12:59,,en,1,0,19,[],[],0,0,,,,,,,,,,,Moderate
1597,first impression love username read honey bones close youre moot best anorexic moot see frequently tl kinda u u want bae,1/9/2018 15:08,,en,0,0,2,[],[],0,0,,,,,,,,,,,Moderate
1598,u wont loose weight throwing food,1/9/2018 15:02,,en,0,0,1,[],[],0,0,,,,,,,,,,,Moderate
1599,feel bad rn least restrictions going well,1/9/2018 11:05,,en,1,0,11,[],[],0,1,,,,,,,,,,,Moderate
1600,hv friend let fat together lose together,1/9/2018 10:58,,en,1,1,11,[],[],0,0,,,,,,,,,,,Moderate
1601,dawg hot omg voice c mon mimi,12/25/2017 12:38,,en,1,0,6,[],[],0,0,,,,,,,,,,,Moderate
1602,small waist flat stomach visible collarbones thin thighs dont jiggle every time u walk dainty armsa beautiful bodyis going make u feel much better happier plate pasta,12/13/2017 15:26,,en,0,0,3,[],[],0,0,,,,,,,,,,,Moderate
1603,eat remember guilt feel immediately,12/13/2017 14:39,,en,0,0,1,[],[],0,0,,,,,,,,,,,Moderate
1604,stop thinking binging got,6/9/2022 23:39,,en,0,0,0,[],[],0,0,,,,,,,,,,,Moderate
1605,anybody tips abc diet,6/7/2022 23:48,,en,0,0,0,[],[],0,0,,,,,,,,,,,Moderate
1606,youre best anorexic,6/6/2022 10:15,,en,0,0,0,[],[],0,0,,,,,,,,,,,Moderate
1607,im safe space talk eds without affecting people nothing im pro recovery go edtwt u want much safer tik tok platforms want anon one forcing,6/5/2022 8:23,,en,0,0,1,[],[],0,0,,,,,,,,,,,Moderate
1608,polls bc im bored rt voting lt,6/5/2022 1:39,,en,0,0,0,[],[],0,0,,,,,,,,,,,Moderate
1609,app pretty anime boys give u meanspo motivate work oanhskansjamnzjz,6/2/2022 23:21,,en,0,0,0,[],[],0,0,,,,,,,,,,,Moderate
1610,best anorexic queens,5/31/2022 23:51,,en,0,0,0,[],[],0,0,,,,,,,,,,,Moderate
1611,idk jus intermittent fasting bcuz get bored tht break fast normally,5/29/2022 1:06,,en,0,0,0,[],[],0,0,,,,,,,,,,,Moderate
1612,limit intake exactly planning food day want eat helpful like plagued standing front fridge desperate grab anything hunger instead grabbing know fits planned,5/15/2022 1:17,,en,0,0,0,[],[],0,0,,,,,,,,,,,Moderate
1613,limit intake ive good staying within limits feel huge though,5/8/2022 13:38,,en,0,0,0,[],[],0,0,,,,,,,,,,,Moderate
1614,weight disappointed going lie high thought would though aiming hit end week hopefully end month,5/8/2022 10:32,,en,0,0,0,[],[],0,0,,,,,,,,,,,Moderate
1615,cal count today yuh get,5/3/2022 23:55,,en,0,0,0,[],[],0,0,,,,,,,,,,,Moderate
1616,cal count thread keep accountable,4/28/2022 23:45,,en,0,0,0,[],[],0,0,,,,,,,,,,,Moderate
1617,debating using calories coffee food found cookie dough coffee cups thats cals fits limit,4/26/2022 23:19,,en,0,0,0,[],[],0,0,,,,,,,,,,,Moderate
1618,yall think mother starting notice didnt eat bc went bought candy like n brought chips room chile im nervous,4/24/2022 1:32,,en,0,0,0,[],[],0,0,,,,,,,,,,,Moderate
1619,omg sad yesterday bc went cals limit got period means burning extra calories never happy period,4/23/2022 0:46,,en,0,0,0,[],[],0,0,,,,,,,,,,,Moderate
1620,would like little meanspo please spoonful taste please beg,4/21/2022 23:54,,en,0,0,0,[],[],0,0,,,,,,,,,,,Moderate
1621,excited move city next year hopefully make new edtwt moots meet friends gotta skinny first though,4/20/2022 5:28,,en,0,0,0,[],[],0,0,,,,,,,,,,,Moderate
1622,yes would hes hot virginity exchange skinny,4/18/2022 12:01,,en,0,0,0,[],[],0,0,,,,,,,,,,,Moderate
1623,know sick scroll thinspo tag think half still big remember bonespo upu used get ed tumblr glorious,4/14/2022 5:25,,en,0,0,0,[],[],0,1,,,,,,,,,,,Moderate
1624,followers body check kg ib cm sucking little also sorry bad quality,4/5/2022 23:46,,en,0,0,0,[],[],0,0,,,,,,,,,,,Moderate
1625,gosh love ribs pretty,4/3/2022 0:37,,en,0,0,0,[],[],0,0,,,,,,,,,,,Moderate
1626,waist small,4/1/2022 0:16,,en,0,0,0,[],[],0,0,,,,,,,,,,,Moderate
1627,hey edtwt prefer thinspo,3/30/2022 0:40,,en,0,0,0,[],[],0,0,,,,,,,,,,,Moderate
1628,hey edtwt making new lgbtq girls gc flirts allowed lol thinspo meanspo sweetspo bonespo fatspo allowed someone asks bodychecks daily weekly weigh ins want okay one force rt join,3/27/2022 0:23,,en,0,0,0,[],[],0,0,,,,,,,,,,,Moderate
1629,dunno thinspo bonespo suppose,3/23/2022 0:43,,en,0,0,0,[],[],0,0,,,,,,,,,,,Moderate
1630,love ribs much think pretty,3/18/2022 0:12,,en,0,0,0,[],[],0,0,,,,,,,,,,,Moderate
1631,miss tumblr thinspo bonespo keep seeing normal looking girls thinspo tag annoying tbh anyone know good accounts post bonespo regularly,3/16/2022 0:49,,en,0,0,1,[],[],0,0,,,,,,,,,,,Moderate
1632,used want sort asthetic extremely enough still cute,3/13/2022 1:48,,en,0,0,0,[],[],0,0,,,,,,,,,,,Moderate
1633,wanna skinny legend,2/27/2022 2:51,,en,0,0,0,[],[],0,0,,,,,,,,,,,Moderate
1634,want flat tummy thin waist,2/26/2022 10:18,,en,1,0,0,[],[],0,0,,,,,,,,,,,Moderate
1635,want skinny legs dainty calves,2/20/2022 3:47,,en,0,0,1,[],[],0,0,,,,,,,,,,,Moderate
1636,want skinny legs bad idea,2/19/2022 2:45,,en,0,0,0,[],[],0,0,,,,,,,,,,,Moderate
1637,want skinny legs instead massive calves thighs look like cottage cheese cellulite bitch,2/16/2022 1:19,,en,0,0,0,[],[],0,0,,,,,,,,,,,Moderate
1638,want tummy lines,2/15/2022 14:19,,en,0,0,1,[],[],0,0,,,,,,,,,,,Moderate
1639,wish proportions,2/14/2022 6:37,,en,0,0,0,[],[],0,0,,,,,,,,,,,Moderate
1640,wish looked good swimsuit,2/13/2022 4:14,,en,0,0,0,[],[],0,0,,,,,,,,,,,Moderate
1641,would love look androgynous,2/11/2022 6:22,,en,0,0,2,[],[],0,0,,,,,,,,,,,Moderate
1642,would never wear dress least yet skinny though thighs cottage cheese like,2/9/2022 1:30,,en,0,0,0,[],[],0,0,,,,,,,,,,,Moderate
1643,idk want look like muscle bone,2/6/2022 3:21,,en,0,0,0,[],[],0,0,,,,,,,,,,,Moderate
1644,fasting tips hide thread,2/4/2022 12:33,,en,0,0,0,[],[],0,0,,,,,,,,,,,Moderate
1645,really going work lunch sometimes water vibes,2/2/2022 2:12,,en,0,0,0,[],[],0,0,,,,,,,,,,,Moderate
1646,yall tag ur fav meanspo accs lmfao wna follow pls,1/30/2022 4:37,,en,0,0,1,[],[],0,0,,,,,,,,,,,Moderate
1647,smh like basically whole life ridiculous mother still horrible weight think understand makes someone feel,1/26/2022 2:02,,en,0,0,0,[],[],0,0,,,,,,,,,,,Moderate
1648,christmas deadline thanksgiving really fucked progress gonna super skinty sisters extended family coming home christmas,1/23/2022 10:38,,en,0,0,0,[],[],0,0,,,,,,,,,,,Moderate
1649,grandmother also weighed every morning measured waist biweekly pageants ballet win guess,8/13/2020 18:32,,en,0,0,0,[],[],0,0,,,,,,,,,,,Moderate
1650,dad used buy clothes small purpose motivation mean sometimes toxic coming parent,4/24/2020 21:56,,en,0,0,0,[],[],0,0,,,,,,,,,,,Moderate
1651,tends trigger recovery mentions restricting calories weight thinspo,2/14/2020 9:22,,en,0,0,0,[],[],0,0,,,,,,,,,,,Moderate
1652,unfollow many people really dont want get triggered recovery going good rn dont want ruined,1/15/2020 20:49,,en,0,0,0,[],[],0,0,,,,,,,,,,,Moderate
1653,true except u weight forever im jelous,12/11/2019 21:30,,en,1,0,0,[],[],0,0,,,,,,,,,,,Moderate
1654,used st water healthy food looked great im bottom right im fat,12/11/2019 21:27,,en,1,0,0,[],[],0,0,,,,,,,,,,,Moderate
1655,weight comfortable im body kinda goal,12/11/2019 21:23,,en,1,0,0,[],[],0,0,,,,,,,,,,,Moderate
1656,bestie edtwt idk think ppl gonna like,12/2/2019 11:10,,en,1,0,0,[],[],0,0,,,,,,,,,,,Moderate
1657,things cals last time got one know honestly think gonna ever able go back,12/2/2019 10:43,,en,1,0,0,[],[],0,0,,,,,,,,,,,Moderate
1658,anyone else lose much weight warmer weather winter everythings window,11/13/2019 13:39,,en,0,0,0,[],[],0,0,,,,,,,,,,,Moderate
1659,lightheaded bc high eaten,11/13/2019 12:18,,en,0,0,0,[],[],0,0,,,,,,,,,,,Moderate
1660,reach goal weight think wanna start strength training cus metabolism fucked weight lost muscle weight,11/13/2019 11:03,,en,1,0,8,[],[],0,0,,,,,,,,,,,Moderate
1661,hii retweet edtwt gc,11/12/2019 1:03,,en,0,0,0,[],[],0,0,,,,,,,,,,,Moderate
1662,apple stomach waiting food come,11/6/2019 17:10,,en,0,0,0,[],[],0,0,,,,,,,,,,,Moderate
1663,new ed twt im switching hard bae twt side minor cw ugw tw ed vent thinspo meanspo etc pls rt ur seeing mutuals lt,11/3/2019 10:32,,en,0,0,0,[],[],0,0,,,,,,,,,,,Moderate
1664,rt follow b proana gc b toxic active thinspo meanspo sweeatspo dont say u deserve eat stay safe motivate flops u never saw,11/1/2019 8:43,,en,0,0,0,[],[],0,0,,,,,,,,,,,Moderate
1665,ed twt rt close selective strict pro ana gc weekly body weight checks meanspo food checks calorie consumed burned tracking ur sensitive dont rt bc basically consentual bullying gc lol underweight ppl sorry please,10/31/2019 9:16,,en,1,0,2,[],[],0,0,,,,,,,,,,,Moderate
1666,hwnziwjzkwkfg number scale thing keeping going right otherwise swear teeth would sunk burrito right,10/30/2019 22:42,,en,0,1,1,[],[],0,0,,,,,,,,,,,Moderate
1667,cannot stop beating eating yesterday put lbs,3/29/2019 7:22,,en,1,0,0,[],[],0,0,,,,,,,,,,,Moderate
1668,cant wait stomach flat even drinking shit ton water eating food,3/28/2019 11:32,,en,1,0,0,[],[],0,0,,,,,,,,,,,Moderate
1669,cant wait skinny actually eat im studying,6/11/2022 7:23,,en,0,0,0,[],[],0,1,,,,,,,,,,,Moderate
1670,carbs im craving carbs,6/11/2022 6:58,,en,0,0,0,[],[],0,0,,,,,,,,,,,Moderate
1671,doubt ill reach lbs period reach saturday ill go coffee shop hot chocolate cake work,6/11/2022 4:52,,en,0,0,0,[],[],0,0,,,,,,,,,,,Moderate
1672,dude wish still body checks months ago back cause theres fat left wtff,6/11/2022 4:18,,en,0,0,0,[],[],0,0,,,,,,,,,,,Moderate
1673,dude weighed evening lbs full day eating drinking,6/10/2022 9:04,,en,0,0,0,[],[],0,0,,,,,,,,,,,Moderate
1674,im elated flatter stomach weird im slightly unsettled put hand breathe dont feel much anymore,6/10/2022 8:56,,en,1,0,1,[],[],0,1,,,,,,,,,,,Moderate
1675,dont eat,6/9/2022 4:22,,en,0,0,1,[],[],0,0,,,,,,,,,,,Moderate
1676,hi new edtwt age cw kg ugw kg ht cm,6/9/2022 4:19,,en,1,0,1,[],[],0,0,,,,,,,,,,,Moderate
1677,started gaining telling mum dont want buying food makes overeat feel terrible literally doesnt care losing control much consume isnt literally dangerous,6/7/2022 14:58,,en,0,0,0,[],[],0,0,,,,,,,,,,,Moderate
1678,change androgyny distinct lw last year realised lot dysphoria came body image better feel allow femininity lt,6/7/2022 13:22,,en,0,1,2,[],[],0,0,,,,,,,,,,,Moderate
1679,yall hard time tracking calories fucking hate,6/7/2022 13:17,,en,3,3,12,[],[],0,0,,,,,,,,,,,Moderate
1680,want toxic ed competitive gc please rt add,6/7/2022 12:42,,en,1,0,0,[],[],0,0,,,,,,,,,,,Moderate
1681,ur beautiful lt meanspo ur door shape weight sitting ur hips,6/7/2022 9:43,,en,0,0,0,[],[],0,0,,,,,,,,,,,Moderate
1682,starving,6/7/2022 1:11,,en,0,0,0,[],[],0,0,,,,,,,,,,,Moderate
1683,grapes rice cakes blue strawberries clementines peaches baby carrots boiled egg whites instant soups green apples babybel cheese wedges carrots dijon mustard baby food baby cereal almond milk skinny pop carrots light yogurt,6/7/2022 0:35,,en,1,0,0,[],[],0,0,,,,,,,,,,,Moderate
1684,b b speed metabolism youre binge chew gum look fat drink glass water every hour eat least one meal every day take caffeine tablets sugar gum around,6/6/2022 22:45,,en,0,1,1,[],[],0,0,,,,,,,,,,,Moderate
1685,cant look body without feeling disgusted,6/5/2022 5:56,,en,0,1,0,[],[],0,0,,,,,,,,,,,Moderate
1686,cant breath waist trainer making body look oof amazing,6/4/2022 7:28,,en,0,0,0,[],[],0,0,,,,,,,,,,,Moderate
1687,laxatives help lose weight,6/10/2022 23:22,,en,11,9,190,[],[],0,1,,,,,,,,,,,Moderate
1688,yall idea fucking full food feeding like shit,6/9/2022 5:13,,en,0,0,1,[],[],0,0,,,,,,,,,,,Moderate
1689,yall took laxatives let tell u im struggling wanna sleep,6/9/2022 5:11,,en,4,2,32,[],[],0,1,,,,,,,,,,,Moderate
1690,anyone else secretly hope irl friends gain weight skinniest one group,6/8/2022 21:14,,en,2,10,14,[],[],0,1,,,,,,,,,,,Moderate
1691,buy mom dream house support brother tuition hear people talk abt much weight lost see penguins,6/8/2022 19:45,,en,1,0,4,[],[],0,0,,,,,,,,,,,Moderate
1692,wanna make gc send start together encourage eachother eat gonna hardcore probably trigger fgs active group comment retweet flops never ask,6/3/2022 1:31,,en,0,0,2,[],[],0,1,,,,,,,,,,,Moderate
1693,edtwt organised day week fast diet together time,6/2/2022 22:29,,en,0,0,4,[],[],0,1,,,,,,,,,,,Moderate
1694,tits arms waist im bigender want chest flat possible super self conscious arms wish skinnyy also want skinny small waist would super confident,6/2/2022 19:00,,en,6,4,38,[],[],0,0,,,,,,,,,,,Moderate
1695,im nice post aesthetic thinspo,6/2/2022 6:25,,en,1,0,1,[],[],0,0,,,,,,,,,,,Moderate
1696,anyone else love youre freezing cold head toe makes feel skinny idk,6/2/2022 1:42,,en,1,0,1,[],[],0,0,,,,,,,,,,,Moderate
1697,bro friends house mom talking used like mentioned ive lost lot weight im moon like lol really tucks hair behind ear think im skinny giggle tell,6/1/2022 21:22,,en,1,0,1,[],[],0,0,,,,,,,,,,,Moderate
1698,bro thinspo see skin crystal clear fucking wish omg goals could goal weight clear skin would choose clear skin fucking heartbeat,6/1/2022 21:06,,en,1,0,0,[],[],0,0,,,,,,,,,,,Moderate
1699,guys got best thinspo right,6/1/2022 6:16,,en,0,0,0,[],[],0,0,,,,,,,,,,,Moderate
1700,guys got best thinspo right,6/1/2022 2:51,,en,1,0,0,[],[],0,0,,,,,,,,,,,Moderate
1701,im tryna look end quarantine,6/1/2022 2:46,,en,0,0,4,[],[],0,1,,,,,,,,,,,Moderate
1702,feel much better journaling calorie intake wish could know much sure plus way weight,6/1/2022 1:29,,en,1,0,3,[],[],0,0,,,,,,,,,,,Moderate
1703,feel much better since im journaling calorie intake wish could weigh wish could know many calories sure today oh well,5/30/2022 20:33,,en,1,0,5,[],[],0,0,,,,,,,,,,,Moderate
1704,ate pepper beef stick idk many colories anyone ideas,5/30/2022 1:17,,en,1,0,18,[],[],0,1,,,,,,,,,,,Moderate
1705,love stomach growls,5/29/2022 6:25,,en,1,1,1,[],[],0,0,,,,,,,,,,,Moderate
1706,need get back track wore skirt today felt k need,5/29/2022 3:58,,en,0,0,1,[],[],0,1,,,,,,,,,,,Moderate
1707,wanna see feel bones,5/28/2022 22:26,,en,0,0,1,[],[],0,0,,,,,,,,,,,Moderate
1708,want look like swimsuit wtf,5/28/2022 20:50,,en,0,0,7,[],[],0,1,,,,,,,,,,,Moderate
1709,birthday present letting eat whatever fuck want periodt,5/28/2022 16:37,,en,0,0,1,[],[],0,1,,,,,,,,,,,Moderate
1710,couscous good one cooked cup less calories heck,5/28/2022 16:23,,en,0,0,4,[],[],0,1,,,,,,,,,,,Moderate
1711,um add excercise instead restricting maybe u see results,5/28/2022 3:53,,en,0,0,3,[],[],0,1,,,,,,,,,,,Moderate
1712,like like like like like like,5/25/2022 7:16,,en,1,0,29,[],[],0,0,,,,,,,,,,,Moderate
1713,u chant skip dinner wake thinner times front packet rice cakes ana come give u anorexia,5/25/2022 1:51,,en,0,0,0,[],[],0,0,,,,,,,,,,,Moderate
1714,eating disorders diets eating disorders diets eating disorders diets eating disorders diets eating disorders diets eating disorders diets eating disorders diets eating disorders diets eating disorders diets,5/25/2022 1:26,,en,0,0,0,[],[],0,0,,,,,,,,,,,Moderate
1715,anorexic bulimic thing wish deranged,5/24/2022 23:07,,en,1,0,0,[],[],0,0,,,,,,,,,,,Moderate
1716,made one get meanspo guess didnt even need one bc moots shame eggs tl,5/24/2022 21:02,,en,0,0,0,[],[],0,0,,,,,,,,,,,Moderate
1717,u guys see difference,5/24/2022 21:02,,en,1,0,0,[],[],0,0,,,,,,,,,,,Moderate
1718,around kgs half month im kinda getting better losing tho,5/24/2022 20:20,,en,1,0,0,[],[],0,0,,,,,,,,,,,Moderate
1719,new edtwt im charlie lee whichever prefer lol pronouns please ugw lbs pro thinspo sweetspo really like anime video games rt moots,5/24/2022 6:01,,en,0,0,1,[],[],0,0,,,,,,,,,,,Moderate
1720,people eating disorders never good days eating disorder people eating disorders eat around people comfortable,5/24/2022 1:29,,en,0,0,1,[],[],0,0,,,,,,,,,,,Moderate
1721,need low cal ideas road trip take hours cooler shit like carrots cottage cheese cut road hours night aside energy drinks ideas might fast,5/24/2022 0:42,,en,2,0,7,[],[],0,0,,,,,,,,,,,Moderate
1722,appetite killer thread case thought eating pt,5/23/2022 9:19,,en,0,0,1,[],[],0,0,,,,,,,,,,,Moderate
1723,calories make happy,5/23/2022 9:11,,en,1,0,1,[],[],0,0,,,,,,,,,,,Moderate
1724,dont let hunger take control body much stronger every hunger pain every craving dont give yet baby gw calling telling keep going,5/23/2022 1:59,,en,2,0,1,[],[],0,0,,,,,,,,,,,Moderate
1725,skincare routine like keep clear skin restricting help,5/23/2022 1:03,,en,0,0,1,[],[],0,1,,,,,,,,,,,Moderate
1726,whats deal mean youre fasting fasting isnt eating couple hours binging want results need work cant even go hours without food yikes,5/23/2022 0:24,,en,0,0,1,[],[],0,0,,,,,,,,,,,Moderate
1727,mean asked meanspo note disappointed pretty lame idk,9/14/2019 13:06,,en,0,0,1,[],[],0,1,,,,,,,,,,,Moderate
1728,even though feels much really isnt still low starvation take care x,12/13/2018 10:57,,en,1,0,4,[],[],0,0,,,,,,,,,,,Moderate
1729,lie honest look awful tbh,7/13/2018 4:02,,en,0,0,0,[],[],0,0,,,,,,,,,,,Moderate
1730,hoping continues look nothing near weight swear look lbs heavier,11/16/2017 19:40,,en,0,1,0,[],[],0,0,,,,,,,,,,,Moderate
1731,youre welcome ilysm please enjoy tea milk still fast,2/6/2017 12:39,,en,0,0,3,[],[],0,0,,,,,,,,,,,Moderate
1732,bf getting pizza im fasting torture torture torture,12/11/2016 7:12,,en,0,0,1,[],[],0,0,,,,,,,,,,,Moderate
1733,period end feel gross gained lbs fat bloated sad hate,11/29/2016 10:06,,en,0,1,6,[],[],0,0,,,,,,,,,,,Moderate
1734,someone validate body rn cause im sad,11/29/2016 9:59,,en,0,1,3,[],[],0,1,,,,,,,,,,,Moderate
1735,generalize dictate low restriction high restriction amounts everyones weight height plays individual someone whos short might high res someone whos taller would low res,11/29/2016 6:39,,en,1,0,2,[],[],0,0,,,,,,,,,,,Moderate
1736,didnt eat omad total today allowing max cant sleep hopefully staying,11/29/2016 4:12,,en,1,1,1,[],[],0,0,,,,,,,,,,,Moderate
1737,dude fattest arms lose arm fat,11/23/2016 13:12,,en,0,0,0,[],[],0,0,,,,,,,,,,,Moderate
1738,even though probably super impossible im going lose lbs week lol,11/22/2016 4:36,,en,0,0,0,[],[],0,0,,,,,,,,,,,Moderate
1739,well since im super early didnt sleep sleep early therefore maybe fast,11/17/2016 14:15,,en,0,0,0,[],[],0,0,,,,,,,,,,,Moderate
1740,welp maintained better gaining still irritating,11/17/2016 14:10,,en,0,0,0,[],[],0,1,,,,,,,,,,,Moderate
1741,get ugw people like must ate nothing veggies reality chicken nuggets fries,11/17/2016 14:07,,en,0,1,1,[],[],0,0,,,,,,,,,,,Moderate
1742,waist wide want smaller bone structure cant change,8/27/2016 8:06,,en,0,0,1,[],[],0,0,,,,,,,,,,,Moderate
1743,wish liked black coffee would save many calories,7/9/2016 11:54,,en,0,1,0,[],[],0,0,,,,,,,,,,,Moderate
1744,yo dont give fuck lose water weight scale whatever says water fat matters,7/9/2016 11:27,,en,1,0,1,[],[],0,0,,,,,,,,,,,Moderate
1745,weighed took nap got sleep lost,7/9/2016 11:26,,en,0,1,0,[],[],0,0,,,,,,,,,,,Moderate
1746,arms getting skinny,7/7/2016 9:16,,en,0,0,0,[],[],0,0,,,,,,,,,,,Moderate
1747,prefer healthy food omad eat honestly ill things like slice pizza even fast food keep currently,6/11/2022 6:52,,en,0,0,0,[],[],0,0,,,,,,,,,,,Moderate
1748,definitely water weight food weight theres way thats possible give day two go back freak sm never legit unless youre eating cals top tdee x,6/11/2022 6:38,,en,1,5,2,[],[],0,0,,,,,,,,,,,Moderate
1749,wait cant real think bmi single chip,6/11/2022 6:31,,en,0,0,0,[],[],0,0,,,,,,,,,,,Moderate
1750,def ugw rn tbh pls let get,6/11/2022 5:46,,en,1,1,0,[],[],0,0,,,,,,,,,,,Moderate
1751,im dinner iced coffee rn im depressed today im hungry wanna go bed,6/11/2022 4:57,,en,1,1,1,[],[],0,0,,,,,,,,,,,Moderate
1752,long yall wait fasting eat,6/11/2022 3:59,,en,0,0,1,[],[],0,0,,,,,,,,,,,Moderate
1753,cal many calories fast bc literally even know whats actually much anymore,6/11/2022 3:31,,en,1,4,2,[],[],0,0,,,,,,,,,,,Moderate
1754,one cups n like ok enough calories today,6/11/2022 2:49,,en,0,1,2,[],[],0,0,,,,,,,,,,,Moderate
1755,retweet manifest lose kg august thigh gap wrists dainty jawline show arms jiggle stomach flat thinspo fingers smal hands dainty waist small skinny,6/11/2022 2:36,,en,0,0,2,[],[],0,0,,,,,,,,,,,Moderate
1756,retweet youre years old need moots,6/11/2022 2:17,,en,0,0,8,[],[],0,0,,,,,,,,,,,Moderate
1757,lost pounds probably going gain back stuffing fat fucking mouth think make happy skinny put food fast,6/11/2022 2:15,,en,0,0,1,[],[],0,0,,,,,,,,,,,Moderate
1758,new shtwt edtwt new acc name sage pronouns weight kg lb bmi height age anime art death metal rt moots,6/11/2022 1:57,,en,0,0,6,[],[],0,0,,,,,,,,,,,Moderate
1759,new ed twt height cw lbs gw lbs gw lbs lw lbs restrictive tips foods body checks thinspo bonespo sweetspo etc rt like dm mutuals,6/11/2022 1:49,,en,0,1,0,[],[],0,0,,,,,,,,,,,Moderate
1760,hey ok binged pasta donut burger going set back may gain progress linear everyone would thin wanted hard know get back track keep working hard ily,6/11/2022 1:27,,en,0,0,1,[],[],0,0,,,,,,,,,,,Moderate
1761,edtwt christmas gc weekly weigh ins daily intake accountability competitive supportive meanspo rt reply added lt flops never happened,6/11/2022 0:55,,en,0,1,2,[],[],0,0,,,,,,,,,,,Moderate
1762,new ed twt minor cw kg gw kg ugw kg kpop stan anime fan like japanese rock metal sum stuff rt moots,6/11/2022 0:20,,en,0,0,2,[],[],0,0,,,,,,,,,,,Moderate
1763,tw meanspo starve worth nobody love fat,6/11/2022 0:15,,en,1,1,3,[],[],0,0,,,,,,,,,,,Moderate
1764,trigger warning meanspo please internact soft recovering edtwt heres meanspo found notes lol ok hand medium light skin tone kinda cringey yolo,6/10/2022 23:36,,en,1,0,1,[],[],0,0,,,,,,,,,,,Moderate
1765,tw meanspo ed dni locals look adorable outfits course youd look awful big dont lose weight finally look presentable,6/10/2022 23:00,,en,0,0,0,[],[],0,0,,,,,,,,,,,Moderate
1766,tw ed dni locals softies imagine waking every day looking mirror see thin petite person youve always wanted whats stopping put food fatass want lose weight right,6/10/2022 22:23,,en,0,0,1,[],[],0,0,,,,,,,,,,,Moderate
1767,toxic ed gc problematic racists ableists funny share tips fast together meanspo thinspo etc allowed alt poc lgbtq free pass respect people pronouns weigh ins required like rt added,6/10/2022 22:14,,en,1,0,4,[],[],0,0,,,,,,,,,,,Moderate
1768,need food energy bitch u bmi enough energy stored last weeks stop making excuses stop overeating,6/10/2022 21:56,,en,1,2,1,[],[],0,0,,,,,,,,,,,Moderate
1769,need eat dont eat anything mf dont either,6/10/2022 21:27,,en,0,1,2,[],[],0,0,,,,,,,,,,,Moderate
1770,aand mum hidden scales nice knowing goal weight guess gonna go physical appearance,6/10/2022 21:12,,en,1,2,1,[],[],0,0,,,,,,,,,,,Moderate
1771,abc diet gc start october nd interact added gc max,6/10/2022 13:20,,en,0,1,2,[],[],0,0,,,,,,,,,,,Moderate
1772,r en hana vex cw lbs gw lbs bmi persecutor system hospitalcore new edtwt need moots need moots vv badly,6/10/2022 12:00,,en,0,1,5,[],[],0,1,,,,,,,,,,,Moderate
1773,almost reached gw rt happen u,6/10/2022 11:53,,en,0,1,0,[],[],0,0,,,,,,,,,,,Moderate
1774,still diet coke condiments kinda hate condiments begin w fairly normal mean something positive step guess feel little guilty eating without even looking cals also kinda glad,6/10/2022 11:39,,en,0,0,2,[],[],0,0,,,,,,,,,,,Moderate
1775,workout tips hate cardio ill curious thats effective,6/10/2022 10:20,,en,1,0,3,[],[],0,0,,,,,,,,,,,Moderate
1776,anyone know thinspo gcs ones see meanspo fatspo dont encourage whatsoever,6/10/2022 10:13,,en,0,0,0,[],[],0,0,,,,,,,,,,,Moderate
1777,ate cal today actually feel pretty full run liquor mart get monster,6/10/2022 10:07,,en,7,0,7,[],[],0,0,,,,,,,,,,,Moderate
1778,black white thinspo,6/10/2022 9:30,,en,0,0,1,[],[],0,0,,,,,,,,,,,Moderate
1779,black white thinspo,6/10/2022 9:02,,en,0,1,4,[],[],0,0,,,,,,,,,,,Moderate
1780,black white thinspo,6/10/2022 8:03,,en,0,0,0,[],[],0,0,,,,,,,,,,,Moderate
1781,black white ribs,6/10/2022 7:48,,en,3,0,5,[],[],0,0,,,,,,,,,,,Moderate
1782,black yellow thinspo,6/10/2022 7:39,,en,0,1,1,[],[],0,0,,,,,,,,,,,Moderate
1783,blue thinspo light dark,6/10/2022 7:31,,en,0,0,1,[],[],0,0,,,,,,,,,,,Moderate
1784,blue thinspo,6/10/2022 7:28,,en,1,0,0,[],[],0,0,,,,,,,,,,,Moderate
1785,bonespo,6/10/2022 7:05,,en,1,0,0,[],[],0,0,,,,,,,,,,,None
1786,bonespo sick,6/10/2022 6:39,,en,0,0,2,[],[],0,0,,,,,,,,,,,Mild
1787,bright colors thing damn look good skinny girls,6/10/2022 6:33,,en,1,0,2,[],[],0,0,,,,,,,,,,,Moderate
1788,butterfly thinspo,6/10/2022 6:13,,en,1,0,4,[],[],0,0,,,,,,,,,,,Moderate
1789,edtwt competitive gc weigh ins every sunday go two weeks w updating weight get kicked bodychecks necessary nice safe place rt comment join,6/10/2022 6:10,,en,7,2,6,[],[],0,0,,,,,,,,,,,Moderate
1790,edtwt getting caught binging,6/10/2022 6:05,,en,0,0,4,[],[],0,0,,,,,,,,,,,Moderate
1791,edtwt hide bodycheck pics safely,6/10/2022 5:52,,en,0,0,2,[],[],0,0,,,,,,,,,,,Moderate
1792,edtwt whats fastest way u lost weight go,6/10/2022 5:10,,en,1,3,6,[],[],0,0,,,,,,,,,,,Moderate
1793,extreme edtwt gc mean weekly weigh ins meanspo encouraged binge get kicked cals day like rt added,6/10/2022 5:10,,en,0,1,2,[],[],0,0,,,,,,,,,,,Moderate
1794,eyoo new edtwt retweet moots follow back everyone xoxo cw kg lbs gw kg lbs ugw kg lbs sweetspo rly lookin friends yea,6/10/2022 4:45,,en,0,3,4,[],[],0,0,,,,,,,,,,,Moderate
1795,fast w,6/10/2022 4:33,,en,0,0,0,[],[],0,0,,,,,,,,,,,Moderate
1796,goal today drink fluids get steps restrict,6/10/2022 4:25,,en,2,0,0,[],[],0,0,,,,,,,,,,,Moderate
1797,gonna plan calories drink coffee today,6/10/2022 4:19,,en,0,0,1,[],[],0,0,,,,,,,,,,,Moderate
1798,good morning guys tysm nice recovery update decided itll last update recovery im happy encouraged lot people made people happy still really personal im quiet uncomfortable many ppl retweeted,6/10/2022 3:25,,en,1,0,1,[],[],0,0,,,,,,,,,,,Moderate
1799,guys plss mean lol need motivation pls pls meanspo,6/10/2022 3:14,,en,0,0,0,[],[],0,0,,,,,,,,,,,Moderate
1800,never seen calorie count obsessively search menu board google going saw kfc went ordered ate probably eaten something without least trying math calories even homemade food almost years,6/10/2022 3:08,,en,0,0,1,[],[],0,0,,,,,,,,,,,Moderate
1801,havent cant sleep bc im gonna make tea trick body ive eaten,6/10/2022 2:50,,en,0,0,3,[],[],0,0,,,,,,,,,,,Moderate
1802,heres never ending thread edtwt diets high restriction low restriction fasting mono,6/10/2022 2:49,,en,0,0,2,[],[],0,0,,,,,,,,,,,Moderate
1803,hey rt want join gc follow week plan made checks everyday see kick didnt support allowed meet kids age flops never post,6/10/2022 2:35,,en,0,0,8,[],[],0,0,,,,,,,,,,,Moderate
1804,hey edtwt new gc alert intermittent fasting start pm every day gt rt join gt rules fast pm ur time pm keep accountable u break ur fast honest pls one gets kicked toxic gc dms open,6/10/2022 2:17,,en,0,1,0,[],[],0,0,,,,,,,,,,,Moderate
1805,hey wanted make ed gc lt lets friends basic rules pls kind respect others includes ppls boundaries group fasts bodychecking allowed years old pls rt added,6/10/2022 1:44,,en,0,2,3,[],[],0,0,,,,,,,,,,,Moderate
1806,hey lt new ed twt came tumblr kinda dead cw kgs bmi im really short ik disgusting tho fatshaming meanspo highly encouraged dni ur uncomfy w seeing body like rt moots baes ifb,6/10/2022 1:34,,en,1,0,1,[],[],0,0,,,,,,,,,,,Moderate
1807,heyy im ivy lt new acc kinda new ed tumblr loll meanspo thinspo bonespo vent dni ur edtwt post fatspo add toxic ed gcs rt moots,6/10/2022 0:52,,en,0,1,2,[],[],0,0,,,,,,,,,,,Moderate
1808,hi yall comment pics threads dm please theres literally barely new good quality ones,6/10/2022 0:26,,en,0,1,1,[],[],0,0,,,,,,,,,,,Moderate
1809,hi came long break place decided want make new acc please help gain mutuals rt tweet imma sleep fback everyone wake please take care lt,6/10/2022 0:06,,en,0,0,0,[],[],0,0,,,,,,,,,,,Moderate
1810,hi im new ed twt want moots plss jade cw gw give tips inspo rt moots lt,6/9/2022 23:27,,en,1,2,2,[],[],0,0,,,,,,,,,,,Moderate
1811,hi im getting job sole purpose distracting eating losing weight lol,6/9/2022 22:19,,en,0,0,0,[],[],0,0,,,,,,,,,,,Moderate
1812,hi im making edtwt gc u active time bcuz anxiety send thinspo meanspo etc shtwt welcome send pics without tw homophobic ask sending bodychecks like added ppl join make,6/9/2022 21:46,,en,0,1,0,[],[],0,0,,,,,,,,,,,Moderate
1813,hi lt new ed twt cw gross ik gw ugw meanspo thinspo sweetspo fatspo rt dm moots,6/9/2022 20:44,,en,2,2,7,[],[],0,0,,,,,,,,,,,Moderate
1814,hi im new edtwt call pinky cm teen thinspo sweetspo ugw kgs lbs fatspo rt follow dm lets moots,6/9/2022 20:29,,en,2,0,4,[],[],0,0,,,,,,,,,,,Moderate
1815,hii im new edtwt watching main like kpop ults pro recovery thinspo meanspo sweetspo idrc im okay fatspo post retweet like moots lt dni edtwt,6/9/2022 12:32,,en,3,1,2,[],[],0,0,,,,,,,,,,,Moderate
1816,hii im new need lose weight graduate school go real world people notice fat anyone willing help sending thinspo telling im supposed eat id appreciate,6/9/2022 12:23,,en,0,0,4,[],[],0,0,,,,,,,,,,,Moderate
1817,hii new edtwt hollande gw lbs,6/9/2022 12:00,,en,0,0,5,[],[],0,1,,,,,,,,,,,Moderate
1818,hitting new lw bittersweet like yay seconds know youre still fucking gigantic ugly,6/9/2022 11:53,,en,0,2,3,[],[],0,0,,,,,,,,,,,Moderate
1819,calculate amount calories price guyanese oil roti every website gives different amount help,6/9/2022 11:16,,en,0,2,2,[],[],0,0,,,,,,,,,,,Moderate
1820,make oatmeal minimum g protein cals without tasting like absolute sh cant stand proteinpowder oatmeal brand shit idk,6/9/2022 10:51,,en,1,1,1,[],[],0,0,,,,,,,,,,,Moderate
1821,stop binges get cravings thread,6/9/2022 10:27,,en,1,0,1,[],[],0,0,,,,,,,,,,,Moderate
1822,comfortable high res much sigh sigh workout week stay,6/9/2022 10:03,,en,1,4,11,[],[],0,0,,,,,,,,,,,Moderate
1823,dont know im scared im gonna binge dont even feel urges rn terrified happening,6/9/2022 9:29,,en,0,0,0,[],[],0,0,,,,,,,,,,,Moderate
1824,feel guilty eating like jumping jacks comment stomach vacuums rt squats,6/9/2022 9:20,,en,1,2,2,[],[],0,0,,,,,,,,,,,Moderate
1825,feel much happier vibrant safe weight like please get shit together get thin,6/9/2022 8:42,,en,0,1,3,[],[],0,0,,,,,,,,,,,Moderate
1826,feel sick omg yay eat alex,6/9/2022 8:07,,en,0,0,2,[],[],0,0,,,,,,,,,,,Moderate
1827,fucking hate everything im fucking fat whale relationship fucking thin ice,6/9/2022 7:46,,en,1,2,5,[],[],0,0,,,,,,,,,,,Moderate
1828,gained even though ate really healthy,6/9/2022 7:27,,en,0,1,1,[],[],0,0,,,,,,,,,,,Moderate
1829,gained yesterday maintained today,6/9/2022 7:08,,en,1,0,2,[],[],0,0,,,,,,,,,,,Moderate
1830,go juul pods fast restricting getting,6/9/2022 6:47,,en,3,0,2,[],[],0,0,,,,,,,,,,,Moderate
1831,ate whole cup noodles feel disgusting,6/9/2022 5:55,,en,0,0,1,[],[],0,0,,,,,,,,,,,Moderate
1832,love giving people mix complimenting everything isnt weight rlly helps people know theyd much hotter thin,6/9/2022 5:11,,en,0,0,0,[],[],0,0,,,,,,,,,,,Moderate
1833,may may triggered getting scale,6/9/2022 5:09,,en,0,0,1,[],[],0,0,,,,,,,,,,,Moderate
1834,say health literally vape drink diet soda dont wanna feel fat,6/9/2022 3:39,,en,3,2,3,[],[],0,0,,,,,,,,,,,Moderate
1835,seriously joke need lose weight im sad,6/9/2022 3:13,,en,2,2,1,[],[],0,0,,,,,,,,,,,Moderate
1836,told food yesterday made shit times said lmfaoo new meanspo whatever u wna call shit,6/9/2022 3:06,,en,0,0,0,[],[],0,0,,,,,,,,,,,Moderate
1837,told food yesterday made shit times said lmfaoo new meanspo whatever u wna call ts,6/9/2022 2:24,,en,0,0,1,[],[],0,0,,,,,,,,,,,Moderate
1838,told food yesterday made shit times said lmfaoo new meanspo whatever u wna call ts,6/9/2022 2:24,,en,0,2,0,[],[],0,0,,,,,,,,,,,Moderate
1839,wanna make hunger games groupchat p eat leave age start fast time dont join fast restart reply join,6/9/2022 1:14,,en,0,1,3,[],[],0,0,,,,,,,,,,,Moderate
1840,wish fasting buddy reminded eat stuff like forget bc busy deep head get ocd really bad want someone body checks like show show encourage eachother n stuff,6/9/2022 0:15,,en,0,0,1,[],[],0,0,,,,,,,,,,,Moderate
1841,wish waist omg,6/8/2022 23:25,,en,0,0,2,[],[],0,0,,,,,,,,,,,Moderate
1842,im gonna hit next gw like three days max rt,6/8/2022 22:52,,en,0,0,2,[],[],0,0,,,,,,,,,,,Moderate
1843,im stressed losing fast enough lol,6/8/2022 22:47,,en,0,0,5,[],[],0,0,,,,,,,,,,,Moderate
1844,im laughing scared calories im craving much food wanna skinny,6/8/2022 22:10,,en,0,1,1,[],[],0,0,,,,,,,,,,,Moderate
1845,im making gc group fasts group dieting meanspo allowed asked thinspo bonespo encouraged fatspo mandatory weigh ins body checks like rt comment join,6/8/2022 21:58,,en,0,0,0,[],[],0,0,,,,,,,,,,,Moderate
1846,im making ed gc retweet follow added gt gt thinspo sweetspo meanspo asked gt body checks comfortable gt diet ideas gt tips gt prorecovery decided gt actual friendships ed related gt place vent,6/8/2022 21:42,,en,0,1,10,[],[],0,0,,,,,,,,,,,Moderate
1847,im fat im fat im fat im fat,6/8/2022 21:09,,en,0,2,9,[],[],0,0,,,,,,,,,,,Moderate
1848,im taking diuretics tonight fuck im bloated cant stand,6/8/2022 13:02,,en,0,0,6,[],[],0,0,,,,,,,,,,,Moderate
1849,ive always tried fast lose weight nothing helpful edtwt,6/8/2022 12:21,,en,0,0,2,[],[],0,0,,,,,,,,,,,Moderate
1850,idk maintained since went limit lot yesterday ill fucking take,6/8/2022 12:01,,en,0,0,3,[],[],0,1,,,,,,,,,,,Moderate
1851,idk heart failing im prob fine continue invalidate,6/8/2022 11:58,,en,0,0,5,[],[],0,0,,,,,,,,,,,Moderate
1852,idk needs hear probably tbh even still restriction youre tdee youre gonna lose weight,6/8/2022 11:35,,en,0,0,2,[],[],0,0,,,,,,,,,,,Moderate
1853,anyone good low restriction calorie plans send pls,6/8/2022 11:25,,en,0,0,2,[],[],0,0,,,,,,,,,,,Moderate
1854,eat entire jar kimchi cal would retain shit ton water,6/8/2022 10:58,,en,0,1,1,[],[],0,0,,,,,,,,,,,Moderate
1855,make toxic edtwt gc everyone toxic bonespo fatspo meanspo highly encouraged active get kicked pass calories gonna get kicked age weight daily body checks would anyone join,6/8/2022 10:47,,en,0,0,1,[],[],0,0,,,,,,,,,,,Moderate
1856,body look like goal weight dont want,6/8/2022 10:18,,en,0,0,1,[],[],0,0,,,,,,,,,,,Moderate
1857,someone diet plans pls send need plss,6/8/2022 10:03,,en,0,0,1,[],[],0,0,,,,,,,,,,,Moderate
1858,youre ever bored dm meanspo lt get take,6/8/2022 9:51,,en,1,1,2,[],[],0,0,,,,,,,,,,,Moderate
1859,hungry watch,6/8/2022 9:07,,en,0,0,4,[],[],0,0,,,,,,,,,,,Moderate
1860,ik weird also thinspo,6/8/2022 8:01,,en,1,0,2,[],[],0,0,,,,,,,,,,,Moderate
1861,lowest weight,6/8/2022 7:40,,en,2,2,5,[],[],0,0,,,,,,,,,,,Moderate
1862,im new hard toxic ed twt sw gw cw hard ed meanspo sweetspo thinspo mutuals,6/8/2022 7:14,,en,0,0,1,[],[],0,0,,,,,,,,,,,Moderate
1863,buying nice underwear bras look like,6/8/2022 7:05,,en,0,1,1,[],[],0,0,,,,,,,,,,,Moderate
1864,imagine actually able go swimming wear swimsuit also yay yellow,6/8/2022 6:53,,en,0,0,0,[],[],0,0,,,,,,,,,,,Moderate
1865,imagine actually looking good skirt,6/8/2022 6:45,,en,0,1,1,[],[],0,0,,,,,,,,,,,Moderate
1866,imagine actually looking good shorts crop top,6/8/2022 6:41,,en,0,2,5,[],[],0,0,,,,,,,,,,,Moderate
1867,imagine actually looking good white,6/8/2022 6:17,,en,0,0,2,[],[],0,0,,,,,,,,,,,Moderate
1868,imagine able exercise without worrying fat jiggling weighting,6/8/2022 6:10,,en,3,0,2,[],[],0,0,,,,,,,,,,,Moderate
1869,imagine sort side profile,6/8/2022 6:05,,en,0,1,0,[],[],0,0,,,,,,,,,,,Moderate
1870,imagine looking like,6/8/2022 6:00,,en,1,4,1,[],[],0,0,,,,,,,,,,,Moderate
1871,imagine looking skinny oversized hoodie fat ass could never,6/8/2022 5:37,,en,0,0,1,[],[],0,0,,,,,,,,,,,Moderate
1872,imagine looking skinny blue jean shorts,6/8/2022 4:56,,en,1,4,4,[],[],0,0,,,,,,,,,,,Moderate
1873,interact soft edtwt group sweetspo sweet talk talk whatever flirting gt use safe space eds welcome join respectful others triggers gore rt comment join flops goat tweeted,6/8/2022 3:56,,en,0,0,2,[],[],0,0,,,,,,,,,,,Moderate
1874,fucked use irl bff thinspo feels subconsciously fucked ive never told dont plan telling everytime see body call encourages eat,6/8/2022 3:39,,en,0,1,1,[],[],0,0,,,,,,,,,,,Moderate
1875,weird dont find proana ed content triggering whenever someone unknowingly engaging disordered eating habits triggers like im edtwt time nothing soon mum starts skipping meals replacing shakes im ok,6/8/2022 3:20,,en,0,1,1,[],[],0,0,,,,,,,,,,,Moderate
1876,group chat people health higher weight cause ib kg healthy higher bmi also sucks bigger group chat around losing double weight skinny one everyone gw,6/8/2022 3:07,,en,1,1,4,[],[],0,0,,,,,,,,,,,Moderate
1877,two hours workouts week enough paired high restricting loose fast help girl,6/8/2022 2:54,,en,6,3,7,[],[],0,1,,,,,,,,,,,Moderate
1878,doesnt matter pit lots effort little effort outfit skinny always look good,6/8/2022 2:27,,en,0,4,6,[],[],0,0,,,,,,,,,,,Moderate
1879,matter asthetic always look better skinny people,6/8/2022 2:24,,en,2,1,1,[],[],0,0,,,,,,,,,,,Moderate
1880,matter aesthetic always looks better skinny body,6/8/2022 0:56,,en,1,3,4,[],[],0,0,,,,,,,,,,,Moderate
1881,took months cals daily mins exercise whats ur excuse u fat piece lard,6/8/2022 0:11,,en,0,4,1,[],[],0,0,,,,,,,,,,,Moderate
1882,easy overeat dont track calories scary fuck,6/8/2022 0:04,,en,0,1,0,[],[],0,0,,,,,,,,,,,Moderate
1883,nearly swimsuit season live wont wearing bikini least kg,6/7/2022 23:57,,en,0,0,0,[],[],0,0,,,,,,,,,,,Moderate
1884,never thought pink blue jeans would look good skinny doesnt matter young wear always look,6/7/2022 23:29,,en,2,1,4,[],[],0,0,,,,,,,,,,,Moderate
1885,jawline chin maybe bottom ribs removed depends wide like seen since little,6/7/2022 22:48,,en,1,4,4,[],[],0,0,,,,,,,,,,,Moderate
1886,july month weightloss anyone wants gc keep accountable restricting fasting losing rt cw doesnt matter gonna lose anyways send meanspo sweetspo,6/7/2022 22:20,,en,4,1,1,[],[],0,0,,,,,,,,,,,Moderate
1887,reminder food taste good u look dont eat,6/7/2022 20:57,,en,1,0,2,[],[],0,0,,,,,,,,,,,Moderate
1888,burned calories mile bike ride get,6/7/2022 20:46,,en,1,0,8,[],[],0,0,,,,,,,,,,,Moderate
1889,panic attack meal plan week yall doin,6/7/2022 13:51,,en,0,2,1,[],[],0,0,,,,,,,,,,,Moderate
1890,imagine good youll look feel reach ugw everyone look go wow look amazing keep good work never let binge discourage,6/7/2022 12:38,,en,2,0,10,[],[],0,0,,,,,,,,,,,Moderate
1891,random thinspo rinse right looks nice smiling face heart eyes,6/7/2022 12:00,,en,0,0,4,[],[],0,1,,,,,,,,,,,Moderate
1892,wanting remind infact proana use tag used use tumblr sort habit also recover please unfollow block post potentially triggering content dont want trigger,6/7/2022 11:57,,en,0,1,12,[],[],0,0,,,,,,,,,,,Moderate
1893,k waii thinspo,6/7/2022 11:36,,en,0,0,1,[],[],0,0,,,,,,,,,,,Moderate
1894,kp p thinspo think dont even listen,6/7/2022 11:21,,en,0,2,9,[],[],0,0,,,,,,,,,,,Moderate
1895,let honest big enough handle eating cal day body thank need help body eating need resist urge binge stupid foods make feel bad,6/7/2022 9:59,,en,0,0,0,[],[],0,0,,,,,,,,,,,Moderate
1896,like would post version thinspo might scare kids lmfaooaoaoa,6/7/2022 9:17,,en,4,0,1,[],[],0,0,,,,,,,,,,,Moderate
1897,like im well wont go course wont binge though weight skyrocket bodies lame,6/7/2022 8:21,,en,0,0,1,[],[],0,0,,,,,,,,,,,Moderate
1898,like u went ur limit today trying make feel better lool,6/7/2022 8:12,,en,0,0,0,[],[],0,0,,,,,,,,,,,Moderate
1899,like yeah ignore hunger doesnt mean youre hungry havent eaten day means shouldnt,6/7/2022 7:37,,en,0,0,0,[],[],0,0,,,,,,,,,,,Moderate
1900,lol im hypocrite telling gf eat telling take care im casually fasting,6/7/2022 7:30,,en,0,1,1,[],[],0,0,,,,,,,,,,,Moderate
1901,look thigh gap gonna gw,6/7/2022 6:45,,en,2,0,0,[],[],0,0,,,,,,,,,,,Moderate
1902,look guys really like ribs look,6/7/2022 6:21,,en,0,1,5,[],[],0,0,,,,,,,,,,,Moderate
1903,looking moots must years older post regularly ed account preferably around kg deal breaker also interact gore porn account tw,6/7/2022 6:01,,en,2,2,4,[],[],0,0,,,,,,,,,,,Moderate
1904,looking moots requirements years older ed ed account literally follow back account suspicious sorry never careful,6/7/2022 5:28,,en,4,2,5,[],[],0,0,,,,,,,,,,,Moderate
1905,love week period weight wont move shit,6/7/2022 5:23,,en,0,0,3,[],[],0,0,,,,,,,,,,,Moderate
1906,low res leads binges lose gain cycle anyways low res make feel bad faster high res catch youll feel high res also dangerous lead health complications,6/7/2022 4:52,,en,0,0,0,[],[],0,0,,,,,,,,,,,Moderate
1907,lowkey scared make jump minor edtwt adult edtwt like scary,6/7/2022 4:04,,en,0,3,2,[],[],0,0,,,,,,,,,,,Moderate
1908,made priv acc im gonna post daily pics body track weight ate exercises hope keeps track akfkksf,6/7/2022 3:37,,en,0,0,1,[],[],0,0,,,,,,,,,,,Moderate
1909,making gc strict diet time fuck get kicked fails didnt rt like message join meanspo thinspo fatspo active weigh ins body checks,6/7/2022 3:06,,en,0,1,1,[],[],0,0,,,,,,,,,,,Moderate
1910,making limits ed gc gore sh kinds allowed age allowed must toxic asf hard ed twt u literally talk abt anything send meanspo thinspo compliments allowed proana pro sh pro mental illness,6/7/2022 2:23,,en,0,2,2,[],[],0,0,,,,,,,,,,,Moderate
1911,making gc ppl cw lbs well share recipes give eachother meanspo talk eachother eating becoming friends ofc rt join share lt,6/7/2022 2:19,,en,0,2,2,[],[],0,0,,,,,,,,,,,Moderate
1912,making edtwt gc bc miss old one must send thinspo sweetspo meanspo group fasts weekly weigh ins ur comfortable tips jus support eachother anti lgbtq rasism discrimination allowed period rt addedd,6/7/2022 1:08,,en,0,6,0,[],[],0,0,,,,,,,,,,,Moderate
1913,vs brushing teeth feel hungry bc brush teeth mouth always tastes like toothpaste weed makes want eat anytning bc nothing mixes w mint flower,6/7/2022 0:50,,en,0,1,2,[],[],0,0,,,,,,,,,,,Moderate
1914,way lowering ugw another kgs,6/7/2022 0:47,,en,0,1,1,[],[],0,0,,,,,,,,,,,Moderate
1915,meanspo thread tw triggers eating disorders,6/7/2022 0:35,,en,0,0,4,[],[],0,0,,,,,,,,,,,Moderate
1916,meanspo really sarcastic gained ib wow surprised course tell,6/7/2022 0:20,,en,0,0,1,[],[],0,0,,,,,,,,,,,Moderate
1917,meanspo sarcastic gained ib wow surprised notice,6/6/2022 23:25,,en,0,0,0,[],[],0,0,,,,,,,,,,,Moderate
1918,meanspo work inner narrative seductive obviously hearing fat little pig deep breathy voice isnt effective,6/6/2022 22:31,,en,0,2,2,[],[],0,0,,,,,,,,,,,Moderate
1919,meanspo work inner narrative switches seductive obviously hearing fat little pig seductive breathy voice isnt effective,6/6/2022 21:43,,en,0,2,5,[],[],0,0,,,,,,,,,,,Moderate
1920,meanspo gc requirements aged uwu okay binged check ins wed sun active rt ed account rt join,6/6/2022 21:18,,en,0,3,1,[],[],0,0,,,,,,,,,,,Moderate
1921,meanspo boring twitter tell fat pig elephant tell ground shakes walk take space room really shame none fat pig craps getting old dudes,6/6/2022 20:47,,en,0,0,0,[],[],0,0,,,,,,,,,,,Moderate
1922,mini edtwt gc diet fast together body checks weigh ins share tips tricks meanspo thinspo mf respectful gt theyll binge punishments restrictions etc ur uncomfortable w anything let know reply rt join lt,6/6/2022 20:37,,en,0,1,1,[],[],0,0,,,,,,,,,,,Moderate
1923,monster zero breakfast disordered,6/6/2022 10:07,,en,0,0,1,[],[],0,0,,,,,,,,,,,Moderate
1924,ribs self control,6/6/2022 8:43,,en,0,0,3,[],[],0,0,,,,,,,,,,,Moderate
1925,body image cant bad right mean im literally fat see feel,6/6/2022 8:17,,en,1,0,2,[],[],0,0,,,,,,,,,,,Moderate
1926,brother fave meanspo,6/6/2022 7:45,,en,0,0,4,[],[],0,0,,,,,,,,,,,Moderate
1927,friends bmi eats day doesnt exercise aa wtf,6/6/2022 5:15,,en,0,0,0,[],[],0,0,,,,,,,,,,,Moderate
1928,goal asthetic thinspo,6/6/2022 4:41,,en,1,0,1,[],[],0,0,,,,,,,,,,,Moderate
1929,happiness smaller hips,6/6/2022 2:19,,en,0,1,3,[],[],0,0,,,,,,,,,,,Moderate
1930,mom wants start vegan w yep excuse eat less calories,6/6/2022 1:59,,en,3,2,4,[],[],0,0,,,,,,,,,,,Moderate
1931,mom wants start vegan w yep excuse eat less calories,6/6/2022 1:44,,en,2,8,16,[],[],0,0,,,,,,,,,,,Moderate
1932,new ed twt acc cause got worded hanon thinspo meanspo gw kg height hard soft edtwt gore ok rt u want moots,6/6/2022 1:16,,en,0,1,4,[],[],0,0,,,,,,,,,,,Moderate
1933,new lgbtq thinspo sweetspo ever need anything dms open rt mutuals,6/6/2022 0:40,,en,0,0,0,[],[],0,0,,,,,,,,,,,Moderate
1934,new gw kg ugw kg thinspo meanspo please,6/6/2022 0:34,,en,0,2,3,[],[],0,0,,,,,,,,,,,Moderate
1935,new ed twt minor dni uncomfy sw kg cw kg gw kg ugw kg toxic bae hard ed twt meanspo thinspo bonespo fave thinspo pics u lt dm rt mutual,6/5/2022 23:55,,en,0,2,3,[],[],0,0,,,,,,,,,,,Moderate
1936,new ed twt new ed thinspo malespo meanspo rt like mutuals,6/5/2022 23:42,,en,2,3,4,[],[],0,0,,,,,,,,,,,Moderate
1937,new ed twt hii name kim lesbian sw cw ugw pro recovery thinspo meanspo sweetsop rt moots pics,6/5/2022 23:14,,en,0,0,0,[],[],0,0,,,,,,,,,,,Moderate
1938,new ed gore twt cam minor cm cw lb ugw meanspo thinspo proana retweet mutuals,6/5/2022 8:33,,en,0,3,3,[],[],0,0,,,,,,,,,,,Moderate
1939,new edtwt call starr bisexual gw lbs kg thinspo meanspo sweetspo dm moots,6/5/2022 7:24,,en,1,0,0,[],[],0,0,,,,,,,,,,,Moderate
1940,new edtwt mutuals mary bi cw kg gw kg,6/5/2022 5:44,,en,0,0,0,[],[],0,0,,,,,,,,,,,Moderate
1941,new edtwt lt interact moots miro thinspo malespo sweetspo pro recovery cm cw kg lbs gw kg lbs ugw kg lbs please share diets exercises health tips,6/5/2022 4:43,,en,0,1,1,[],[],0,0,,,,,,,,,,,Moderate
1942,manifesting bmi time go fucking get,6/5/2022 3:56,,en,1,0,2,[],[],0,0,,,,,,,,,,,Moderate
1943,active forever apologise lockdown shit mental health move uni accommodation sunday monday weight loss happening going holding accountable,6/5/2022 2:22,,en,1,0,0,[],[],0,0,,,,,,,,,,,Moderate
1944,new ed twt want mutuals thinspo meanspo rt like mutuals,6/5/2022 0:57,,en,0,2,1,[],[],0,0,,,,,,,,,,,Moderate
1945,new ed twt age cw lbs sw lbs gw height thinspo sweatspo bonespo everything proana rt mutuals lt,6/5/2022 0:23,,en,0,8,18,[],[],0,0,,,,,,,,,,,Moderate
1946,color bones dont look like gw dont want,6/4/2022 23:51,,en,0,0,0,[],[],0,0,,,,,,,,,,,Moderate
1947,oh friends forced eat meals im home feeling hungry setting im happy back weird hungry like,6/4/2022 12:55,,en,1,0,2,[],[],0,0,,,,,,,,,,,Moderate
1948,ok question diet soda gum mints break fast opinion,6/4/2022 12:43,,en,0,0,3,[],[],0,0,,,,,,,,,,,Moderate
1949,ok ed gc time must ed acc lt must okay thinspo meanspo etc rt join,6/4/2022 12:32,,en,0,1,3,[],[],0,0,,,,,,,,,,,Moderate
1950,ok guys last time made edtwt meanspo group chats became really soft fast offense everyone ive met bc love rt added mean ass toxic group chat finna bully lose disgusting weight,6/4/2022 12:00,,en,0,0,0,[],[],0,1,,,,,,,,,,,Moderate
1951,ok think im going start gc body checks cal counts tips support may kind harsh old school ana rt join,6/4/2022 11:34,,en,2,4,8,[],[],0,0,,,,,,,,,,,Moderate
1952,skinny arms look good fishnets,6/4/2022 10:30,,en,1,0,3,[],[],0,0,,,,,,,,,,,Moderate
1953,open ur thinking abt eating,6/4/2022 9:47,,en,1,1,6,[],[],0,0,,,,,,,,,,,Moderate
1954,photoshopped thinspo damaging wanted show could find everything see real alot thinspo fake watch wobbly lines odd anatomy also sucking angles makes huge difference ft blob fish,6/4/2022 8:51,,en,7,8,14,[],[],0,1,,,,,,,,,,,Moderate
1955,positive edtwt gc lt rules thinspo sweetspo allowed meanspo weigh ins optional gore nice eachother want safe place talk eds accountability gc reply rt join,6/4/2022 8:23,,en,0,0,1,[],[],0,0,,,,,,,,,,,Moderate
1956,praying drop weight tomorrow please please please please please,6/4/2022 7:52,,en,0,5,3,[],[],0,0,,,,,,,,,,,Moderate
1957,pretty new ed twt gw kg cm tw thinspo meanspo also tweet abt kpop anime sanrio rt like moots,6/4/2022 7:38,,en,0,4,6,[],[],0,0,,,,,,,,,,,Moderate
1958,ribs bonespo,6/4/2022 7:19,,en,0,0,0,[],[],0,0,,,,,,,,,,,Moderate
1959,ribs pretty,6/4/2022 6:55,,en,1,3,3,[],[],0,0,,,,,,,,,,,Moderate
1960,rt interact gc edtwt group diets want toxic doesnt matter thinspo meanspo whatever,6/4/2022 6:24,,en,0,3,4,[],[],0,0,,,,,,,,,,,Moderate
1961,rt interact ed twt gc meanspo thinspo sweetspo dont boring lose weight together lt,6/4/2022 6:20,,en,6,1,4,[],[],0,0,,,,,,,,,,,Moderate
1962,rt mutuals ugw hard soft ed twt ugly hell venting fasting buddies u want,6/4/2022 6:10,,en,1,1,3,[],[],0,0,,,,,,,,,,,Moderate
1963,rt added gc fasts together give tips share fatspo bonespo gore sh please ill cry,6/4/2022 5:59,,en,0,0,0,[],[],0,0,,,,,,,,,,,Moderate
1964,rt meanspo gc send recieve available,6/4/2022 5:45,,en,0,0,1,[],[],0,0,,,,,,,,,,,Moderate
1965,rt join ed gc selective meanspo thinspo etc kpop anime try diets together share tips help eachother try reaching gws end august school,6/4/2022 4:41,,en,0,0,0,[],[],0,0,,,,,,,,,,,Moderate
1966,rt comment edtwt gc meanspo thinspo whatever youre allowed toxic dont join youre sensitive fasts diets together send tips weekly weigh ins body checks youre comfy active dms open,6/4/2022 4:41,,en,0,2,2,[],[],0,0,,,,,,,,,,,Moderate
1967,rt reply join weightloss gc year long monthly accountability optional body checks optional weigh ins optional calorie reporting optional diet reporting fatspo,6/4/2022 3:47,,en,0,1,0,[],[],0,0,,,,,,,,,,,Moderate
1968,seriously trying hit lbs early week like pls dont know ive losing slowly usually maintain even tho limit gt,6/4/2022 3:20,,en,0,1,3,[],[],0,0,,,,,,,,,,,Moderate
1969,even move body end like something late,6/4/2022 3:13,,en,0,1,2,[],[],0,0,,,,,,,,,,,Moderate
1970,might weirdo shes small looking,6/4/2022 3:06,,en,0,1,6,[],[],0,0,,,,,,,,,,,Moderate
1971,shes perfect look pelvis see bones skin,6/4/2022 2:48,,en,0,0,0,[],[],0,0,,,,,,,,,,,Moderate
1972,skinni also bonespo ribs smiling face heart eyes,6/4/2022 2:47,,en,3,0,4,[],[],0,0,,,,,,,,,,,Moderate
1973,skirt crop top fat ass could never look good,6/4/2022 2:40,,en,0,0,0,[],[],0,0,,,,,,,,,,,Moderate
1974,gonna try kms everyone skinny need get hot,6/4/2022 1:55,,en,1,1,0,[],[],0,0,,,,,,,,,,,Moderate
1975,someone send toxic meanspo im hungry,6/4/2022 1:42,,en,0,0,0,[],[],0,0,,,,,,,,,,,Moderate
1976,starting gc people weighing exceptions ppl weigh less give tips recipes group diets fasting whatever else everyone feels comfortable please rt join tag anybody youd feel would like join,6/4/2022 1:24,,en,0,0,0,[],[],0,0,,,,,,,,,,,Moderate
1977,strict diet gc follow diet u get kicked body checks weigh ins optional gain pounds get kicked meanspo thinspo sweetspo allowed rt added,6/4/2022 1:22,,en,1,2,2,[],[],0,0,,,,,,,,,,,Moderate
1978,tall person ed gc requirements send meanspo sweetspo etc rt join,6/4/2022 1:18,,en,0,1,3,[],[],0,1,,,,,,,,,,,Moderate
1979,thats get youre fat,6/4/2022 0:41,,en,3,1,5,[],[],0,0,,,,,,,,,,,Moderate
1980,bonespo thinspo ph type anorexic insane,6/4/2022 0:35,,en,4,1,14,[],[],0,0,,,,,,,,,,,Moderate
1981,general consensus diet soda gum mints break fast least consumed moderation,6/3/2022 23:33,,en,3,0,6,[],[],0,0,,,,,,,,,,,Moderate
1982,thing subscription lose weight fast,6/3/2022 23:10,,en,0,0,0,[],[],0,0,,,,,,,,,,,Moderate
1983,way water weight lookin like,6/3/2022 22:35,,en,1,1,3,[],[],0,0,,,,,,,,,,,Moderate
1984,worst part mom recovered anorexic refuses scale house going looks point,6/3/2022 22:20,,en,0,0,0,[],[],0,0,,,,,,,,,,,Moderate
1985,thinspo bonespo,6/3/2022 21:52,,en,0,1,0,[],[],0,0,,,,,,,,,,,Moderate
1986,could us fat,6/3/2022 21:42,,en,0,0,0,[],[],0,0,,,,,,,,,,,Mild
1987,edtwt either piss asshole little rabbit sheep pellet poops options,6/3/2022 21:37,,en,0,1,3,[],[],0,0,,,,,,,,,,,Moderate
1988,body type could look like,6/3/2022 21:20,,en,0,0,0,[],[],0,0,,,,,,,,,,,Moderate
1989,good thinspo omg,6/3/2022 21:15,,en,0,0,11,[],[],0,0,,,,,,,,,,,Moderate
1990,sort thing looks good skinny people,6/3/2022 20:56,,en,0,1,1,[],[],0,0,,,,,,,,,,,Moderate
1991,thread things enjoy recovery,6/3/2022 20:42,,en,0,1,0,[],[],0,0,,,,,,,,,,,Moderate
1992,tjis embarrassing highest cw last time checked cries im fat bye,6/3/2022 13:52,,en,0,0,2,[],[],0,0,,,,,,,,,,,Moderate
1993,look cute little black dress,6/3/2022 13:06,,en,1,0,2,[],[],0,0,,,,,,,,,,,Moderate
1994,look good bikini,6/3/2022 12:39,,en,1,1,0,[],[],0,0,,,,,,,,,,,Moderate
1995,today terrible day ate much feel like shit,6/3/2022 12:00,,en,0,0,1,[],[],0,1,,,,,,,,,,,Moderate
1996,trying clothes front mother really work right lose lbs passable great passable ajshidhdjsj kill please hjk,6/3/2022 11:26,,en,1,1,0,[],[],0,0,,,,,,,,,,,Moderate
1997,trying make edtwt gc pls thinspo sweetspo meanspo asked fatspo proana stuff gore etc active let make friends safe space coping vent see works,6/3/2022 10:50,,en,0,1,1,[],[],0,0,,,,,,,,,,,Moderate
1998,tw meanspo go workout rn put food u pig u even know many calories sugar fat think still wanna eat disgusting always say time itll different time youll work alot,6/3/2022 10:01,,en,0,2,15,[],[],0,0,,,,,,,,,,,Moderate
1999,tw imagine friends talking like behind back still hungry,6/3/2022 10:00,,en,4,0,8,[],[],0,0,,,,,,,,,,,Moderate
2000,tw wanted body halloween,6/3/2022 9:30,,en,1,4,5,[],[],0,0,,,,,,,,,,,Moderate
2001,tw body check swear everytime look pic feel disgusted,6/3/2022 8:34,,en,1,0,1,[],[],0,0,,,,,,,,,,,Moderate
2002,use give feel horrible,6/3/2022 8:14,,en,0,0,1,[],[],0,0,,,,,,,,,,,Moderate
2003,uuh want tummy lines muscle,6/3/2022 8:08,,en,0,1,3,[],[],0,0,,,,,,,,,,,Moderate
2004,walking mall hitting ugw everyones heads turned watching wishing thin,6/3/2022 7:43,,en,0,0,1,[],[],0,0,,,,,,,,,,,Moderate
2005,wanna skinny see veins protrude,6/3/2022 7:42,,en,0,0,2,[],[],0,0,,,,,,,,,,,Moderate
2006,similar body type could look like look like,6/3/2022 7:39,,en,0,0,3,[],[],0,0,,,,,,,,,,,Moderate
2007,gc lt rt join must b part edtwt ofc weight checkins every mon tue thurs detailz gt pls send helpful edtwt tips lt pls dont force meansp anyone importantly always intro joining da gc lt,6/3/2022 7:37,,en,1,0,0,[],[],0,0,,,,,,,,,,,Moderate
2008,interact join competitive ed groupchat,6/3/2022 7:13,,en,0,0,0,[],[],0,0,,,,,,,,,,,Moderate
2009,join ed focused group chat direct questions interact join lt bmi group chat weekly weigh ins dm reply bmi join follow ed snapchat jenny lilanna diet bodychecks weight updates ask qs curiouscat asianghostgal,6/3/2022 6:36,,en,1,0,0,[],[],0,0,,,,,,,,,,,Moderate
2010,rt like help find ppl follow post triggering content eds pastel kpop alternative ballerina fashion grunge aesthetic drugs druggie aesthetic pastel aesthetic,6/3/2022 5:52,,en,2,0,0,[],[],0,0,,,,,,,,,,,Moderate
2011,tw brand new ed twt age cw update comfortable gw lbs height thinspo meanspo please tips tricks proana anime art please rt mutals love friends,6/3/2022 5:30,,en,0,0,0,[],[],0,0,,,,,,,,,,,Moderate
2012,tip drink sparkling flavored water calories fills hint sweetness,6/3/2022 5:01,,en,1,1,2,[],[],0,0,,,,,,,,,,,Moderate
2013,tip eat blueberries extremely low calories example cup blueberries calories,6/3/2022 4:18,,en,1,1,0,[],[],0,0,,,,,,,,,,,Moderate
2014,tip drink green tea religiously helps metabolism fasting metabolism slowing super helpful instead regular sugar use stevia splenda,6/3/2022 3:46,,en,0,0,1,[],[],0,0,,,,,,,,,,,Moderate
2015,tip take vitamins help nutrition fasting extreme calorie restriction gives body lot nutrients lacking feel lot better energized,6/3/2022 3:14,,en,0,1,1,[],[],0,0,,,,,,,,,,,Moderate
2016,hard ed gc weigh thinspo bonespo fatspo meanspo sweetspo ok active fasts diets together u choose rt like added,6/3/2022 3:12,,en,0,2,0,[],[],0,0,,,,,,,,,,,Moderate
2017,redo hiya guys im new edtwt names bug pronouns im minor gt kpop n anime vent acc cw gw kg ugw kg plspls dni r non ed acc interact b moots,6/3/2022 2:57,,en,1,1,5,[],[],0,0,,,,,,,,,,,Moderate
2018,redo hiya guys im new edtwt names bug pronouns kpop n anime vent acc cw gw kg ugw kg plspls dni r non ed acc interact b moots,6/3/2022 2:55,,en,24,3,31,[],[],0,0,,,,,,,,,,,Moderate
2019,ed quick thing hh dont scale house bc mum would relapse bulimia shit weigh using tape measure nobody finds keep wallet underneath credit card keys stuff hide,6/3/2022 2:33,,en,0,1,0,[],[],0,0,,,,,,,,,,,Moderate
2020,making another hardcore ed gc isnt usual ur best eat hungry lt bullshit f proana weekly weighins weight limit diet extended plans weak anas allowed rt added,6/3/2022 2:16,,en,0,1,1,[],[],0,0,,,,,,,,,,,Moderate
2021,rlly want ed moots cap pronouns cw kg lbs gw kg lbs ugw kg lbs plz rt b moots love get know u reaches one ill cry lt pics,6/3/2022 1:51,,en,0,2,3,[],[],0,0,,,,,,,,,,,Moderate
2022,rt comment gc baes idc send gore fast together send thinspo bullying unless ask softies tbh srry gays moots get free pass active bodychecks ok give advise ages w exceptions,6/3/2022 1:14,,en,0,1,1,[],[],0,0,,,,,,,,,,,Moderate
2023,tw toxic ana ed gc toxic youre soft get kicked fatspo meanspo bonespo thinspo sweetspo allowed gore blood cuts allowed limit cals eat youre kicked group fasts diets break kicked follow rt join,6/3/2022 0:59,,en,0,2,2,[],[],0,0,,,,,,,,,,,Moderate
2024,ed gc im making ed gc fun cause send thinspo sweetspo meanspo somewhat proana go diets fast together become close get thin together lt rt reply added making morning,6/3/2022 0:46,,en,0,1,2,[],[],0,0,,,,,,,,,,,Moderate
2025,super toxic mean gc send meanspo thinspo fatspo dont soft active mean please need motivation dont like meanspo fatspo please dont join retweet join adding people,6/3/2022 0:15,,en,0,0,4,[],[],0,0,,,,,,,,,,,Moderate
2026,deny deflect someone asks assumes restricting due ed say haha could never anorexic love food much success,6/2/2022 23:51,,en,0,0,1,[],[],0,0,,,,,,,,,,,Moderate
2027,new edtwt shtwt new ed sh genderfluid current pronouns location bisexual weeb kinda kpop stan gore accs pls sh ok h ugw lbs send thinspo sweetspo gt rt moots lt,6/2/2022 23:02,,en,0,0,1,[],[],0,0,,,,,,,,,,,Moderate
2028,rt ed group chat sweetspo meanspo fasting circles sharing tips sharing recipies workouts thinspo kpop please active chat,6/2/2022 22:47,,en,7,0,1,[],[],0,0,,,,,,,,,,,Moderate
2029,new ed twt lesbian cw kg gw kg im looking friends gc join pls pls,6/2/2022 22:12,,en,5,0,2,[],[],0,0,,,,,,,,,,,Moderate
2030,silent edtwt gc talking send thinspo workouts recipes sweetspo meanspo diets fatspo sh gore unless everyone okay rt reply added,6/2/2022 21:54,,en,0,2,7,[],[],0,0,,,,,,,,,,,Moderate
2031,tw sh ed gc please toxic thinspo sweetspo bonespo fatspo wanna fast us completely fine posting c ts bl without tw cw g r make friends rt join uu lt,6/2/2022 21:34,,en,0,3,6,[],[],0,0,,,,,,,,,,,Moderate
2032,idol trainee gc must follow ranked bmi toxic dont join sens weekly weigh ins u send pic ur scale gc diets restrict fast together weekly weight loss goals u get kicked rt enter lt,6/2/2022 21:04,,en,3,11,47,[],[],0,0,,,,,,,,,,,Moderate
2033,college age kid edtwt feels like home either dropouts failing classes simply failure drunk n high day disappointments unemployed hating job lowkey glad tht broke bc least dont money spend food,6/2/2022 13:04,,en,41,7,82,[],[],0,0,,,,,,,,,,,Moderate
2034,new ed twt meanspo thinspo fatspo pls height cw kg gw kg ugw kg add ed group chats please rt moots,6/2/2022 12:52,,en,0,0,2,[],[],0,0,,,,,,,,,,,Moderate
2035,hi im new im miu years old gw lbs bisexual retweet like mutuals,6/2/2022 12:38,,en,0,0,3,[],[],0,0,,,,,,,,,,,Moderate
2036,rt ed twt gc pro ana meanspo thinspo b active u join ur skinny dont make rules xoxo,6/2/2022 12:00,,en,0,1,0,[],[],0,1,,,,,,,,,,,Moderate
2037,hi new ed twt teen pronouns cw lbs ugw lbs height thinspo sweetspo meanspo rt mutuals,6/2/2022 11:37,,en,1,1,3,[],[],0,0,,,,,,,,,,,Moderate
2038,new edtwt ed lmao sw cw gw feel free dm need anything,6/2/2022 11:23,,en,0,1,3,[],[],0,0,,,,,,,,,,,Moderate
2039,new ed twt goal weight minor looking join ed gc like thinspo meanspo ur ed twt im looking moots,6/2/2022 11:14,,en,1,1,5,[],[],0,0,,,,,,,,,,,Moderate
2040,new call bunny minor ugw gw sweetspo thinspo meanspo like retweet comment moots,6/2/2022 10:47,,en,0,1,2,[],[],0,0,,,,,,,,,,,Moderate
2041,new edtwt name froggy cw kg gw gt sweetspo thinspo prorec acab blm kidcore pastel goth alt xx,6/2/2022 10:27,,en,0,0,4,[],[],0,0,,,,,,,,,,,Moderate
2042,sweetspo meanspo thinspo body check weigh ins recommended mandatory active people max rt like comment added,6/2/2022 9:40,,en,0,1,7,[],[],0,0,,,,,,,,,,,Moderate
2043,thin stay low weight eating boys like toothpicks male female dynamic needs female little curvier model named twiggy honey look anorexic mom,6/2/2022 9:12,,en,0,1,2,[],[],0,0,,,,,,,,,,,Moderate
2044,hard ed twt gc might flop group fasting accountability thinspo meanspo allowed pls join triggered serious participants may kicked inactive absolutely bodychecks required rt join,6/2/2022 8:34,,en,3,0,0,[],[],0,0,,,,,,,,,,,Moderate
2045,hard edtwt gc strict diets fasts lots meanspo fatspo thinspo hard edtwt binge break fasts ur kicked daily weigh ins coaching share tips etc age rt like join lt,6/2/2022 8:00,,en,0,2,0,[],[],0,0,,,,,,,,,,,Moderate
2046,rt join ed gc supportive kind fatspo fast diet together locals ana coaches send thinspo tips gore purge imagery,6/2/2022 7:49,,en,0,1,1,[],[],0,0,,,,,,,,,,,Moderate
2047,friends talking alc calories im gonna kms triggering ive well recently getting bit better less disordered,2/18/2022 5:19,,en,0,0,1,[],[],0,0,,,,,,,,,,,Moderate
2048,alright last call close moots gc thinspo fatspo fasting high low restriction chill okay ranting fat shitty co workers judgement zone unless ur actually toxic mess wild west sometimes meanspo sweetspo,8/12/2021 6:25,,en,1,0,5,[],[],0,0,,,,,,,,,,,Moderate
2049,alright rt like help find ppl follow post triggering content eds thinspo pastel kpop alternative ballerina fashion grunge aesthetic drugs druggie aesthetic meanspo pastel aesthetic,3/26/2021 4:47,,en,0,0,0,[],[],0,0,,,,,,,,,,,Moderate
2050,good enough thinspo yet,3/10/2021 3:28,,en,0,0,0,[],[],0,0,,,,,,,,,,,Moderate
2051,one watches anorexia story videos tips like always talk ate x amount cals got lw x motivating,3/5/2021 2:22,,en,0,0,1,[],[],0,0,,,,,,,,,,,Moderate
2052,worked made feel full whole day made lose weight also spicy food makes loose weight well,1/28/2021 4:57,,en,0,0,11,[],[],0,1,,,,,,,,,,,Moderate
2053,anorexic im mexican,1/13/2021 7:58,,en,0,0,0,[],[],0,0,,,,,,,,,,,Moderate
2054,another goal weight ticked,12/29/2020 3:17,,en,0,0,0,[],[],0,0,,,,,,,,,,,Moderate
2055,anybody knows good calorie count app isnt complicated,12/18/2020 4:33,,en,0,1,9,[],[],0,0,,,,,,,,,,,Moderate
2056,anyone send meanspo workout,11/28/2020 4:32,,en,0,0,0,[],[],0,0,,,,,,,,,,,Moderate
2057,anyone thats looking true motivation true meanspo proana gc retweet brutal toxic everything need reach goals,11/28/2020 4:07,,en,0,0,3,[],[],0,0,,,,,,,,,,,Moderate
2058,anyone wanna join ed gc people max meanspo thinspo fatspo lil toxic dieting together stuff dont join youre already underweight pls activ semi activ dm,9/29/2020 1:32,,en,0,0,0,[],[],0,0,,,,,,,,,,,Moderate
2059,anyone want hard ed gc meanspo snowflakes encourage others reach ugw binge youre body checks u want share diets workouts tips rt comment added,7/22/2020 0:34,,en,0,1,0,[],[],0,0,,,,,,,,,,,Moderate
2060,anyone want proana gc toxic high weight much eat like sympathy bullying repost comment join,4/20/2020 7:15,,en,0,0,0,[],[],0,0,,,,,,,,,,,Moderate
2061,anyone want fast together one us struggling hype,3/27/2020 2:33,,en,0,0,0,[],[],0,0,,,,,,,,,,,Moderate
2062,anyone want fast soo motivate please,3/12/2020 23:48,,en,0,0,1,[],[],0,0,,,,,,,,,,,Moderate
2063,pooped today even tho food intake low,1/22/2020 3:33,,en,0,0,0,[],[],0,0,,,,,,,,,,,Moderate
2064,apples wwrte supposed mysafe food feel disgusting eating lol,12/18/2019 1:54,,en,0,0,0,[],[],0,0,,,,,,,,,,,Moderate
2065,soon hit ugw im baking cake eating whole thing taking pictures skinny eating cake idgaf,12/5/2019 3:51,,en,0,1,1,[],[],0,0,,,,,,,,,,,Moderate
2066,new edtwt thirteen cm kp p stan ugw lbs kg pro recovery thinspo meanspo sweetspo fatspo sh like rt help find moots,12/5/2019 3:39,,en,0,0,1,[],[],0,0,,,,,,,,,,,Moderate
2067,snap chat ed groupchat dont join recovery pro sweetspo meanspo wanted others thinspo body checks pick workout daily weigh ins intake end day comfortable advice support lt rt join,11/30/2019 11:10,,en,0,0,2,[],[],0,0,,,,,,,,,,,Moderate
2068,toxic ed gc ages meanspo fatspo allowed skinny tips tricks appreciated stay active fasting together sharing diets excersies weekly weigh ins body checks lets try kpop diets workouts together fatphobic ofc lt reply join,11/26/2019 9:02,,en,0,1,2,[],[],0,0,,,,,,,,,,,Moderate
2069,making edtwt gc pro ed meanspo thinspo sweetspo fatspo pls weekly weigh ins body checks ur comfortable gore talk ur sh retweet follow join,11/21/2019 9:01,,en,0,0,1,[],[],0,0,,,,,,,,,,,Moderate
2070,blckp nk meanspo thread part remember read dont like meanspo fun people love meanspo like dont think none things personally helps weight loss,11/8/2019 3:42,,en,2,0,4,[],[],0,0,,,,,,,,,,,Moderate
2071,bonespo thinspo meanspo thread want eat,11/1/2019 1:01,,en,0,0,1,[],[],0,0,,,,,,,,,,,Moderate
2072,btw posting vent nothing else,10/31/2019 3:01,,en,0,0,0,[],[],0,0,,,,,,,,,,,Moderate
2073,bunnie minor cw lbs ugw lbs ht new dni proana looking moots tags,10/29/2019 6:51,,en,0,0,1,[],[],0,0,,,,,,,,,,,Moderate
2074,edtwt im lbs stomach still fat help,10/10/2019 6:45,,en,0,0,0,[],[],0,0,,,,,,,,,,,Moderate
2075,edtwt rt reply claiming character make edtwt monster high group chat clowdeen character picture rules ed account clapped layout funny mutuals get free pass flops tweet,10/2/2019 23:56,,en,0,0,0,[],[],0,0,,,,,,,,,,,Moderate
2076,edtwt first every month weight loss month edtwt next day binged lt,10/2/2019 7:12,,en,1,0,1,[],[],0,1,,,,,,,,,,,Moderate
2077,edtwt toxic gc requirements dont pussy age making friends bully fuck lol comforting keep breaking fasts bingeing bodychecks get treated brutal honesty reply join rt exposure,10/1/2019 6:00,,en,0,0,0,[],[],0,0,,,,,,,,,,,Moderate
2078,edtwt user lowkey wants covid lose weight,10/1/2019 3:22,,en,1,0,1,[],[],0,0,,,,,,,,,,,Moderate
2079,edtwt get fat calorie drinks monster bang diet coke body cannot process pee thats point relax,8/23/2019 10:58,,en,0,0,1,[],[],0,0,,,,,,,,,,,Moderate
2080,edtwt u need shit yeah u basically use add four teaspoons instead one youll shit ur welcome rt help ur fellow constipted moot,8/22/2019 1:50,,en,0,1,8,[],[],0,0,,,,,,,,,,,Moderate
2081,edtwt comment meanspo need rn lolz,8/22/2019 1:43,,en,0,0,0,[],[],0,0,,,,,,,,,,,Moderate
2082,extreme ed gc lt mean pls dont eat cals binge get kicked lose least pounds week weekly goal met get kicked meanspo encouraged rt added,7/26/2019 7:53,,en,1,0,0,[],[],0,0,,,,,,,,,,,Moderate
2083,fat aunt obsessed w making eat like u jealous im better u,7/24/2019 1:18,,en,0,1,0,[],[],0,1,,,,,,,,,,,Moderate
2084,fatphobia gc isnpo body checks sent fatspo mean degrading fatphobic comments made retweet join,6/27/2019 7:24,,en,0,0,0,[],[],0,1,,,,,,,,,,,Moderate
2085,fatspo meanspo make feel ashamed fight body,5/27/2019 4:03,,en,0,1,3,[],[],0,0,,,,,,,,,,,Moderate
2086,finna check weight get home lets see changed,5/8/2019 8:29,,en,0,1,5,[],[],0,1,,,,,,,,,,,Moderate
2087,fml like good,7/1/2021 9:58,,en,0,0,0,[],[],0,0,,,,,,,,,,,Moderate
2088,foes anyone tips growing healthy hair restricting help c,9/27/2020 6:54,,en,0,0,5,[],[],0,0,,,,,,,,,,,Moderate
2089,food temporary lose control,6/11/2020 14:35,,en,0,0,0,[],[],0,0,,,,,,,,,,,Moderate
2090,reading someones vents way triggering meanspo tbh seeing someone elses weight loss progress also way triggering meanspo isnt even genuine meant,1/30/2019 7:34,,en,1,0,0,[],[],0,0,,,,,,,,,,,Moderate
2091,thinking cals restricting get shit together piggy,1/27/2019 10:57,,en,0,1,3,[],[],0,0,,,,,,,,,,,Moderate
2092,september ive lost total pounds isnt amazing,1/21/2019 4:37,,en,1,0,3,[],[],0,1,,,,,,,,,,,Moderate
2093,fuck cals fam going make eat dinner later,12/27/2018 18:31,,en,1,5,12,[],[],0,0,,,,,,,,,,,Moderate
2094,gained pound almost im walking non stop hour,12/13/2018 15:35,,en,1,0,1,[],[],0,0,,,,,,,,,,,Moderate
2095,gained weight literally could care less im rly ed shit,11/23/2018 8:20,,en,0,0,22,[],[],0,0,,,,,,,,,,,Moderate
2096,gc hard ed twt age fatspo thinspo meanspo sweetspo bonespo allowed talk abt harsh mean removed sus removed safe space share toxic thoughts retweet join,11/5/2018 13:48,,en,0,0,1,[],[],0,0,,,,,,,,,,,Moderate
2097,guess shouldnt skip meals bc body recovery yet large black ice coffee breakfast three days week,11/5/2018 9:37,,en,0,0,1,[],[],0,0,,,,,,,,,,,Moderate
2098,hello im new yall pls rt like get mutuals interact bi sw kg hw kg cw kg height cm anime kpop meanspo thinspo dont send gore,11/5/2018 5:43,,en,1,0,1,[],[],0,0,,,,,,,,,,,Moderate
2099,hello im new edtwt rt friends moots yrs lesbian cw around lbs gw ugw lt anime video games drawing thinspo sweetspo pro recovery lt dni sh gore meanspo,11/1/2018 6:42,,en,0,0,2,[],[],0,0,,,,,,,,,,,Moderate
2100,hello zephyra edtwt shtwt barcode twt pansexual pronouns bun dni ed thinspo sweetspo meanspo new edtwt new account rt comment moots,10/20/2018 9:15,,en,0,0,1,[],[],0,0,,,,,,,,,,,Moderate
2101,hello im new name lina age weight kg pro ana follow please need moots also first time im kinda mean part community online pic mine unfortunately,10/18/2018 7:19,,en,0,0,4,[],[],0,0,,,,,,,,,,,Moderate
2102,help diet plan cals without anorexic,9/8/2018 5:15,,en,2,0,1,[],[],0,0,,,,,,,,,,,Moderate
2103,waist need rn,8/21/2018 1:46,,en,1,1,7,[],[],0,1,,,,,,,,,,,Moderate
2104,heres thinspo dream body,4/20/2018 3:16,,en,1,0,1,[],[],0,0,,,,,,,,,,,Moderate
2105,heres thing im lbs anyone fat stay slim meanspo love,3/22/2018 11:58,,en,1,1,2,[],[],0,0,,,,,,,,,,,Moderate
2106,heres another safefood eat roasted korean seaweed n cals one container think seaweed sheets n r super flavorful esp seafood ppl one came w two packs thats cals links r,2/7/2018 4:15,,en,0,4,0,[],[],0,0,,,,,,,,,,,Moderate
2107,hey baddies rt gc rules thinspo sweetspo allowed ages u send body checks weigh ins u want u use gc chat ur bored,6/1/2022 18:57,,en,0,0,0,[],[],0,0,,,,,,,,,,,Moderate
2108,hey ed twt making ed gc requirements willing give receive meanspo must b must b lbs lower retweet reply dm want join,5/27/2022 22:36,,en,0,0,0,[],[],0,0,,,,,,,,,,,Moderate
2109,hey everyone smiling face heart eyes discovered anorexia someone give tips lose weight mommy always makes eat wanna really skinny ugw kg please send thinspiration anyone want abc diet btw eat fast,5/22/2022 22:30,,en,0,0,0,[],[],0,0,,,,,,,,,,,Moderate
2110,hey really want join scale u add send measurements every week,5/21/2022 21:13,,en,0,0,0,[],[],0,0,,,,,,,,,,,Moderate
2111,hey im new minor thinspo sweetspo kpop stan cw gw interact moots,5/21/2022 21:13,,en,0,0,0,[],[],0,1,,,,,,,,,,,Moderate
2112,hey im new edtwt hi im jazlynn jaz short cw lbs ugw lbs pro recovery thinspo bonespo sweetspo please dni post gore fatspo rt mutuals,5/18/2022 20:03,,en,0,0,0,[],[],0,0,,,,,,,,,,,Moderate
2113,hey im new ed twt poc lesbian cw kg ugw kg like films kpop anime thinspo sweetspo pls rt moots lt,5/17/2022 13:07,,en,0,0,0,[],[],0,0,,,,,,,,,,,Moderate
2114,hey uh edtwt rt gc requirements rules active bonespo deathspo thinspo meanspo sweetspo allowed gay somethin dont cishet pronouns bio please well holding accountable,5/12/2022 17:01,,en,0,0,0,[],[],0,0,,,,,,,,,,,Moderate
2115,heyy new edtwt lesbian meanspo sweetspo thinspo cm cw lbs gw lbs ugw lbs likes kpop like rt mutuals lt,5/6/2022 21:22,,en,0,0,0,[],[],0,0,,,,,,,,,,,Moderate
2116,hi im new ed twt new ed rt moots meanspo greatly appreciated would like meanspo sweetspo fasting gc cw gw height heres fav thinspo,4/30/2022 19:28,,en,0,0,0,[],[],0,0,,,,,,,,,,,Moderate
2117,hi im new ed community new rt like u wanna mutuals please im nice lt,4/29/2022 18:30,,en,0,0,0,[],[],0,0,,,,,,,,,,,Moderate
2118,hi lydia looking mutuals asian height cm cw kg ugw kg bulimic meanspo sweetspo thinspo rt like mutuals,4/27/2022 15:58,,en,0,0,0,[],[],0,1,,,,,,,,,,,Moderate
2119,hi rt manifest year reach ugw become thinspo get huge thigh gap wrap fingers around waist get concave stomach collarbones hipbones cheekbones become extremely visible hands dainty,4/23/2022 23:17,,en,0,0,1,[],[],0,0,,,,,,,,,,,Moderate
2120,hi guys im promoting eating disorders use code mikucals checkout enjoy,4/19/2022 21:03,,en,0,0,0,[],[],0,1,,,,,,,,,,,Moderate
2121,hi honey u thinking binging please dont eating mindlessly good body think progress made please stay safe drink water maybe go walk got,4/15/2022 1:46,,en,0,0,0,[],[],0,0,,,,,,,,,,,Moderate
2122,hi im makayla new edtwt eds height cw ik im fat pls add ur gcs help lose weight gw ugw rt follow comment mutuals also fatphobia fatspo,4/15/2022 1:41,,en,0,0,2,[],[],0,0,,,,,,,,,,,Moderate
2123,hi im molly im new ed twt h cw lbs gw lbs ugw lbs proana meanspo rt u wanna mutuals,4/14/2022 21:15,,en,2,0,1,[],[],0,0,,,,,,,,,,,Moderate
2124,hi im new ed twt lt lt lt thinspo fatspo meanspo lt cw lt gw rt moots lt,4/4/2022 19:35,,en,0,0,2,[],[],0,0,,,,,,,,,,,Moderate
2125,hi im new ed twt lt lt lt thinspo fatspo meanspo lt cw lt gw rt moots lt,3/30/2022 13:56,,en,0,0,0,[],[],0,0,,,,,,,,,,,Moderate
2126,hi im new ed twt lt lt lt thinspo fatspo meanspo lt cw lt gw rt moots lt,3/30/2022 11:32,,en,1,1,11,[],[],0,0,,,,,,,,,,,Moderate
2127,hi new ed twt want find moots first gw lbs thinspo proana like reply moots,6/6/2022 0:33,,en,0,0,1,[],[],0,0,,,,,,,,,,,Moderate
2128,hi im stefan transmasc cw lbs ugw lbs thinspo meanspo fatspo malespo pro recovery like evangelion new lurking couple weeks mostly gonna whine collect thinspo rt u wanna moots,5/21/2022 12:49,,en,0,0,1,[],[],0,1,,,,,,,,,,,Moderate
2129,hi im new edtwt ed retweet moots el thinspo meanspo sweetspo fatspo wont post new account irls wont find cw gw ugw looking fasting buddies add gcs u want lt photos,4/27/2022 23:29,,en,1,0,0,[],[],0,0,,,,,,,,,,,Moderate
2130,hi im back mini hiatus ive horrible week wasnt much im gonna start simple fast restart,4/27/2022 2:24,,en,0,0,1,[],[],0,1,,,,,,,,,,,Moderate
2131,hi im kyu im new edtwt cw lbs ugw lbs meanspo sweetspo thinspo fatspo looking group chats join lt rt like mutuals,4/27/2022 2:18,,en,0,0,0,[],[],0,0,,,,,,,,,,,Moderate
2132,hi wanted make ed group chat lets friends basic rules pls kind respect others includes ppls boundaries group fasts bodychecking allowed years old pls reply wantto added,4/27/2022 2:14,,en,0,0,0,[],[],0,0,,,,,,,,,,,Moderate
2133,hi im new ed twt sw cw gw h gore fatspo sh meanspo sweetspo encouraged rt mutuals,4/25/2022 13:29,,en,0,0,0,[],[],0,1,,,,,,,,,,,Moderate
2134,hi new ed twt lesbian cw kg lbs gw kg lbs ugw kg lbs thinspo meanspo fatspo pls rt like b mutuals lt,4/19/2022 8:44,,en,0,0,0,[],[],0,1,,,,,,,,,,,Moderate
2135,hi im new ed twt n looking oomfs lt gi cm cw gw ugw thinspo meanspo etc rt mutuals,4/9/2022 13:26,,en,0,0,0,[],[],0,1,,,,,,,,,,,Moderate
2136,hi lt new edtwt new acc lt thinspo sw kg cw kg ugw kg dm rt mutuals lt,4/8/2022 8:09,,en,0,0,0,[],[],0,0,,,,,,,,,,,Moderate
2137,hii im ellie im new edtwt really wanted get moots lol cw kg gw kg cm thinspo meanspo sweetspo vent lt dni youre edtwt post fatspo add dietgcs rt moots get moots,4/7/2022 13:54,,en,0,0,1,[],[],0,0,,,,,,,,,,,Moderate
2138,hii im alex lex good ugw kg ok gore sweetspo thinspo meanspo bi new ed sh twt interact become moots lt,4/7/2022 13:36,,en,1,0,0,[],[],0,0,,,,,,,,,,,Moderate
2139,hii im new ed twt minors dni pan anime fan cw ugw thinspo meanspo sweetspo fatspo retweet interact mutuals,4/7/2022 12:10,,en,0,0,0,[],[],0,0,,,,,,,,,,,Moderate
2140,hii im new edtwt lt minor bisexual female lean cw kg ugw kg thinspo sweetspo meanspo anime kpop dni recovery looking mutuals,4/7/2022 1:14,,en,0,0,0,[],[],0,1,,,,,,,,,,,Moderate
2141,hii im new ed twt gw ugw thinspo fatspo meanspo pls dni ur edtwt pls rt like moots,4/6/2022 12:11,,en,0,0,0,[],[],0,0,,,,,,,,,,,Moderate
2142,hii im new ed twt sw cw gw ugw toxic hard ed twt meanspo thinspo proana need inspo way track progress vent mutuals,4/6/2022 12:04,,en,0,0,0,[],[],0,0,,,,,,,,,,,Moderate
2143,hii im new edtwt things minor smoke alot cw gw ugw thinspo meanspo sweetspo dni edtwt nsfwtwt venttwt retweet would like moots,4/6/2022 8:28,,en,0,0,0,[],[],0,0,,,,,,,,,,,Moderate
2144,hii new new ed cw ibs gw ibs interact moots lt,4/6/2022 8:20,,en,0,1,4,[],[],0,1,,,,,,,,,,,Moderate
2145,hii new new ed cw ibs gw ibs interact moots lt,4/6/2022 8:11,,en,0,0,0,[],[],0,0,,,,,,,,,,,Moderate
2146,hii new edtwt new ed cw ibs gw ibs sweetspo thinspo bonespo interact moots lt,4/6/2022 2:56,,en,0,0,1,[],[],0,0,,,,,,,,,,,Moderate
2147,hii im new edtwt bi cw gw ugw dni ur edtwt thinspo sweetspo repost moots,6/11/2022 7:53,,en,0,0,1,[],[],0,0,,,,,,,,,,,Moderate
2148,hii im new edtwt old acc got deleted minor cm cw kg gw kg ugw kg like thinspo sweetspo fan fatspo dms open u wanna friends talk rt moots lt,6/10/2022 3:58,,en,0,0,1,[],[],0,0,,,,,,,,,,,Moderate
2149,hii new edtwt im jess self meanspo thinspo high bmi proana tumblr back day ugw kg rt like u wanna mutuals esp ur starting higher bmi,6/9/2022 12:15,,en,1,1,1,[],[],0,0,,,,,,,,,,,Moderate
2150,hii im new edtwt cw lbs kg ugw lbs kg rt like moots,6/8/2022 6:29,,en,0,0,0,[],[],0,0,,,,,,,,,,,Moderate
2151,hii xavier new bi cw gw ugw thinspo rtwt moots guess hope make slack anymore lol,6/8/2022 3:27,,en,0,0,0,[],[],0,0,,,,,,,,,,,Moderate
2152,hii new edtwt lt gigi soon bi cm ugw kg thinspo meanspo sweetspo looking friends interact moots,6/8/2022 1:42,,en,0,0,0,[],[],0,0,,,,,,,,,,,Moderate
2153,hmm ive taken calories today sausage dinner snack helpp,6/7/2022 23:18,,en,0,0,0,[],[],0,0,,,,,,,,,,,Moderate
2154,gain much two days,6/7/2022 2:16,,en,0,0,0,[],[],0,0,,,,,,,,,,,Moderate
2155,lose weight eating meal yesterday sure thought id least maintain,6/5/2022 3:13,,en,0,0,0,[],[],0,0,,,,,,,,,,,Moderate
2156,fasting thing work omg help mee,6/5/2022 3:12,,en,0,0,0,[],[],0,0,,,,,,,,,,,Moderate
2157,lost lbs week know started period actually definitely put stop still,6/4/2022 11:02,,en,0,0,0,[],[],0,0,,,,,,,,,,,Moderate
2158,stopped bingeing binging thread disclaimer obvi doesnt work everyone really help hope least help,6/4/2022 8:32,,en,0,0,0,[],[],0,0,,,,,,,,,,,Moderate
2159,feels getting edtwt eating,6/4/2022 8:31,,en,0,0,0,[],[],0,0,,,,,,,,,,,Moderate
2160,people eating disorders christmas like everyone party family isnt im one cuz help love christmas dont want eat things,6/4/2022 8:29,,en,1,0,0,[],[],0,0,,,,,,,,,,,Moderate
2161,get away eating ft strict parents thread,6/4/2022 8:29,,en,0,0,0,[],[],0,0,,,,,,,,,,,Moderate
2162,hunger pangs body way telling effort working give ruin progress starving reason keep chin drink water,6/4/2022 8:28,,en,0,0,0,[],[],0,0,,,,,,,,,,,Moderate
2163,aint notice much weight lost till saw first pic motivation lose,6/3/2022 12:42,,en,0,0,0,[],[],0,0,,,,,,,,,,,Moderate
2164,fat fuck back yes gained weight wont change cw bc cry,6/3/2022 11:22,,en,0,0,2,[],[],0,0,,,,,,,,,,,Moderate
2165,never going binge never going binge never going binge never going binge,6/3/2022 11:21,,en,0,0,0,[],[],0,0,,,,,,,,,,,Moderate
2166,asking meanspo sweetspo,6/3/2022 11:20,,en,0,0,0,[],[],0,0,,,,,,,,,,,Moderate
2167,ate cake pop n feel fuckin guilty bruh like room calories still wld ion know,6/3/2022 11:19,,en,0,0,2,[],[],0,0,,,,,,,,,,,Moderate
2168,watch anime eaten cuz everyone beautiful makes feel like shit,6/3/2022 10:32,,en,1,0,0,[],[],0,0,,,,,,,,,,,Moderate
2169,cant weight get scale havent able weigh,6/3/2022 9:00,,en,4,1,10,[],[],0,0,,,,,,,,,,,Moderate
2170,collect candy snack junk food everytime go shopping buy things really want store box,6/3/2022 8:26,,en,0,0,0,[],[],0,0,,,,,,,,,,,Moderate
2171,deserve skinny,6/3/2022 8:25,,en,0,0,0,[],[],0,0,,,,,,,,,,,Moderate
2172,minute tabata minute cardio minute hiit morning u done apart eating ofc,6/3/2022 4:17,,en,0,0,0,[],[],0,0,,,,,,,,,,,Moderate
2173,didnt actually realise theres big difference stomach like damn actually almost flat,6/3/2022 4:16,,en,1,0,1,[],[],0,0,,,,,,,,,,,Moderate
2174,didnt count calories today didnt work pls made bad,6/3/2022 4:14,,en,0,0,0,[],[],0,0,,,,,,,,,,,Moderate
2175,dont get ppl comment proana ed twt accs say love etc fat love actually happy feel good fat makes hate mfin idiots,6/3/2022 4:13,,en,0,0,0,[],[],0,0,,,,,,,,,,,Moderate
2176,good pictures cuz hate pictures cuz hate,6/3/2022 4:12,,en,0,0,0,[],[],0,0,,,,,,,,,,,Moderate
2177,failed fat bitch need meanspo,6/2/2022 23:57,,en,0,0,0,[],[],0,0,,,,,,,,,,,Moderate
2178,feel fat disgusting rn im crying,6/2/2022 5:56,,en,0,0,0,[],[],0,0,,,,,,,,,,,Moderate
2179,feel fat gross want wake kg lighter,6/2/2022 4:15,,en,0,0,0,[],[],0,0,,,,,,,,,,,Moderate
2180,feel terrible deserve strawberries,6/2/2022 4:07,,en,0,0,0,[],[],0,0,,,,,,,,,,,Moderate
2181,found super low cal meal tumblr smiling face heart eyes smiling face heart eyes,6/1/2022 13:44,,en,0,0,0,[],[],0,0,,,,,,,,,,,Moderate
2182,genuinely feel like belong side edtwt compared softer side everyone nice arent afraid filter either ive made new friends wonderful mutuals actually try look eachother help w binging,5/31/2022 1:25,,en,0,0,0,[],[],0,0,,,,,,,,,,,Moderate
2183,genuinely think main reason ive sleeping earlier days hurry wake weigh,5/28/2022 21:54,,en,0,0,1,[],[],0,0,,,,,,,,,,,Moderate
2184,get confused people like omg one cals tell think lot little hell even tell think lot little,5/28/2022 21:54,,en,0,0,0,[],[],0,0,,,,,,,,,,,Moderate
2185,got pounds first time like three months excited four pounds go reach cgw,5/27/2022 16:45,,en,0,0,1,[],[],0,0,,,,,,,,,,,Moderate
2186,hate meanspo omg im crybaby sometimes encouraging,5/27/2022 4:56,,en,0,0,0,[],[],0,1,,,,,,,,,,,Moderate
2187,lose lbs exactly count underweight,5/25/2022 14:41,,en,0,0,0,[],[],0,0,,,,,,,,,,,Moderate
2188,havent binged month cheat day metabolism boost saturday valid,5/25/2022 14:40,,en,0,0,0,[],[],0,0,,,,,,,,,,,Moderate
2189,havent eaten much literally like month taking everything go downstairs heat pizza,5/25/2022 14:40,,en,0,0,0,[],[],0,0,,,,,,,,,,,Moderate
2190,added calories chocolate sweets got birthday k omg thats without alc cals cause got like four bottles champagne,5/25/2022 12:41,,en,1,0,1,[],[],0,0,,,,,,,,,,,Moderate
2191,binged cinnamon rolls pls feel awful,5/25/2022 12:05,,en,0,0,0,[],[],0,0,,,,,,,,,,,Moderate
2192,need anyone posts thinspo meanspo daily please retweet follow dash full nonsense thesedays,5/25/2022 11:53,,en,1,0,1,[],[],0,1,,,,,,,,,,,Moderate
2193,need stop eating,5/25/2022 11:06,,en,0,0,0,[],[],0,0,,,,,,,,,,,Moderate
2194,wanna fast get tempted bc family likes bake want starbucks drinks like fkn loaded calories hate e,5/25/2022 10:56,,en,0,0,1,[],[],0,0,,,,,,,,,,,Moderate
2195,want chest bones pop thats want please,5/24/2022 11:14,,en,0,0,1,[],[],0,1,,,,,,,,,,,Moderate
2196,want cant boy want cause im fat,5/24/2022 3:32,,en,0,0,0,[],[],0,0,,,,,,,,,,,Moderate
2197,want skinny much ask,5/24/2022 2:22,,en,1,0,0,[],[],0,0,,,,,,,,,,,Moderate
2198,literally couldnt care less please reply dm meanspo n mean hard ass meanspo,5/23/2022 4:38,,en,0,0,0,[],[],0,0,,,,,,,,,,,Moderate
2199,literally look fucking fat rn days,5/23/2022 4:38,,en,1,0,1,[],[],0,0,,,,,,,,,,,Moderate
2200,look kinda skinny,5/23/2022 3:26,,en,1,0,0,[],[],0,0,,,,,,,,,,,Moderate
2201,lost kg today,5/23/2022 3:19,,en,1,0,1,[],[],0,0,,,,,,,,,,,Moderate
2202,lost kg lbs since may st hbu,5/22/2022 19:18,,en,0,0,0,[],[],0,0,,,,,,,,,,,Moderate
2203,lost kgs two days cutting sugar,5/22/2022 19:05,,en,0,0,2,[],[],0,0,,,,,,,,,,,Moderate
2204,lost pound lets go dis mad motivating,5/22/2022 16:39,,en,0,0,2,[],[],0,1,,,,,,,,,,,Moderate
2205,love one person given meanspo guess everyone wants fat,5/22/2022 6:33,,en,0,0,0,[],[],0,0,,,,,,,,,,,Moderate
2206,need active ed group chats trying push week get goal weight add u r please,5/22/2022 0:26,,en,0,0,0,[],[],0,0,,,,,,,,,,,Moderate
2207,need ana buddy lord knows cant dm,5/21/2022 18:07,,en,0,0,0,[],[],0,0,,,,,,,,,,,Moderate
2208,need starving group chats u add cool stuff need people talk,5/21/2022 7:30,,en,0,0,0,[],[],0,0,,,,,,,,,,,Moderate
2209,need motivation fast next week please send meanspo,5/20/2022 13:30,,en,0,0,0,[],[],0,1,,,,,,,,,,,Moderate
2210,need remind yeah im tired yeah ion feel good rn itll worth end im skinny,5/20/2022 12:56,,en,0,0,0,[],[],0,0,,,,,,,,,,,Moderate
2211,reached second goal weight eat today edtwt,5/20/2022 12:52,,en,0,0,1,[],[],0,0,,,,,,,,,,,Moderate
2212,read edtwt ana motivation usually kinda helps,5/20/2022 12:30,,en,1,0,3,[],[],0,0,,,,,,,,,,,Moderate
2213,really didnt think id get lbs week let alone,5/20/2022 12:28,,en,0,0,0,[],[],0,0,,,,,,,,,,,Moderate
2214,really need control hunger,5/16/2022 11:45,,en,0,0,0,[],[],0,0,,,,,,,,,,,Moderate
2215,said million times keep saying ab exercises avoid getting bloated liquid fasting boom flat stomach even starved whole day wake w stick legs slim thighs,5/16/2022 9:45,,en,1,0,0,[],[],0,0,,,,,,,,,,,Moderate
2216,started taking vitamins either gain stay weight fucking shit,5/16/2022 8:07,,en,1,0,0,[],[],0,0,,,,,,,,,,,Moderate
2217,stayed weight mf week could period someone inform,5/16/2022 2:20,,en,1,0,2,[],[],0,0,,,,,,,,,,,Moderate
2218,walked much today feet hurt didnt lose least pound ima cry,5/13/2022 5:50,,en,0,0,0,[],[],0,0,,,,,,,,,,,Moderate
2219,wanna skinny cute gf look vile next,5/13/2022 5:50,,en,0,0,0,[],[],0,0,,,,,,,,,,,Moderate
2220,wanna binge rice krispies badly pro ana using tags,5/13/2022 5:41,,en,0,0,0,[],[],0,0,,,,,,,,,,,Moderate
2221,wanna break fast bad even eating healthy low calorie foods think know gonna gone bruh,5/13/2022 3:14,,en,1,0,3,[],[],0,0,,,,,,,,,,,Moderate
2222,wanna proana sugar daddy like fast restrict sends money uhm sign,5/12/2022 14:27,,en,2,0,2,[],[],0,1,,,,,,,,,,,Moderate
2223,wanna make thinspo fasting gc thinspo meanspo sweetspo allowed gore please eating workout tips encouraged fast check ins together let friends join fasting group life,5/12/2022 14:24,,en,1,0,0,[],[],0,0,,,,,,,,,,,Moderate
2224,want thin bad,5/12/2022 14:24,,en,0,0,2,[],[],0,0,,,,,,,,,,,Moderate
2225,want make ed gc thinspo meanspo etc allowed optional group fasts diets advice help binge diet tips etc rt interact added,5/10/2022 3:28,,en,0,0,0,[],[],0,0,,,,,,,,,,,Moderate
2226,want make ed gc lt anyone join thinspo meanspo sweetspo allowed u allowed talk ur fasts ok talk ur binging bad days lets friends lt rt added,5/9/2022 3:41,,en,0,0,0,[],[],0,0,,,,,,,,,,,Moderate
2227,baking french fries stuck pan im crying everything awful im gonna die fat,3/26/2017 17:09,,en,0,0,0,[],[],0,0,,,,,,,,,,,Moderate
2228,looking old food folder look stupid ass meals used eat saw slowly decreased portions nothing seeing visual progression disorder made upset,5/5/2017 9:49,,en,0,0,0,[],[],0,0,,,,,,,,,,,Moderate
2229,lose lbs month lose lbs month lose lbs month lose lbs month lose lbs month lose lbs month,5/5/2017 9:44,,en,0,0,1,[],[],0,0,,,,,,,,,,,Moderate
2230,lose lbs january lose lbs january lose lbs january lose lbs january lose lbs january lose lbs january,5/1/2017 9:04,,en,0,0,0,[],[],0,0,,,,,,,,,,,Moderate
2231,binge today binge today binge today binge today binge today binge today binge today binge today binge today binge today binge today wil,4/24/2017 11:31,,en,0,0,0,[],[],0,0,,,,,,,,,,,Moderate
2232,reach lbs least middle next week,4/16/2017 2:28,,en,0,0,0,[],[],0,0,,,,,,,,,,,Moderate
2233,would literally welcome world worst period cramps meant could gain weight period normal,4/16/2017 2:26,,en,0,0,0,[],[],0,1,,,,,,,,,,,Moderate
2234,going make ed gc active send diets meanspo fatspo gore send amount calories day retweet added follow mutuals,4/11/2017 21:22,,en,0,0,0,[],[],0,0,,,,,,,,,,,Moderate
2235,ill deffo reach next goal weight week tho,1/22/2017 3:56,,en,0,0,0,[],[],0,1,,,,,,,,,,,Moderate
2236,im omg could average height literally average would bmi current weight,12/23/2016 18:47,,en,0,0,0,[],[],0,0,,,,,,,,,,,Moderate
2237,im making group chat ed hunger games everyone breaks fast leaves group person remaining wins wanna seems fun rt want join,12/5/2016 5:55,,en,0,0,0,[],[],0,0,,,,,,,,,,,Moderate
2238,im calories per day ate today far im getting hungry time chug bottles water,12/5/2016 5:32,,en,0,0,0,[],[],0,0,,,,,,,,,,,Moderate
2239,im skinnier ppl dont like thats matters,10/20/2016 7:11,,en,0,0,1,[],[],0,0,,,,,,,,,,,Moderate
2240,im sorry im big fucking disappointment im sorry im happy little girl enjoys food anymore,10/18/2016 7:19,,en,0,0,0,[],[],0,0,,,,,,,,,,,Moderate
2241,im stella new ed twt f cm cw lbs kg gw lbs kgs tw thinspo pro ana vents like ill follow,10/2/2016 10:36,,en,0,0,0,[],[],0,0,,,,,,,,,,,Moderate
2242,im thinking starting abc diet st,9/17/2016 23:24,,en,0,0,0,[],[],0,0,,,,,,,,,,,Moderate
2243,ive lost lot weight stomach still isnt flat arms still soft legs still huge boobs still big,9/10/2016 10:50,,en,0,0,0,[],[],0,0,,,,,,,,,,,Moderate
2244,idk people see need write food breakfast rice cake kcal lunch eating family remember kcal dinner potato fries kcal minus kcal total diet already failed fml,9/9/2016 12:42,,en,0,0,1,[],[],0,0,,,,,,,,,,,Moderate
2245,anyone even account send meanspo like every morning pleassee need someone call fatty every morning tell much dont deserve eat,9/8/2016 10:00,,en,0,0,0,[],[],0,0,,,,,,,,,,,Moderate
2246,post bodycheck morning b go guys drag drop meanspo,9/8/2016 7:50,,en,0,0,0,[],[],0,1,,,,,,,,,,,Moderate
2247,post bodycheck morning u guys drag drop meanspo,9/8/2016 7:49,,en,0,0,0,[],[],0,1,,,,,,,,,,,Moderate
2248,flops never tweeted ed twt gc comment added sorry fasting together sharing progress use tw messages need allowed pls doesnt flop ill try arrange cw sw,9/7/2016 11:15,,en,0,0,0,[],[],0,0,,,,,,,,,,,Moderate
2249,u skinny ratio thats proana,9/3/2016 12:39,,en,0,0,1,[],[],0,1,,,,,,,,,,,Moderate
2250,u take laxatives help weight loss,9/1/2016 12:40,,en,0,0,0,[],[],0,0,,,,,,,,,,,Moderate
2251,look grab chunk thigh flab stomach roll fingers grab wrist put thigh high socks need eat today deserve eat today burn fat instead adding,9/1/2016 12:15,,en,0,0,0,[],[],0,0,,,,,,,,,,,Moderate
2252,feel like want eat watch mukbangs fatspo literally go outside like take walk lay watch victorias secret fashion shows bc youre gonna like watch thinspo drink bottle water,8/31/2016 10:24,,en,0,0,0,[],[],0,0,,,,,,,,,,,Moderate
2253,youre struggling ednos keep binging wanna fast lower cals start meal planning like im serious,8/31/2016 10:23,,en,0,0,0,[],[],0,0,,,,,,,,,,,Moderate
2254,ft cm lb kg ugw lb kg think ugw meanspo welcome,8/31/2016 8:38,,en,0,0,0,[],[],0,0,,,,,,,,,,,Moderate
2255,im little fam party ate wanna throw bad im getting panicky cant cause everyones eyes get ahh,8/30/2016 5:27,,en,0,0,0,[],[],0,0,,,,,,,,,,,Moderate
2256,gonna go ride horse pretend hungry,8/29/2016 14:19,,en,0,0,0,[],[],0,0,,,,,,,,,,,Moderate
2257,im holding cupcake smelling look stupid,8/28/2016 4:44,,en,0,0,0,[],[],0,0,,,,,,,,,,,Moderate
2258,tired feel like crying already eaten cals today still hungry tired hungry hours go bed sleep away,8/27/2016 12:01,,en,0,0,2,[],[],0,0,,,,,,,,,,,Moderate
2259,im kind obsessed weighing keep scale room first thing look forward morning already weighed today want,8/27/2016 11:53,,en,0,0,0,[],[],0,0,,,,,,,,,,,Moderate
2260,literally close gw week really gonna push send ur best pls,8/27/2016 11:52,,en,0,0,0,[],[],0,0,,,,,,,,,,,Moderate
2261,making gc flopped rules age etc sending thinspo fasting together body checks allowed advices soft hard edtwt welcome,8/27/2016 11:49,,en,0,0,0,[],[],0,0,,,,,,,,,,,Moderate
2262,making another anna gc rt make sure u r following add u ok thinspo meanspo fatspo help encourage others reach goal weights one added sry,8/27/2016 8:54,,en,0,0,1,[],[],0,0,,,,,,,,,,,Moderate
2263,happy scabhf stayed calories today,8/22/2016 11:10,,en,0,0,1,[],[],0,0,,,,,,,,,,,Moderate
2264,used taking small bites hate feeling even full piece gum mouth always break half less cals guess fml,8/15/2016 11:47,,en,0,0,1,[],[],0,1,,,,,,,,,,,Moderate
2265,im starting hate body,8/13/2016 12:10,,en,0,0,1,[],[],0,1,,,,,,,,,,,Moderate
2266,injust know wouldve done food today ny mom didnt force eat hate mysmelf,8/13/2016 5:51,,en,0,0,1,[],[],0,1,,,,,,,,,,,Moderate
2267,cheating start fast bed body enter ketosis sleeping plz help,8/12/2016 7:03,,en,0,0,0,[],[],0,0,,,,,,,,,,,Moderate
2268,fits fit even better lose weight fail like everything else life ill okay,6/9/2022 7:23,,en,0,0,0,[],[],0,0,,,,,,,,,,,Moderate
2269,took laxatives lets say im getting sleep,6/6/2022 13:30,,en,0,0,3,[],[],0,0,,,,,,,,,,,Moderate
2270,actually crazy much restriction working like rlly year im skinny summer,6/6/2022 13:29,,en,3,0,5,[],[],0,0,,,,,,,,,,,Moderate
2271,honestly sad someone like could perfect cant stop eating could look like model instead look like pig naked thinking really enjoy food much doesnt bother look ugly,6/5/2022 10:21,,en,1,0,0,[],[],0,0,,,,,,,,,,,Moderate
2272,taking long get im even gonna treat hot chocolate bakery thing im going cafe weekend might eat little meal like tiny pot noodles around calories thats ive enough,6/5/2022 10:12,,en,2,0,5,[],[],0,0,,,,,,,,,,,Moderate
2273,planning eat like shit upcoming week gonna eat clean week snacks stick portions want reach goal want cravings,6/4/2022 9:04,,en,1,0,1,[],[],0,0,,,,,,,,,,,Moderate
2274,account months still hit ugw,6/4/2022 9:04,,en,0,0,1,[],[],0,0,,,,,,,,,,,Moderate
2275,ate granola bar thing muffin celary say calories today far someone yell pls,6/3/2022 4:03,,en,0,0,0,[],[],0,0,,,,,,,,,,,Moderate
2276,wanna talk ab yesterday one friends bus joked worried every time bus goes bump bc kno im gonna fly n hit ceiling bc im small euphoria,5/31/2022 1:03,,en,0,0,0,[],[],0,0,,,,,,,,,,,Moderate
2277,kind improved mood cant stop crying cause look bloated really hope im morning,5/29/2022 14:45,,en,0,0,0,[],[],0,0,,,,,,,,,,,Moderate
2278,kind new ed twt watching arimura alias cw lbs ugw lbs please send meanspo sweetspo show face body yet insecure retweet friends,5/27/2022 15:29,,en,0,0,0,[],[],0,0,,,,,,,,,,,Moderate
2279,kinda stole tl rt join competitive ed gc weigh ins every sunday see much everyone lost sweetspo meanspo thinspo allowed everyone ranked person lost least week kicked active,5/27/2022 6:32,,en,0,0,0,[],[],0,0,,,,,,,,,,,Moderate
2280,kinda wanna start gc rules fasting together share meanspo thinspo tips break fast get kicked mbf bae hard toxic ed twt like rt interact join,5/27/2022 6:02,,en,1,0,0,[],[],0,0,,,,,,,,,,,Moderate
2281,lately ive doubts wondered worth wanna leave reminder itll worth skinny look good clothes true beautiful self always meant,5/27/2022 5:58,,en,0,0,0,[],[],0,0,,,,,,,,,,,Moderate
2282,let tell u hate abt body hate face hate fat thighs hate stretch marks hate boobs hate arms hate stomach hate everything abt,5/27/2022 5:29,,en,0,0,0,[],[],0,0,,,,,,,,,,,Moderate
2283,like expect bigger breathe lot matter wont go back believe im thankful weird like whose body touching,5/27/2022 5:24,,en,0,0,1,[],[],0,0,,,,,,,,,,,Moderate
2284,like comment cals less day eat tell us body checks arent needed required unless u want tips low cal foods workouts thinspo fatspo meanspo sweetspo allowed starting weights allowed lt,5/26/2022 2:02,,en,0,0,2,[],[],0,0,,,,,,,,,,,Moderate
2285,like rt join ed gc starvation september keep cals day workout lot send thinspo meanspo fatspo whatever binging let get skinny end month,5/25/2022 16:48,,en,0,0,1,[],[],0,0,,,,,,,,,,,Moderate
2286,looking moots sw cw looking ed gc pls rt people see,5/24/2022 11:41,,en,0,0,0,[],[],0,0,,,,,,,,,,,Moderate
2287,lost pounds week im happy,5/20/2022 13:09,,en,0,0,0,[],[],0,0,,,,,,,,,,,Moderate
2288,love genuinely believe morning skinny disappear forever eat bowl cereal,5/20/2022 13:07,,en,0,0,0,[],[],0,0,,,,,,,,,,,Moderate
2289,love brother calls fat free meanspo,5/20/2022 2:17,,en,0,0,1,[],[],0,0,,,,,,,,,,,Moderate
2290,lowkey need meanspo fast going well ugh idk im fat ass,5/20/2022 2:16,,en,0,0,1,[],[],0,0,,,,,,,,,,,Moderate
2291,made terrible mistake drank lucozade one snack day better still lose pound,5/18/2022 0:52,,en,0,0,0,[],[],0,0,,,,,,,,,,,Moderate
2292,made covid positive bf spit mouth thinking would make lose weight caught nothing happened sadly sorry edtwt thought found hack,5/17/2022 11:02,,en,0,0,1,[],[],0,0,,,,,,,,,,,Moderate
2293,making edtwt gc max ppl meanspo thinspo fastpo active ill remove u grp fasts optional check ins rtwt ill add u,5/15/2022 16:27,,en,0,0,2,[],[],0,0,,,,,,,,,,,Moderate
2294,making ana thinspo group chat anyone wants join join meanspo sweatspo thinspo tips tricks chatting day updates others competitions group diets rt reply join gc,5/15/2022 6:10,,en,0,0,0,[],[],0,0,,,,,,,,,,,Moderate
2295,making bigger ppl ed twt gc rt added fatspo gore meanspo sweetspo request lbs wanting ppl within weight range toxic asshole around people limit make poll expires,5/15/2022 6:08,,en,0,0,1,[],[],0,0,,,,,,,,,,,Moderate
2296,making edtwt gc diet fast together adding u u look like spy weebs free pass sweetspo thinspo whatever dry drown u like rt join,5/15/2022 6:07,,en,0,0,0,[],[],0,0,,,,,,,,,,,Moderate
2297,making gc edtwt age dont creep talk get close weigh ins body checks comfortable thinspo meanspo sweetspo workouts fasts diet plans fatspo gore rt reply join lt,5/10/2022 15:15,,en,0,0,1,[],[],0,0,,,,,,,,,,,Moderate
2298,making gc semi hard edtwt meanspo thinspo fatspo etc encouraged drama allowed toxic want making fun recovering ppl castrate instantly rt comment added pls dont let flop,5/10/2022 14:56,,en,0,0,0,[],[],0,0,,,,,,,,,,,Moderate
2299,making toxic funny edtwt gc age old mfs literally softies lets fast together ask active youll probably get kicked lmao funny funny send meanspo thinspo really dont care dont sens btw rt join asf,5/9/2022 14:56,,en,0,0,0,[],[],0,0,,,,,,,,,,,Moderate
2300,making actual hardcore edtwt gc bc ones join full pussies ages toxic asf dont softie binge berated check ins mon fri post meanspo thinspo bonespo rt ed sh acc join,5/8/2022 13:37,,en,0,0,0,[],[],0,0,,,,,,,,,,,Moderate
2301,making ed gc hard bae ed twt meanspo body checks body checks optional mandatory group fasts restriction days get close thinspo sweetspo meanspo allowed lets reach ugw together added,5/8/2022 13:28,,en,0,0,1,[],[],0,0,,,,,,,,,,,Moderate
2302,making another ed gc cuz ones dead thinspo meanspo allowed ed allowed binge shaming group fasting life share workouts diets b asshole rt comment join,5/6/2022 15:38,,en,0,0,10,[],[],0,0,,,,,,,,,,,Moderate
2303,managed skip lunch yay probably eat later im going try hardest,5/6/2022 15:29,,en,0,0,0,[],[],0,0,,,,,,,,,,,Moderate
2304,lost weight months lose kg january th,5/6/2022 11:27,,en,0,0,36,[],[],0,0,,,,,,,,,,,Moderate
2305,every time skip meal wow ur desperate attention arent u skipping meals think anorexic dramatic,5/5/2022 12:45,,en,0,0,1,[],[],0,0,,,,,,,,,,,Moderate
2306,ppl edtwt talk eds soon irl little talking cals,5/3/2022 12:44,,en,0,0,1,[],[],0,0,,,,,,,,,,,Moderate
2307,wish skinny naturally skinny girl within mile radius wish could gain weight hard dont understand lucky thick people always bully call anorexic eat burger,5/3/2022 0:50,,en,1,0,2,[],[],0,0,,,,,,,,,,,Moderate
2308,spamming rn sorry lt cant sleep teehee also lost pound got excited like go another yes yes yes,4/26/2022 8:06,,en,0,0,2,[],[],0,0,,,,,,,,,,,Moderate
2309,meanspo trigger mirrors trigger mom comments body triggers meanspo harmless,4/26/2022 8:05,,en,0,0,3,[],[],0,0,,,,,,,,,,,Moderate
2310,merry christmas dad got fitbit everybody say proana king,4/24/2022 11:32,,en,0,0,0,[],[],0,0,,,,,,,,,,,Moderate
2311,mfs wake weight like dont even want happy im mfs,4/24/2022 11:30,,en,0,0,1,[],[],0,0,,,,,,,,,,,Moderate
2312,middle school used eat banana peanut butter morning like barely breakfast innocent,4/22/2022 13:10,,en,0,0,0,[],[],0,0,,,,,,,,,,,Moderate
2313,mm depending weight morning might get bubble tea tomorrow total calorie intake,4/15/2022 6:48,,en,0,0,0,[],[],0,0,,,,,,,,,,,Moderate
2314,mom think got skinny eating well eating lot days finished bag family sized cheese popcorn mom well nutrients help body lady body even know nutrient anymore,4/13/2022 14:29,,en,0,0,2,[],[],0,0,,,,,,,,,,,Moderate
2315,body straight stopped losing weight even survival thing im literally bmi embarrassing pls help,4/13/2022 14:19,,en,0,0,2,[],[],0,0,,,,,,,,,,,Moderate
2316,dad said style ghetto homeless nah butch tryna hide body,4/13/2022 1:30,,en,0,0,1,[],[],0,0,,,,,,,,,,,Moderate
2317,goal one day put aesthetic picture thinspo post blend perfectly unrecognizable rest,4/12/2022 16:35,,en,0,0,0,[],[],0,0,,,,,,,,,,,Moderate
2318,hair falling scalp hurts,4/12/2022 11:32,,en,1,0,2,[],[],0,0,,,,,,,,,,,Moderate
2319,legs feel slimmer everyday shoulders collar bones like round n bony ya know like im slimming happy subliminal epic lol waist looks smaller,4/12/2022 11:11,,en,0,0,2,[],[],0,0,,,,,,,,,,,Moderate
2320,malnourished brain already using meanspo,4/12/2022 11:05,,en,1,0,6,[],[],0,0,,,,,,,,,,,Moderate
2321,mom driving right heading dq im gonna get chocolate ice cream cone dipped chocolate since subliminals keep skinny losing weight feel much freedom days continue see results,4/12/2022 11:04,,en,1,0,1,[],[],0,0,,,,,,,,,,,Moderate
2322,moms making popcorn movie night wanna cry fuckinf bad,4/12/2022 10:55,,en,1,0,0,[],[],0,0,,,,,,,,,,,Moderate
2323,new favourite thing asking google home calories lbs kg conversions way easier typing everything time,4/8/2022 11:53,,en,0,0,1,[],[],0,0,,,,,,,,,,,Moderate
2324,parents hid scale im panicking need mf scale,3/31/2022 4:48,,en,0,0,0,[],[],0,0,,,,,,,,,,,Moderate
2325,roommate came gave everyone snacks felt bad wasting ate im losing thing tomorrow,3/28/2022 10:37,,en,0,0,0,[],[],0,0,,,,,,,,,,,Moderate
2326,stomach definitely shrank could eat whole pizza literally full hurting one slice,3/28/2022 10:33,,en,0,0,1,[],[],0,0,,,,,,,,,,,Moderate
2327,weight keeps going someone give tips pls,3/28/2022 4:14,,en,0,0,0,[],[],0,0,,,,,,,,,,,Moderate
2328,nawt making meanspo storyline,3/18/2022 11:24,,en,0,0,2,[],[],0,0,,,,,,,,,,,Moderate
2329,new acc new edtwt cm kg ugw kg add group chats lt rt moots,3/17/2022 3:31,,en,0,0,0,[],[],0,0,,,,,,,,,,,Moderate
2330,new meanspo tweet add hour fast every time someone calls dramatic shooter hells kitchen,3/17/2022 3:28,,en,0,0,0,[],[],0,0,,,,,,,,,,,Moderate
2331,new plan made next week tomorrow fasting day,3/16/2022 9:56,,en,0,0,2,[],[],0,0,,,,,,,,,,,Moderate
2332,new arya cm cw lb ugw lb meanspo thinspo pro recovery rt moots,3/12/2022 18:03,,en,0,0,0,[],[],0,0,,,,,,,,,,,Moderate
2333,new bug cm ugw kg lbs thinspo vent acc rt mutuals,3/12/2022 18:01,,en,0,0,0,[],[],0,0,,,,,,,,,,,Moderate
2334,new new ed hs junior thinspo fatspo meanspo stoner started getting sober goal lose lbs love clothes fashion aesthetics need mutuals friends pls interact dms open,3/11/2022 4:12,,en,0,0,0,[],[],0,0,,,,,,,,,,,Moderate
2335,new ed hard soft edtwt cw kg gw kg nonbinary lesbian pronouns xe xem rt become moots,3/10/2022 4:12,,en,0,0,0,[],[],0,0,,,,,,,,,,,Moderate
2336,new ed twitter rt moots leila minor cw gw ugw open meanspo thinspo,6/6/2022 1:48,,en,0,0,2,[],[],0,0,,,,,,,,,,,Moderate
2337,new ed twt cw kg gw ugw meanspo sweetspo hard ed thinspo anything tbh wanting find ed accounts follow back,6/6/2022 1:48,,en,1,0,1,[],[],0,0,,,,,,,,,,,Moderate
2338,new ed twt new ed sw gw h ed twt meanspo thinspo proana fatspo excited part community people relate,6/4/2022 23:56,,en,0,0,0,[],[],0,0,,,,,,,,,,,Moderate
2339,new ed twt like rt moots anime cm cw kg gw kg ugw kg thinspo sweetspo gore pls,5/27/2022 3:48,,en,0,0,0,[],[],0,0,,,,,,,,,,,Moderate
2340,new ed twt sweetspo thinspo meanspo hw kg cw kg ugw kg like rt mutuals,5/25/2022 7:15,,en,0,0,2,[],[],0,1,,,,,,,,,,,Moderate
2341,new edtwt cm ugw kg bi thinspo meanspo threads follow rt like moots,5/22/2022 8:14,,en,0,0,0,[],[],0,0,,,,,,,,,,,Moderate
2342,new edtwt cw ugly gw lbs ugw lbs like sweetspo fatspo thinspo rt like moots lt gore sh accs pls,5/22/2022 8:14,,en,1,0,0,[],[],0,0,,,,,,,,,,,Moderate
2343,new edtwt shtwt lurking new ed sh yuna cm ugw kg mixed ok w meanspo thinspo etc ok w gore post carrd bio info dni edtwt shtwt rt like moots,5/19/2022 17:10,,en,0,0,3,[],[],0,0,,,,,,,,,,,Moderate
2344,new edtwt pls support smol acc sw kg cw kg gw kg ug kg b moots,5/17/2022 5:43,,en,0,0,0,[],[],0,0,,,,,,,,,,,Moderate
2345,new edtwt height cw lbs kg ugw lbs kg vegetarian thinspo meanspo sweetspo rt like moots,5/15/2022 18:11,,en,0,0,0,[],[],0,1,,,,,,,,,,,Moderate
2346,new edtwt bi thinspo sweetspo cw gw ugw like rt moots,5/12/2022 17:02,,en,0,0,0,[],[],0,1,,,,,,,,,,,Moderate
2347,new edtwt retweet find relatable things list cw ugw lbs kg yo genderqueer losing weight pass medium hard side spos tomatoes purge sorta alcoholic green tea lazy little exercise pro ana,5/9/2022 17:04,,en,0,0,0,[],[],0,0,,,,,,,,,,,Moderate
2348,binge november,5/8/2022 19:34,,en,0,0,0,[],[],0,1,,,,,,,,,,,Moderate
2349,binge september group chat rules stay cals everyday nice sweetspo meanspo allowed fatspo binging obviously rt youre interested lets give got people,5/8/2022 18:08,,en,0,0,0,[],[],0,0,,,,,,,,,,,Moderate
2350,actually sweetspo meanspo please asking begging,5/6/2022 18:48,,en,0,0,1,[],[],0,0,,,,,,,,,,,Moderate
2351,food reward im almost look absolutely humongous,5/6/2022 18:48,,en,0,0,2,[],[],0,0,,,,,,,,,,,Moderate
2352,one absolutely one moment stomach starts growling,5/4/2022 5:51,,en,0,0,0,[],[],0,0,,,,,,,,,,,Moderate
2353,mom said eat fucking much eating small bowl full cherries like thank didnt know proana coach,5/3/2022 4:51,,en,0,0,4,[],[],0,1,,,,,,,,,,,Moderate
2354,eating days kill u u,5/1/2022 19:47,,en,0,0,1,[],[],0,0,,,,,,,,,,,Moderate
2355,new edtwt bitch deactivated months back calbaby ry genderfluid asf anime kpop pro ana recovery fatass stats cw lbs kg hw lbs kg sw lbs kg gw lbs kg ugw lbs kg rt mutuals lt,5/1/2022 17:35,,en,0,0,1,[],[],0,0,,,,,,,,,,,Moderate
2356,feeling invalidated im also stressed like isnt gonna make eat usual cause im gonna continue restricting weight gonna go idk ill ability go gym morning cramps,4/30/2022 3:12,,en,0,0,0,[],[],0,0,,,,,,,,,,,Moderate
2357,november starts tomorrow idc today last day fucking fatass cant believe im cals holy shit,4/6/2022 18:16,,en,1,0,1,[],[],0,1,,,,,,,,,,,Moderate
2358,know family see actually great incentive start unintentional meanspo,4/5/2022 7:09,,en,0,0,0,[],[],0,0,,,,,,,,,,,Moderate
2359,officially lowest weight since,3/20/2022 19:58,,en,0,0,5,[],[],0,1,,,,,,,,,,,Moderate
2360,ok im tripping edtwt fun im mad found ive dealing w shit,3/11/2022 10:13,,en,0,0,0,[],[],0,0,,,,,,,,,,,Moderate
2361,ok making ed gc bc want get know moots make friends let diets fast together gore pls send thinspo fatspo meanspo idc like babysitter let get close rt like reply added making tomorrow,2/17/2022 22:09,,en,0,1,1,[],[],0,0,,,,,,,,,,,Moderate
2362,ok like think promoting eating disorders relationships healthy wish one please dommy partner tell cannot cake pm stayed hime work bc ur sick u cannot go outside december,2/1/2022 21:25,,en,1,0,0,[],[],0,0,,,,,,,,,,,Moderate
2363,ok stomach bloated ate food ive long nap gone im still going gained know,2/1/2022 7:31,,en,1,0,0,[],[],0,0,,,,,,,,,,,Moderate
2364,ok like kinda bold might make gc age sweetspo meanspo thinspo fatspo gore fasting restricting send total calories weight ur comfortable become skinnies together retweet comment,1/15/2022 5:13,,en,0,0,0,[],[],0,0,,,,,,,,,,,Moderate
2365,okay since one gonna add ed gc making send thinspo meanspo sweetspo asked go diets fasts together nice like reply added,1/15/2022 5:13,,en,1,0,0,[],[],0,0,,,,,,,,,,,Moderate
2366,okay im making another edtwt gc shocker ikr duration days abc diet daily calorie count n photos ur comfortable rt dm included,1/9/2022 20:42,,en,0,0,0,[],[],0,0,,,,,,,,,,,Moderate
2367,omg might actually make fast without eating anything star struck,1/7/2022 10:44,,en,0,0,1,[],[],0,1,,,,,,,,,,,Moderate
2368,omg coworkers boss keep asking eat work even tho tell eat home make stop,1/7/2022 10:30,,en,0,0,0,[],[],0,0,,,,,,,,,,,Moderate
2369,august binge exercise daily lose weight closer ugw fast long jawline sharp hands thin waist small legs long thin thinspo,1/2/2022 1:37,,en,1,0,4,[],[],0,0,,,,,,,,,,,Moderate
2370,reach ugw allowed stop restricting keep restricting dont gain anything back,12/31/2021 23:08,,en,0,0,0,[],[],0,0,,,,,,,,,,,Moderate
2371,im lbs couple days ill little less stressed never truly rest til im lbs least lose another underweight,12/31/2021 23:07,,en,0,0,0,[],[],0,0,,,,,,,,,,,Moderate
2372,pro like everyone else pro,12/15/2021 21:35,,en,0,0,0,[],[],0,0,,,,,,,,,,,Moderate
2373,pinning reading whenever feel like bingeing using accountability thread log calories nov,12/14/2021 8:28,,en,0,0,4,[],[],0,1,,,,,,,,,,,Moderate
2374,pinning reach st gw end month meanspo,12/14/2021 8:24,,en,0,0,1,[],[],0,0,,,,,,,,,,,Moderate
2375,please ask friends mention eating disorders weight way yet find way somehow get topics conversation everytime see oh god,12/11/2021 1:26,,en,0,0,1,[],[],0,0,,,,,,,,,,,Moderate
2376,please rt post hard meanspo idc even sounds like mom need started hate seeing results long time,12/2/2021 20:40,,en,1,0,0,[],[],0,1,,,,,,,,,,,Moderate
2377,please someone thread workout make u lot weight really fast thanks using cuz one see tweet,12/1/2021 4:48,,en,0,0,0,[],[],0,0,,,,,,,,,,,Moderate
2378,pretty close current second ugw lbs go get days ive put meal next im gonna let reach,11/14/2021 22:54,,en,0,0,0,[],[],0,0,,,,,,,,,,,Moderate
2379,pretty sure ive drank enough add calories makes total day energy assignment soo might drink tomorrow well,11/10/2021 19:26,,en,0,0,0,[],[],0,0,,,,,,,,,,,Moderate
2380,proana gc hey lovelies wanted make gc details proana meanspo fasting thinspo weekly check strict gc events friendly retweet like,11/7/2021 21:25,,en,0,0,0,[],[],0,0,,,,,,,,,,,Moderate
2381,quick reminder loosing large amounts weight takes time dont upset dont see huge difference days fasting usually takes bout months see drastic changes depending eat isnt excuse keep binging,10/26/2021 21:02,,en,1,0,0,[],[],0,0,,,,,,,,,,,Moderate
2382,reached lowest recorded weight years congratulate edtwt desperate confirmation,10/25/2021 6:57,,en,0,0,0,[],[],0,0,,,,,,,,,,,Moderate
2383,reasons eat thread,10/25/2021 6:56,,en,3,0,0,[],[],0,0,,,,,,,,,,,Mild
2384,reasons eat thread,10/21/2021 19:28,,en,1,0,0,[],[],0,0,,,,,,,,,,,Mild
2385,reasons starve,10/15/2021 8:03,,en,0,0,0,[],[],0,0,,,,,,,,,,,Moderate
2386,reminder eat exercise,9/23/2021 21:10,,en,1,0,0,[],[],0,0,,,,,,,,,,,Moderate
2387,reminder every meanspo thing say directed towards,9/9/2021 22:27,,en,0,0,0,[],[],0,1,,,,,,,,,,,Moderate
2388,reply meanspo idc need get back track,9/2/2021 21:47,,en,0,0,0,[],[],0,0,,,,,,,,,,,Moderate
2389,rt joining gc motivate thinspo etc supporting weigh ins body checks etc youve follow able join cant add people doesnt follow,8/31/2021 17:56,,en,0,0,2,[],[],0,1,,,,,,,,,,,Moderate
2390,rt u wanna ana gc bodychecks meanspo thinspo encouraged must ali lgbt part age allowed flops pretend happen,8/31/2021 17:53,,en,1,0,1,[],[],0,0,,,,,,,,,,,Moderate
2391,rt eat less cals day literal baby,8/24/2021 6:33,,en,0,0,0,[],[],0,0,,,,,,,,,,,Moderate
2392,rt wanna join ana group chat without stay safe bullshit active want gc die like month gonna toxic ass group tips tricks u see ppl already rd rt,8/17/2021 6:24,,en,1,0,0,[],[],0,0,,,,,,,,,,,Moderate
2393,rt want added gc liquid fasting water fasting meal per day cals max high restriction cals max low restriction daily check ins intake lbs optional,8/15/2021 0:14,,en,0,0,0,[],[],0,0,,,,,,,,,,,Moderate
2394,rt comment gc meanspo thinspo sweetspo welcome fasts diets rlly chill pls nice unless meanspo asked love u guys im looking moots,8/8/2021 6:40,,en,0,0,0,[],[],0,0,,,,,,,,,,,Moderate
2395,rt reply join edtwt gc preferably moots first lt sensitive fast restrict diet together maybe send support send gore flops flops ig,5/26/2021 1:01,,en,0,0,3,[],[],0,0,,,,,,,,,,,Moderate
2396,rt gc get super close dont die funny swag idc selective uhh edtwt shtwt ig thats,4/28/2021 7:12,,en,0,0,1,[],[],0,0,,,,,,,,,,,Moderate
2397,rt meanspo thinsp gc bully coach,4/15/2021 8:35,,en,0,0,0,[],[],0,0,,,,,,,,,,,Moderate
2398,rt ed gc safe place share tips low cal meals group fasts pls funny want us become friends,4/4/2021 3:17,,en,1,0,1,[],[],0,0,,,,,,,,,,,Moderate
2399,rt moots lt new edtwt lost old pass gw lbs cw lbs like sweetspo meanspo thinspo,4/3/2021 22:18,,en,1,0,5,[],[],0,0,,,,,,,,,,,Moderate
2400,rt goin edtwt gc fatspo gt supportive lt group diets fasts gore thinspo diet talk,4/3/2021 2:35,,en,0,0,1,[],[],0,0,,,,,,,,,,,Moderate
2401,rt join hard ed gc meanspo thinspo whatever pro ana lol dont let die competitive fasting circles join ur fat,3/24/2021 2:03,,en,1,0,1,[],[],0,0,,,,,,,,,,,Moderate
2402,rt join proana gc mean meanspo thinspo etc active ffs honest fuck someone sends bodycheck see safe eat youre least try send much weigh often,3/23/2021 6:37,,en,0,0,1,[],[],0,0,,,,,,,,,,,Moderate
2403,rt join v toxic ed gc must okay meanspo fatspo thinspo etc toxic hoes send fav threads fatphobic make friends honestly vibe tags reach,3/17/2021 5:47,,en,0,0,0,[],[],0,0,,,,,,,,,,,Moderate
2404,rt join edtwt gc swearing welcome meanspo welcome eating disorders welcome challenges may added members want conversation welcome whether religious political etc,3/4/2021 6:06,,en,0,0,2,[],[],0,1,,,,,,,,,,,Moderate
2405,rt join ed twt gc fasting hunger games everyone must fasting anyone breaks fast leave everyone welcome share thinspo tips fasting meanspo sweetspo leave anytime affecting anyway flops didnt,3/4/2021 6:05,,en,0,0,0,[],[],0,0,,,,,,,,,,,Moderate
2406,rt join edtwt fasting gc fast long u get closer w oomfs encourage ppl,2/26/2021 20:50,,en,0,0,0,[],[],0,0,,,,,,,,,,,Moderate
2407,rt like comment join ed gc sweetspo meanspo thinspo etc allowed every race gender orientation etc accepted free pass ur kpop stan alt grunge body checks weigh ins allowed u also b toxic dont soft cya bros,2/26/2021 18:02,,en,0,0,0,[],[],0,0,,,,,,,,,,,Moderate
2408,rt dm comment edtwt gc meanspo thinspo proana allowed toxic dont join youre sensitive fasts diets together send tips recipes weigh ins body checks ur comfy active,2/26/2021 9:58,,en,0,0,0,[],[],0,0,,,,,,,,,,,Moderate
2409,rt like join ed gc creep get close become ed buddies fast diet together funny active let die softies send sweetspo thinspo fatspo send meanspo asked semi selective flops hacked,2/16/2021 20:21,,en,0,0,5,[],[],0,1,,,,,,,,,,,Moderate
2410,rt reply ed gc meanspo fatspo thinspo etc allowed fasting dieting together asf smiling cat face heart eyes kpoppies kinda selective,2/16/2021 20:18,,en,0,0,1,[],[],0,0,,,,,,,,,,,Moderate
2411,rt reply edtwt gc dont die dms open meanso thinspo etc allowed let fast together become close,2/13/2021 3:54,,en,0,0,1,[],[],0,0,,,,,,,,,,,Moderate
2412,saw tiktok guy talked abt eating habits image eating popped head made hungry dawg hate,2/12/2021 20:42,,en,0,0,1,[],[],0,0,,,,,,,,,,,Moderate
2413,saw tiktok said twice row im going aim please w list,2/10/2021 10:23,,en,1,0,2,[],[],0,0,,,,,,,,,,,Moderate
2414,seeing transformation pictures makes motivated,12/21/2019 3:36,,en,0,0,1,[],[],0,0,,,,,,,,,,,Moderate
2415,send meanspo tell eat pleassee literally gonna binge kms,11/3/2017 20:41,,en,0,0,5,[],[],0,0,,,,,,,,,,,Moderate
2416,send meanspo make feel guilty,7/19/2017 22:58,,en,0,1,1,[],[],0,0,,,,,,,,,,,Moderate
2417,send meanspo please failure istg say love literally jsut say loved would bully,6/9/2017 6:33,,en,1,0,0,[],[],0,0,,,,,,,,,,,Moderate
2418,asked multiple times today kinda snapped little felt bad turned joke said ate noodles noodles long time,3/31/2017 7:03,,en,0,0,1,[],[],0,0,,,,,,,,,,,Moderate
2419,shit im switching clear skin subliminal cant take anymore hate,3/30/2017 6:11,,en,0,0,1,[],[],0,0,,,,,,,,,,,Moderate
2420,stop counting fruit cals almost daily calories fruit cals like know im still gonna gain theyre good like,2/11/2017 2:54,,en,1,0,3,[],[],0,0,,,,,,,,,,,Moderate
2421,probably made first new lt cm idk gw kg thinspo meanspo sweetspo pls reply u suggestions start rt mutuals lt,1/3/2017 18:16,,en,0,0,0,[],[],0,0,,,,,,,,,,,Moderate
2422,since im new ed twt sw lb ugw lb maybe lower kpop movies reading hard ed twt meanspo thinspo proana want people hold accountable mutuals,1/1/2017 2:54,,en,0,0,1,[],[],0,0,,,,,,,,,,,Moderate
2423,since friday wanna get baked finish hw workout im scared ill get munchies n break fast stoners,11/21/2016 7:40,,en,0,0,1,[],[],0,0,,,,,,,,,,,Moderate
2424,since gc died im making new one rt reply u wanna join edtwt gc thinspo sweetspo occasional meanspo daily weigh ins much u lost uncomfy diets exercise routines helping eachother w binging etc,10/1/2016 18:33,,en,0,0,0,[],[],0,0,,,,,,,,,,,Moderate
2425,skinny summer gc fairy medium light skin tone fasting diets together share thinspo meanspo tips break fast diet get kicked mbf rt reply added bae hard toxic ed twt,9/22/2016 23:28,,en,0,0,0,[],[],0,0,,,,,,,,,,,Moderate
2426,smthn winter feels anorexic dont,8/19/2016 19:47,,en,0,0,1,[],[],0,0,,,,,,,,,,,Moderate
2427,im starting ed hunger games groupchat rules fast least hours every day always restrict calories day thinspo meanspo much allowed whoever highest bmi end month removed like follow added,8/19/2016 19:44,,en,1,0,1,[],[],0,0,,,,,,,,,,,Moderate
2428,bf made breakfast many calories yall think one egg salsa pomegranate watermelon kiwi honeydew blueberries,8/12/2016 22:51,,en,0,0,2,[],[],0,0,,,,,,,,,,,Moderate
2429,stepsister wants visit inpatient anorexia couple years ago im scared seeing trigger ive avoiding cost like miss,8/8/2016 0:17,,en,0,0,0,[],[],0,0,,,,,,,,,,,Moderate
2430,edtwt gc ppl workout challenges fasts share recipes together new friends keep accountable want smaller im gonna cap rt u wanna join follow everyone u get added,8/6/2016 3:11,,en,0,1,1,[],[],0,0,,,,,,,,,,,Moderate
2431,fav thinspo bonespo use trigger thread,8/3/2016 19:00,,en,0,0,0,[],[],0,0,,,,,,,,,,,Moderate
2432,u understand would willingly commit multiple crimes ugw,7/21/2016 23:40,,en,0,0,4,[],[],0,0,,,,,,,,,,,Moderate
2433,someone give meanspo even though lost like pounds within weeks taken yesterday,7/15/2016 7:01,,en,0,0,0,[],[],0,0,,,,,,,,,,,Moderate
2434,someone give meanspo pls idc call fat,6/11/2022 10:37,,en,0,0,0,[],[],0,0,,,,,,,,,,,Moderate
2435,sometimes open fridge stare im hungry anymore,6/11/2022 10:37,,en,0,1,1,[],[],0,1,,,,,,,,,,,Moderate
2436,sometimes occurs need lbs bmi im short,6/11/2022 10:35,,en,0,0,0,[],[],0,0,,,,,,,,,,,Moderate
2437,sorry got released hospital today question old first started,6/11/2022 10:31,,en,0,0,0,[],[],0,0,,,,,,,,,,,Moderate
2438,sorry mentally ill concept proana sugar daddy good amount weight lose knew get paid,6/11/2022 9:58,,en,0,0,1,[],[],0,0,,,,,,,,,,,Moderate
2439,starting group anas gals comment rt ill add lt share cal weigh ins optional encouraged share workouts recipes support make friends meanspo thinspo sweetspo fatspo maybe little competition,6/11/2022 9:22,,en,0,0,0,[],[],0,0,,,,,,,,,,,Moderate
2440,starting new ed gc retweet added must minor preferably semi new edtwt meanspo thinspo sweetspo maybe diet fast together optional nice active maybe weight ins optional anything ed related,6/11/2022 9:10,,en,3,22,59,[],[],0,1,,,,,,,,,,,Moderate
2441,starting ed gc smiling cat face heart eyes gore sh homophobia racism help fasting diets every gender aloud well respect prounouns sexuality star struck rt join,6/11/2022 8:43,,en,0,0,1,[],[],0,0,,,,,,,,,,,Moderate
2442,starting anorexia today lets see goes j,6/11/2022 3:18,,en,0,0,1,[],[],0,0,,,,,,,,,,,Moderate
2443,starting anorexia today tips,6/11/2022 1:54,,en,0,0,1,[],[],0,0,,,,,,,,,,,Moderate
2444,starting anorexia tomorrow,6/11/2022 1:53,,en,1,0,1,[],[],0,1,,,,,,,,,,,Moderate
2445,starting ed today join lose weight school,6/11/2022 0:55,,en,0,0,0,[],[],0,0,,,,,,,,,,,Moderate
2446,starting fast goodluck guess,6/11/2022 0:52,,en,1,0,2,[],[],0,1,,,,,,,,,,,Moderate
2447,starting small ed gc stay active funny weekly weigh ins must fast restrict gore thinspo meanspo etc send total calories diet plans prob accepting people maybe rt comment join,6/11/2022 0:48,,en,0,0,1,[],[],0,1,,,,,,,,,,,Moderate
2448,stop dry fasting dummies dont drinking disorders eating disorders stick specialties,6/10/2022 11:12,,en,0,0,0,[],[],0,0,,,,,,,,,,,Moderate
2449,stop fucking posting eating disorders tiktok please trigger badly stop stop please,6/10/2022 11:06,,en,0,1,3,[],[],0,0,,,,,,,,,,,Moderate
2450,subliminals work listen subliminal playlist feels like someone pushing stomach always slim notice fast results start listening youll amazed results make sure stay hydrated,6/10/2022 10:36,,en,0,0,2,[],[],0,0,,,,,,,,,,,Moderate
2451,summer shit ive gained nearly kg school routine mental health worse ever,6/10/2022 10:30,,en,0,0,0,[],[],0,0,,,,,,,,,,,Moderate
2452,supersize vs superskinky master motivator,6/10/2022 10:03,,en,1,0,1,[],[],0,0,,,,,,,,,,,Moderate
2453,text want cause need one,6/10/2022 10:01,,en,1,0,1,[],[],0,0,,,,,,,,,,,None
2454,thank gonna post picture mom got case told needed eat real dinner ended eating planned got creative cute maybe post idk,6/10/2022 8:38,,en,0,0,0,[],[],0,0,,,,,,,,,,,Moderate
2455,nap absolutely nothing still gained yesterday,6/10/2022 8:05,,en,0,0,0,[],[],0,0,,,,,,,,,,,Moderate
2456,best feeling wearing baggy hoodie seeing skinny legs comparison,6/10/2022 8:05,,en,0,0,1,[],[],0,1,,,,,,,,,,,Moderate
2457,biggest meanspo fact still get period,6/10/2022 7:48,,en,0,0,1,[],[],0,1,,,,,,,,,,,Moderate
2458,feeling empty stomach growling hungry makes feel skinny,6/10/2022 6:03,,en,0,0,1,[],[],0,0,,,,,,,,,,,Moderate
2459,feeling pure intense hunger im feeling rn power truest form,6/10/2022 5:42,,en,0,0,0,[],[],0,0,,,,,,,,,,,Moderate
2460,gc dead figured id make new one rt wanna new improved cult gc fast diet workout together give tips send recipes thinspo etc okay proana shit obviously dont sensitive,6/10/2022 5:39,,en,0,0,0,[],[],0,0,,,,,,,,,,,Moderate
2461,goal lose least lbs february get doesnt happen youre never hearing,6/10/2022 5:35,,en,0,0,0,[],[],0,0,,,,,,,,,,,Moderate
2462,hungrier fat burn,6/10/2022 1:07,,en,0,0,1,[],[],0,0,,,,,,,,,,,Moderate
2463,stages fasting thread,6/10/2022 0:55,,en,0,0,1,[],[],0,0,,,,,,,,,,,Moderate
2464,stronger self control faster ill get goal,6/9/2022 11:33,,en,0,0,0,[],[],0,1,,,,,,,,,,,Moderate
2465,things would go bakery right,6/9/2022 11:17,,en,0,0,0,[],[],0,0,,,,,,,,,,,Moderate
2466,urge bake fresh cream fruit cake eat,6/9/2022 10:55,,en,0,0,0,[],[],0,0,,,,,,,,,,,Moderate
2467,urge starve day vs eat healthy go gym,6/9/2022 10:50,,en,1,2,3,[],[],0,0,,,,,,,,,,,Moderate
2468,way pride taste books started reading classics age level english literature yet im sat rereading twilight protagonists thin pretty motivate starve,6/9/2022 7:47,,en,0,0,0,[],[],0,1,,,,,,,,,,,Moderate
2469,way ugw pinned temporary like want see long takes get lbs keep losing,6/9/2022 7:46,,en,0,0,1,[],[],0,0,,,,,,,,,,,Moderate
2470,worst thing edtwt seeing school kids really really bad refuse accept professional health wishing could accepted mental health care teen never thought triggered way,6/9/2022 7:09,,en,0,0,0,[],[],0,0,,,,,,,,,,,Moderate
2471,hoes rlly bein pounds complaining gaining pound like wanna skinny bad ahahah like im like lbs idfk dont scale ahahah ahahaaha time never eat ever hahah,6/9/2022 7:06,,en,0,0,4,[],[],0,0,,,,,,,,,,,Moderate
2472,things instead eat thread,6/9/2022 7:01,,en,1,0,0,[],[],0,0,,,,,,,,,,,Moderate
2473,things suppress appetite thread w thinspo thinspo bonespo meanspo sweetspo ana edtwt,6/9/2022 6:16,,en,0,0,0,[],[],0,0,,,,,,,,,,,Moderate
2474,thinking getting eating disorder tips start,6/9/2022 6:13,,en,0,0,0,[],[],0,1,,,,,,,,,,,Moderate
2475,thinspo thread meanspo help prevent bingeing lt,6/9/2022 5:25,,en,0,1,4,[],[],0,1,,,,,,,,,,,Moderate
2476,thank gonna mess fast made think worth break,6/9/2022 5:15,,en,0,1,1,[],[],0,0,,,,,,,,,,,Moderate
2477,hard pill swallow needed,6/8/2022 10:34,,en,0,0,0,[],[],0,0,,,,,,,,,,,Moderate
2478,better soon,6/8/2022 10:32,,en,0,1,1,[],[],0,0,,,,,,,,,,,None
2479,keeps fasting,6/8/2022 10:29,,en,0,0,0,[],[],0,0,,,,,,,,,,,Moderate
2480,lucozade making bloat instantly feel full disgusting,6/8/2022 9:15,,en,0,0,0,[],[],0,0,,,,,,,,,,,Moderate
2481,might flop wanna make competitive ed gc rt like join start theres enough candidates wake end week tell eachother much lost well rank least share binged purged go,6/8/2022 8:50,,en,0,0,1,[],[],0,0,,,,,,,,,,,Moderate
2482,plea comes former self proclaimed ana butterfly thought good thing lose much weight forced gain sounds fun,6/8/2022 8:40,,en,0,0,0,[],[],0,0,,,,,,,,,,,Moderate
2483,stolen lol abc diet group chat get skinny new year rules stick diet others feel like binging mean rly competitive starting november st rt reply join,6/8/2022 8:20,,en,0,0,1,[],[],0,0,,,,,,,,,,,Moderate
2484,probably flop haha wanna start hard ana group chat send thinspo meanspo bonespo help restrict organise fasts calorie limits rt youre interested xx,6/8/2022 7:52,,en,1,1,1,[],[],0,1,,,,,,,,,,,Moderate
2485,thread people feel like arent valid tw mentions purging fasting restriction calorie counting relapse recovery,6/8/2022 7:37,,en,0,0,1,[],[],0,0,,,,,,,,,,,Moderate
2486,tl dead follow spree rt like comment post pov ur fat friend lowcal meals meal plans grunge alt aesthetics kpop thinspo fancams triggering content dni recovery dni non ed,6/8/2022 6:48,,en,0,0,1,[],[],0,0,,,,,,,,,,,Moderate
2487,tmr bday friend wants us go korean restaurant jajangmyeon like calories im gonna kill,6/8/2022 6:34,,en,0,1,4,[],[],0,0,,,,,,,,,,,Moderate
2488,clothes become way big skinny perfect body,6/8/2022 6:31,,en,0,0,0,[],[],0,0,,,,,,,,,,,Moderate
2489,today eat today eat today eat today eat today eat today eat today eat today skinny,6/8/2022 6:11,,en,0,0,0,[],[],0,0,,,,,,,,,,,Moderate
2490,toxic ed gc rt join mandatory weigh ins body checks group fasts diets toxic meanspo extremely encouraged thinspo bonespo encouraged fatspo allowed problematic person active rules posted gc,6/8/2022 6:11,,en,0,0,1,[],[],0,0,,,,,,,,,,,Moderate
2491,toxic edtwt gc bodychecks optional weigh ins monday friday thinspo bonespo fatspo meanspo rt join lt,6/8/2022 5:17,,en,0,0,0,[],[],0,0,,,,,,,,,,,Moderate
2492,tried clothes realised full bloated stomach almost flat treated chocolate covered strawberries roommate made feel guilty,6/8/2022 5:14,,en,0,0,0,[],[],0,1,,,,,,,,,,,Moderate
2493,tw ed new ed twt teen bi gw thinspo meanspo pro recovery lt rt mutuals smth,6/8/2022 5:08,,en,0,0,0,[],[],0,1,,,,,,,,,,,Moderate
2494,tw ed new edtwt new account lt minor thinspo meanspo pro recovery gw rt moots,6/8/2022 4:11,,en,0,0,0,[],[],0,0,,,,,,,,,,,Moderate
2495,tw ed hello im kinda new pan height cm cw kg lbs ugw kg lbs kpop stan anime fat shaming thinspo sweetspo supports recovery lt g rt like moots pics pin lt,6/8/2022 4:04,,en,0,0,0,[],[],0,1,,,,,,,,,,,Moderate
2496,tw bodycheck fit size shorts without stretching yes still well aware thighs still fat working,6/8/2022 4:00,,en,1,0,1,[],[],0,0,,,,,,,,,,,Moderate
2497,tw kinda want go diet momo predebut ribs beautiful,6/8/2022 3:59,,en,0,0,0,[],[],0,0,,,,,,,,,,,Moderate
2498,tw thinspo bonespo cute food imagens cuz trigger bad thread part,6/8/2022 3:59,,en,0,0,0,[],[],0,0,,,,,,,,,,,Moderate
2499,tw new ed twt sw cw ugw thinspo meanspo fatspo pro recovery rt moots,6/8/2022 3:57,,en,0,0,0,[],[],0,0,,,,,,,,,,,Moderate
2500,tw new ed twt minor cm cw kg ugw kg thinspo meanspo pro recovery rt moots,6/8/2022 2:31,,en,0,0,0,[],[],0,0,,,,,,,,,,,Moderate
2501,tw ed new edtwt pan measpo sweetspo thinspo cw kg gw kg rt moots pls,6/8/2022 2:06,,en,0,0,0,[],[],0,0,,,,,,,,,,,Moderate
2502,tw ed deactivate bc mental reasons n lost mutuals queer sw cw gw height thinspo meanspo sweetspo plz sh rt mutuals,6/8/2022 1:52,,en,1,0,1,[],[],0,0,,,,,,,,,,,Moderate
2503,occasional carbs good high sodium things high added sugar natural sugar foods like fruits good u,6/8/2022 0:53,,en,0,0,1,[],[],0,0,,,,,,,,,,,Mild
2504,thread best low cal snacks meals yummy actually make feel full,6/7/2022 22:44,,en,1,0,0,[],[],0,0,,,,,,,,,,,Moderate
2505,also rip edtwt rt moots arent like,6/7/2022 8:45,,en,0,0,1,[],[],0,1,,,,,,,,,,,Mild
2506,twt gc adults space share adult thoughts semi selective likely gore since like join,6/7/2022 7:53,,en,0,0,0,[],[],0,0,,,,,,,,,,,Mild
2507,bought eight pack pineapple sp ndrift b om chika p p,6/7/2022 7:30,,en,0,0,1,[],[],0,0,,,,,,,,,,,Mild
2508,u watch ton n tflix shows food help hunger pains normal,6/7/2022 6:07,,en,0,0,0,[],[],0,0,,,,,,,,,,,Mild
2509,look eating something keep body alive something enjoy genuinely normal,6/7/2022 0:33,,en,0,0,0,[],[],0,0,,,,,,,,,,,Moderate
2510,edtwt rt like want moots age pls ur age ur bio obvi,6/7/2022 0:24,,en,0,0,0,[],[],0,0,,,,,,,,,,,Mild
2511,egg whites omad furikake hits different,6/6/2022 23:35,,en,0,0,0,[],[],0,1,,,,,,,,,,,Mild
2512,friends need something drink water tea try simply light lemonade raspberry cals per oz satisfies desire sweet flavor dont feel like eating ice cream anything,6/6/2022 23:04,,en,0,0,2,[],[],0,1,,,,,,,,,,,Moderate
2513,friends need something drink water tea try simply light lemonade strawberry cals per oz satisfies desire sweet flavor dont feel like eating ice cream anything,6/6/2022 10:23,,en,0,0,0,[],[],0,1,,,,,,,,,,,Moderate
2514,fuck im getting c ke zero today made ugw,6/6/2022 9:25,,en,0,0,0,[],[],0,0,,,,,,,,,,,Mild
2515,guys im pounds ugw,6/6/2022 7:16,,en,0,0,0,[],[],0,0,,,,,,,,,,,Moderate
2516,anyone tried almond honey flat white sbux,6/6/2022 4:46,,en,0,0,0,[],[],0,1,,,,,,,,,,,Mild
2517,hey edtwt uh need moots gore fatphobia tho please rt,6/6/2022 4:40,,en,0,1,2,[],[],0,0,,,,,,,,,,,Mild
2518,hi guess im new looking mutuals,6/6/2022 3:08,,en,0,0,0,[],[],0,0,,,,,,,,,,,Mild
2519,hi im kay hard talk anyone brand new edtwt looking mutuals im nice unless want mean promise,6/6/2022 2:15,,en,1,1,2,[],[],0,0,,,,,,,,,,,Mild
2520,hi looking moots rt edtwt minors dni post fatspo bodyshame fatphobic gore hard edtwt toxic proana know hard find mutuals nowadays want curate timeline safe space,6/6/2022 2:08,,en,0,0,1,[],[],0,0,,,,,,,,,,,Mild
2521,talk someone ed like dad ask whats wrong disgusted sounding way yes know im eating isnt normal supposed make feel better supposed make feel loved safe tell problems,6/6/2022 2:05,,en,0,0,0,[],[],0,0,,,,,,,,,,,Moderate
2522,havent eaten anything today im hit ugw high im afraid ill gain like five pounds lol kinda want halo top though,6/6/2022 2:05,,en,0,0,0,[],[],0,0,,,,,,,,,,,Mild
2523,made tea instead getting soda suffer grass water,6/6/2022 0:30,,en,1,2,3,[],[],0,1,,,,,,,,,,,Mild
2524,want edtwt friends rt ill follow u,6/5/2022 21:54,,en,0,0,2,[],[],0,0,,,,,,,,,,,Mild
2525,im double digits guys,6/5/2022 11:03,,en,0,0,0,[],[],0,0,,,,,,,,,,,Mild
2526,im never posting stats body checks bc ik someone use roast edtwt war,6/5/2022 11:02,,en,0,0,0,[],[],0,0,,,,,,,,,,,Mild
2527,idc youre soft edtwt hard edtwt im vent youre nice ill nice,6/5/2022 9:47,,en,0,0,0,[],[],0,0,,,,,,,,,,,Mild
2528,idk u nana nana k anime manga series nana ultimate thinspo,6/5/2022 8:00,,en,0,0,0,[],[],0,0,,,,,,,,,,,Moderate
2529,idk guys help binging think impossibly obtainable food like isnt k sundae serendipity three im gonna binge cheez,6/5/2022 8:00,,en,0,0,1,[],[],0,0,,,,,,,,,,,Mild
2530,food something eat pass normal,6/5/2022 7:58,,en,0,0,2,[],[],0,0,,,,,,,,,,,Mild
2531,exciting day someone get take,6/5/2022 7:34,,en,0,0,0,[],[],0,0,,,,,,,,,,,Mild
2532,kinda want diet c ke kinda dont want teeth rot,6/5/2022 7:32,,en,0,0,1,[],[],0,0,,,,,,,,,,,Mild
2533,kpop know yall exist,6/5/2022 7:27,,en,0,0,0,[],[],0,0,,,,,,,,,,,None
2534,looking photos didnt thigh gap ooh boy,6/5/2022 7:01,,en,0,0,0,[],[],0,0,,,,,,,,,,,Mild
2535,looking forward buying ingredients cal protein shakes tomorrow staying full binging house flexed biceps medium light skin tone,6/5/2022 5:54,,en,0,0,1,[],[],0,0,,,,,,,,,,,Moderate
2536,almost daily tweet asking mutuals please want friends,6/5/2022 5:52,,en,0,0,0,[],[],0,0,,,,,,,,,,,Mild
2537,friend talking lowest weight lbs shes nowhere near laughing nervously lbs,6/4/2022 23:31,,en,0,0,0,[],[],0,1,,,,,,,,,,,Mild
2538,ultimate rl thinspo alythuh shes gorgeous could cry,6/4/2022 10:35,,en,0,0,1,[],[],0,0,,,,,,,,,,,Moderate
2539,waist cm,6/4/2022 10:10,,en,0,0,0,[],[],0,0,,,,,,,,,,,Mild
2540,oh friend chew spit,6/4/2022 9:56,,en,0,0,0,[],[],0,0,,,,,,,,,,,None
2541,pineapple sp ndrift omg,6/4/2022 9:55,,en,0,0,3,[],[],0,0,,,,,,,,,,,Mild
2542,psa live near p nera theyre free unlimited coffee thing get free hot iced coffee every two hours wont charge sometime sept cancel,6/4/2022 9:53,,en,0,0,3,[],[],0,0,,,,,,,,,,,Mild
2543,quick diet dr p pper good used love normal kind,6/4/2022 9:53,,en,0,0,1,[],[],0,0,,,,,,,,,,,Mild
2544,real question someone doesnt drink soda diet soda good,6/4/2022 9:52,,en,0,0,1,[],[],0,0,,,,,,,,,,,Mild
2545,rt ur edtwt follow u pls,6/4/2022 8:39,,en,0,0,0,[],[],0,0,,,,,,,,,,,Mild
2546,get chipotle salad burrito bowl brown rice,6/4/2022 8:30,,en,0,0,0,[],[],0,0,,,,,,,,,,,Mild
2547,bought baby food lets see goes,6/4/2022 8:12,,en,0,0,0,[],[],0,0,,,,,,,,,,,Mild
2548,sometimes miss eating without feeling guilty remember inch waist thighs touched like,6/4/2022 8:11,,en,0,0,1,[],[],0,0,,,,,,,,,,,Moderate
2549,thank goodness parents dont sit table eat c steak cheese quesadilla mom tried make eat,6/4/2022 8:00,,en,0,1,0,[],[],0,0,,,,,,,,,,,Mild
2550,employee coffee stand told strong getting cold brew without anything thinking nah hate want suppress hunger,6/4/2022 7:41,,en,0,0,0,[],[],0,0,,,,,,,,,,,Mild
2551,thinking going mcds extra small diet coke treat,6/4/2022 7:25,,en,0,0,0,[],[],0,0,,,,,,,,,,,Mild
2552,watching zach choi eat onion rings makes everything okay,6/4/2022 7:24,,en,0,0,0,[],[],0,0,,,,,,,,,,,Mild
2553,lbs kg,6/4/2022 5:35,,en,0,0,0,[],[],0,0,,,,,,,,,,,Mild
2554,love see,6/4/2022 4:23,,en,0,0,0,[],[],0,0,,,,,,,,,,,None
2555,everyone eat want something salty crunchy im tired saltines lol,6/3/2022 9:45,,en,0,0,0,[],[],0,1,,,,,,,,,,,Mild
2556,whats good food eat havent real food days,6/3/2022 8:02,,en,0,0,0,[],[],0,0,,,,,,,,,,,Mild
2557,whats like calorie meals ive forgotten,6/3/2022 8:01,,en,0,0,0,[],[],0,0,,,,,,,,,,,Moderate
2558,pair lululem n leggings used tight loose flex indeed,6/3/2022 8:01,,en,0,0,0,[],[],0,0,,,,,,,,,,,Mild
2559,ed weebs talk haikyuu irls never want talk,6/3/2022 7:26,,en,0,0,0,[],[],0,0,,,,,,,,,,,Mild
2560,hard find ed accounts arent know adults dont shit together,6/3/2022 7:08,,en,0,0,0,[],[],0,0,,,,,,,,,,,Mild
2561,guys think aa bowl healthy treat meal hitting ugw damn im hungry,6/3/2022 2:42,,en,0,1,1,[],[],0,0,,,,,,,,,,,Mild
2562,ednos like eats like normal person cries fasts days cries cuz im hungry binges cries,6/3/2022 2:39,,en,0,0,0,[],[],0,0,,,,,,,,,,,Mild
2563,edtwt november month rt lose lbs,6/3/2022 2:38,,en,0,0,0,[],[],0,0,,,,,,,,,,,Mild
2564,hi im new ed twt rt like mutuals x,6/3/2022 2:36,,en,0,0,0,[],[],0,0,,,,,,,,,,,Mild
2565,cant workout wrist splint feel awful also birthday weekend ate much crap im disappointment,6/3/2022 2:36,,en,0,0,4,[],[],0,0,,,,,,,,,,,Mild
2566,hope flop active retweet would like follow moots people age,6/2/2022 8:39,,en,0,0,1,[],[],0,0,,,,,,,,,,,Mild
2567,wished looked like,6/2/2022 8:36,,en,0,0,1,[],[],0,0,,,,,,,,,,,None
2568,im going make group chat u wanna join message rt,6/2/2022 8:35,,en,0,0,1,[],[],0,0,,,,,,,,,,,Mild
2569,ive self harmed want carry,6/2/2022 7:45,,en,0,0,0,[],[],0,0,,,,,,,,,,,Mild
2570,woke pounds lighter smiling cat face heart eyes smiling cat face heart eyes rt manifest,6/2/2022 0:34,,en,0,0,0,[],[],0,0,,,,,,,,,,,Mild
2571,every body beautiful matter mine tho smiling face heart eyes smiling cat face heart eyes,6/2/2022 0:07,,en,0,0,0,[],[],0,0,,,,,,,,,,,Mild
2572,rt body,6/2/2022 0:04,,en,0,0,0,[],[],0,0,,,,,,,,,,,None
2573,keep stuffing fat face shitty food body want need control,6/1/2022 10:24,,en,0,0,1,[],[],0,0,,,,,,,,,,,Mild
2574,hrrgnh edtwt im trying sneak around kitchen im dummy thicc clap ass cheeks keeps alerting ed,6/1/2022 5:14,,en,0,0,0,[],[],0,0,,,,,,,,,,,Mild
2575,guys finished october calendar anyone use mind hope helps,6/1/2022 4:44,,en,0,0,1,[],[],0,0,,,,,,,,,,,Mild
2576,forgot tag anyways,6/1/2022 4:41,,en,0,2,2,[],[],0,1,,,,,,,,,,,None
2577,left edtwt crying entered binge circle binged first day june everyone tl started posting stuff like pathetic binging st june anyone needs always second chance tomorrow another day,6/1/2022 4:34,,en,1,0,1,[],[],0,0,,,,,,,,,,,Mild
2578,requested baby blue stay hydrated safe ily,6/1/2022 2:39,,en,0,0,1,[],[],0,0,,,,,,,,,,,Mild
2579,friendly reminder stay safe indoors everyone still restrict risks higher please keep mind,6/1/2022 2:27,,en,0,0,0,[],[],0,0,,,,,,,,,,,Mild
2580,dont love ed gives anxiety depression doesnt give underweight part cuz,6/5/2022 14:57,,en,0,0,1,[],[],0,0,,,,,,,,,,,Mild
2581,edtwt comes four flavors kpop goth pastel sanrio,9/1/2020 2:43,,en,0,0,1,[],[],0,1,,,,,,,,,,,Mild
2582,new mind rt possibly get mutuals,12/28/2018 11:06,,en,0,2,3,[],[],0,0,,,,,,,,,,,Mild
2583,bitches like heh edtwt vent ed tweet every thought except disordered ones wanna triggering,5/9/2017 6:34,,en,0,0,1,[],[],0,0,,,,,,,,,,,Mild
2584,posted reddit fun knee people keep commenting toxic edtwt help,4/7/2017 13:30,,en,0,0,0,[],[],0,0,,,,,,,,,,,Mild
2585,scrolling edtwt devouring fattest pb sandwich history mankind,3/11/2017 9:55,,en,0,0,8,[],[],0,1,,,,,,,,,,,Mild
2586,like ed reddit though people interact edtwt people see shit still weak,1/25/2017 12:11,,en,1,0,0,[],[],0,0,,,,,,,,,,,Mild
2587,hungry youre,11/27/2016 7:35,,en,0,1,1,[],[],0,0,,,,,,,,,,,Mild
2588,disgusting monster hi im new edtwt came tumblr sorry joining august im spy swear,11/5/2016 8:51,,en,0,0,1,[],[],0,0,,,,,,,,,,,Mild
2589,fatspo thread edtwt enjoy,10/10/2016 12:25,,en,0,0,1,[],[],0,0,,,,,,,,,,,Mild
2590,oh look like,9/15/2016 5:20,,en,0,0,1,[],[],0,0,,,,,,,,,,,None
2591,unpinning till reach gw,7/27/2016 1:29,,en,0,0,0,[],[],0,0,,,,,,,,,,,Mild
2592,blame us develope ed tweet shit like edtwt proana forces people eds,7/13/2016 3:02,,en,0,0,1,[],[],0,0,,,,,,,,,,,Mild
2593,anon everyone edtwt white,7/11/2016 11:21,,en,0,0,2,[],[],0,1,,,,,,,,,,,Mild
2594,edtwt spend shopping day comfort thread,6/18/2016 22:54,,en,0,0,1,[],[],0,0,,,,,,,,,,,Mild
2595,bitches lying edtwt make think symptoms ed make bad person lmaoo yall like ur ed isnt excuse ed symptom,6/17/2016 8:46,,en,0,0,0,[],[],0,0,,,,,,,,,,,Mild
2596,high risk getting ed dont go edtwt also makes tiktok talking edtwt knowing recovering people young children see shit way blocking possibly harming tagging posts tw,6/17/2016 8:37,,en,1,0,0,[],[],0,0,,,,,,,,,,,Mild
2597,hi im new call jupiter black occasionally edtwt rt moots,5/11/2016 6:56,,en,0,0,9,[],[],0,0,,,,,,,,,,,Mild
2598,nobody likes edtwt shade room followers wtf lying,5/2/2016 4:38,,en,0,0,1,[],[],0,0,,,,,,,,,,,Mild
2599,see anywhere around edtwt please make sure tell person posted delete pics thanks lt,4/28/2016 1:26,,en,0,0,2,[],[],0,0,,,,,,,,,,,Mild
2600,seeing sapphics shtwt edtwt,4/22/2016 1:00,,en,0,1,1,[],[],0,0,,,,,,,,,,,Mild
2601,oh god hope find edtwt,4/21/2016 3:29,,en,0,0,0,[],[],0,0,,,,,,,,,,,Mild
2602,p v ur fat friend arent good ill add u want name credit orgies non edtwt dni ill binge ur family xx,4/19/2016 23:12,,en,0,0,1,[],[],0,0,,,,,,,,,,,Mild
2603,shtwt edtwt places scroll without feeling extreme amount anxiety,4/14/2016 23:30,,en,0,0,2,[],[],0,0,,,,,,,,,,,Mild
2604,saw edtwt vid wanted make one shtwt tried funny okay,4/9/2016 1:06,,en,0,1,2,[],[],0,0,,,,,,,,,,,Mild
2605,exposing work written actual pro recovery member edtwt thread,4/8/2016 14:29,,en,0,0,3,[],[],0,0,,,,,,,,,,,Mild
2606,purge coming someone habit purging please rt thread,3/28/2016 15:16,,en,0,0,0,[],[],0,0,,,,,,,,,,,Mild
2607,behold edtwt hydration inator every single person sees go drink glass water,3/20/2016 14:57,,en,0,0,0,[],[],0,0,,,,,,,,,,,Mild
2608,dont know friend forced go doctors dont eat say doctor dont need want help tips,3/19/2016 23:55,,en,0,0,1,[],[],0,0,,,,,,,,,,,Mild
2609,dont know friend forced go doctors dont eat say doctor dont need want help tips,3/19/2016 23:54,,en,1,0,1,[],[],0,0,,,,,,,,,,,Mild
2610,im hungry crave pizza bad,6/9/2022 21:14,,en,0,0,7,[],[],0,0,,,,,,,,,,,Mild
2611,im hungry damn,6/9/2022 12:22,,en,1,2,6,[],[],0,0,,,,,,,,,,,Mild
2612,rt make mutuals friends,6/7/2022 8:24,,en,0,0,3,[],[],0,0,,,,,,,,,,,Mild
2613,pov sleepover edtwt sleepover poll,6/7/2022 7:02,,en,1,1,5,[],[],0,0,,,,,,,,,,,Mild
2614,alright edtwt common ed comorbidity u diagnosed pls rt voting,6/7/2022 7:01,,en,0,0,0,[],[],0,0,,,,,,,,,,,Mild
2615,edtwt compare hw ugw,6/7/2022 4:13,,en,1,0,3,[],[],0,0,,,,,,,,,,,Mild
2616,edtwt polls distract spend day edition rt like,6/7/2022 2:35,,en,0,3,15,[],[],0,0,,,,,,,,,,,Mild
2617,expose thread wherertheblades,6/7/2022 2:07,,en,2,0,15,[],[],0,0,,,,,,,,,,,Mild
2618,fun questions edtwt poll thread distract urself,6/7/2022 1:44,,en,1,1,19,[],[],0,0,,,,,,,,,,,Mild
2619,question edtwt listen mind body,6/6/2022 8:47,,en,0,0,2,[],[],0,0,,,,,,,,,,,Mild
2620,interactive thread ur crush significant asked u picnic date pls retweet look picture choosing somewhat cottagecore themed edtwt thread,6/6/2022 8:33,,en,0,0,3,[],[],0,0,,,,,,,,,,,Mild
2621,understandable fatphobic thoughts edtwt thats eds work second project onto others start recklessly hurting people lose respect u,6/6/2022 5:05,,en,0,0,0,[],[],0,0,,,,,,,,,,,Mild
2622,please retweet wish larger platform please share edtwt,6/6/2022 5:04,,en,0,0,4,[],[],0,0,,,,,,,,,,,Mild
2623,quick reminder viewing,6/6/2022 4:58,,en,1,1,3,[],[],0,0,,,,,,,,,,,Mild
2624,thread ed related would rather polls rt voting,6/5/2022 6:51,,en,0,1,11,[],[],0,0,,,,,,,,,,,Mild
2625,edtwt minor rt moots,6/5/2022 6:26,,en,0,0,1,[],[],0,1,,,,,,,,,,,Mild
2626,edward edtwt,6/5/2022 5:04,,en,0,0,1,[],[],0,1,,,,,,,,,,,Mild
2627,new relapsed rt moots poc loona red velvet everglow stan ednos,6/5/2022 4:34,,en,0,2,8,[],[],0,1,,,,,,,,,,,Mild
2628,asked follow many people edtwt said idk dont know anything edtwt know guys gay crazy p fucking cool,6/3/2022 6:36,,en,0,0,0,[],[],0,0,,,,,,,,,,,Mild
2629,edtwt choose fighter,6/9/2022 22:53,,en,0,0,0,[],[],0,0,,,,,,,,,,,Mild
2630,hungry watch,6/8/2022 0:38,,en,0,0,2,[],[],0,0,,,,,,,,,,,Mild
2631,edtwt positive wdym,5/30/2022 21:18,,en,0,0,0,[],[],0,0,,,,,,,,,,,Mild
2632,okay ur uncomfortable counting christmas tomorrow may cause problems whether letting loose valid love goes hope merry christmas,5/30/2022 21:13,,en,0,0,0,[],[],0,0,,,,,,,,,,,Mild
2633,keep reading,5/29/2022 2:49,,en,0,0,0,[],[],0,0,,,,,,,,,,,None
2634,edtwt account likely account person ed fetish please careful interact,5/27/2022 11:00,,en,0,0,0,[],[],0,0,,,,,,,,,,,Mild
2635,edtwt closest therapy gonna get,5/24/2022 0:10,,en,0,0,0,[],[],0,0,,,,,,,,,,,Mild
2636,anything edtwt j,5/20/2022 6:07,,en,2,0,1,[],[],0,0,,,,,,,,,,,Mild
2637,unpinning wrap fingers around wrists scale go exact kg lt,5/19/2022 10:50,,en,0,1,1,[],[],0,0,,,,,,,,,,,Mild
2638,tips motivation detailed thread edtwt,5/18/2022 17:06,,en,1,0,2,[],[],0,0,,,,,,,,,,,Mild
2639,dont eat,5/12/2022 8:42,,en,0,0,0,[],[],0,0,,,,,,,,,,,Mild
2640,edtwt polls,5/12/2022 7:11,,en,0,0,0,[],[],0,0,,,,,,,,,,,Mild
2641,edtwt user body checks reflective surface find,5/12/2022 7:10,,en,0,0,0,[],[],0,0,,,,,,,,,,,Mild
2642,edtwt user cant go near ritz crackers bc eat entire goddamn sleeve milliseconds,5/11/2022 5:40,,en,0,0,1,[],[],0,0,,,,,,,,,,,Mild
2643,edtwt user wants recover wants get ugw first,5/10/2022 12:22,,en,0,0,2,[],[],0,0,,,,,,,,,,,Mild
2644,edtwt user bookmarks every thread see never looks bookmarks,5/9/2022 5:13,,en,0,0,2,[],[],0,0,,,,,,,,,,,Mild
2645,edtwt user knows dark chocolate chocolate,5/8/2022 23:56,,en,0,0,0,[],[],0,1,,,,,,,,,,,Mild
2646,edtwt user looks comfort characters bmis coping mechanism,5/8/2022 18:48,,en,1,0,0,[],[],0,1,,,,,,,,,,,Mild
2647,hey youre apart edtwt shtwt pls vote srs,5/8/2022 2:15,,en,0,0,0,[],[],0,0,,,,,,,,,,,Mild
2648,stopped purging thread please rt oomfs n moots may need see,5/8/2022 2:14,,en,1,0,0,[],[],0,0,,,,,,,,,,,Mild
2649,u want ed u already disordered thoughts beg u leave edtwt rn u avoid making thoughts stronger srs,5/8/2022 1:29,,en,0,0,0,[],[],0,0,,,,,,,,,,,Mild
2650,waste time energy come far give easier thing think,5/8/2022 0:59,,en,0,0,0,[],[],0,0,,,,,,,,,,,Mild
2651,everyday scroll edtwt threads,5/8/2022 0:39,,en,0,0,0,[],[],0,0,,,,,,,,,,,Mild
2652,one day,5/5/2022 8:38,,en,0,0,2,[],[],0,0,,,,,,,,,,,None
2653,random ed thread im,5/4/2022 22:24,,en,0,0,0,[],[],0,0,,,,,,,,,,,Mild
2654,rt u hate proana tiktok passion,5/4/2022 20:33,,en,0,0,2,[],[],0,0,,,,,,,,,,,Mild
2655,rt earring disorder,5/4/2022 7:23,,en,0,0,0,[],[],0,0,,,,,,,,,,,Mild
2656,basically pos,4/28/2022 23:59,,en,0,0,0,[],[],0,1,,,,,,,,,,,None
2657,things motivate ugw thread edtwt,4/14/2022 22:21,,en,1,0,3,[],[],0,0,,,,,,,,,,,Mild
2658,could stop pitying dont deserve eat dont ever think sit hunger something get mind trust feel much better seconds junk food worth u know,4/13/2022 1:44,,en,1,0,0,[],[],0,0,,,,,,,,,,,Mild
2659,could look like,4/12/2022 3:05,,en,0,0,0,[],[],0,0,,,,,,,,,,,None
2660,lil names lovette lo veve age december height pronouns ed ednos sexuality bi sun sign capricorn gw lbs ugw lbs goal bmi,4/9/2022 15:14,,en,0,0,0,[],[],0,0,,,,,,,,,,,Mild
2661,hii im new bi ugw kg add gcs dm rt mutuals,4/5/2022 11:09,,en,0,0,0,[],[],0,0,,,,,,,,,,,Mild
2662,ed twt gc time ladies gents comrades requirements ages mean send tips tricks dont overly proana like comment retweet added rt reach pls,6/11/2022 11:11,,en,0,0,0,[],[],0,0,,,,,,,,,,,Mild
2663,edtwt version last months yes yes yes yes yes yes yes yes yes yes yes yes yes yes drop emoji questions,6/11/2022 10:09,,en,0,0,2,[],[],0,1,,,,,,,,,,,Mild
2664,hey attention pls would join edtwt discord fun together,6/11/2022 7:38,,en,0,0,0,[],[],0,0,,,,,,,,,,,Mild
2665,new edtwt yeah bad timing minor cw ugw dni youre pro ana moots,6/11/2022 2:21,,en,0,0,1,[],[],0,0,,,,,,,,,,,Mild
2666,reminder new month dont fuck binging first day get ass put food go fix fat self dont lose weight month plain embarrassing nobody going feel sorry,6/10/2022 8:24,,en,0,0,0,[],[],0,1,,,,,,,,,,,Mild
2667,im manifesting everyone lose kg overnight rt claim,6/10/2022 4:57,,en,0,0,0,[],[],0,0,,,,,,,,,,,Mild
2668,manifesting tiny waist everyone rts,6/10/2022 3:22,,en,0,0,1,[],[],0,0,,,,,,,,,,,Mild
2669,hard soft edtwt split also reginas,6/10/2022 3:17,,en,1,0,1,[],[],0,1,,,,,,,,,,,Mild
2670,edtwt full uneducated mfs swear block hoes,6/10/2022 3:15,,en,1,0,2,[],[],0,0,,,,,,,,,,,Mild
2671,entertaining era edtwt,6/9/2022 11:01,,en,0,0,1,[],[],0,0,,,,,,,,,,,Mild
2672,yes edtwt druggies party time,6/9/2022 7:53,,en,0,0,2,[],[],0,1,,,,,,,,,,,Mild
2673,writes like year old proana tumblr,6/9/2022 7:29,,en,0,0,1,[],[],0,1,,,,,,,,,,,Mild
2674,open edtwt like im reading daily newspaper,6/9/2022 7:16,,en,0,0,1,[],[],0,0,,,,,,,,,,,Mild
2675,ed fandom always sleeps arfid didnt carry ednos line debut,6/9/2022 6:49,,en,0,0,1,[],[],0,0,,,,,,,,,,,Mild
2676,bonespo thread cw pictures might nsfw please scroll caution,6/9/2022 3:04,,en,0,0,0,[],[],0,0,,,,,,,,,,,Mild
2677,everytime see mirror youll thankful put food,6/8/2022 11:03,,en,0,0,0,[],[],0,0,,,,,,,,,,,Mild
2678,im soo tired yall freaking acct doesnt even look real n tbh nothing happened censor names future u wanna smart end day acct isnt rlly one us anyone truly edtwt rando nobody acct,6/8/2022 4:12,,en,1,1,4,[],[],0,0,,,,,,,,,,,Mild
2679,thought id share ive ish days actually kinda working,6/7/2022 12:50,,en,1,0,0,[],[],0,0,,,,,,,,,,,Mild
2680,binges edtwt dont unbinges,6/6/2022 11:57,,en,1,0,6,[],[],0,1,,,,,,,,,,,Mild
2681,open edtwt poll thread please rt voting,6/5/2022 7:32,,en,1,0,0,[],[],0,0,,,,,,,,,,,Mild
2682,polls edtwt bc im cold bored rt voting,6/5/2022 7:31,,en,0,0,1,[],[],0,1,,,,,,,,,,,Mild
2683,polls edtwt rt,6/5/2022 5:05,,en,1,0,1,[],[],0,0,,,,,,,,,,,Mild
2684,ppls edtwt accs main accs main twt irl friends parents follow posted shit id get trouble despite,6/5/2022 4:02,,en,0,0,3,[],[],0,1,,,,,,,,,,,Mild
2685,rt ur edtwt follow u pls pets mutuals,6/4/2022 12:25,,en,0,0,1,[],[],0,0,,,,,,,,,,,Mild
2686,small edtwt accounts tweeting like,6/4/2022 5:48,,en,0,1,3,[],[],0,1,,,,,,,,,,,Mild
2687,cute thinsp,6/3/2022 6:13,,en,0,0,0,[],[],0,0,,,,,,,,,,,Mild
2688,even breathe,6/2/2022 11:54,,en,0,0,0,[],[],0,1,,,,,,,,,,,None
2689,every morning wake read edtwt like morning paper,5/27/2022 10:00,,en,0,0,1,[],[],0,1,,,,,,,,,,,Mild
2690,thread diets actually work tw,5/26/2022 4:59,,en,0,0,0,[],[],0,0,,,,,,,,,,,Mild
2691,wow motivating,5/25/2022 6:55,,en,0,0,0,[],[],0,1,,,,,,,,,,,None
2692,really currently trying see im home judge theyll trust recover weeks weight wasnt good,5/25/2022 1:49,,en,0,0,5,[],[],0,0,,,,,,,,,,,Mild
2693,please dont give tho even get maybe try wearing comfortable looser clothes arent hyper aware ur body atm ik hard even pass strong,5/25/2022 1:08,,en,0,0,0,[],[],0,1,,,,,,,,,,,Mild
2694,ur right thank u lt always told im gonna strict vegetarian form restriction guess right thing,5/24/2022 9:49,,en,0,0,1,[],[],0,1,,,,,,,,,,,Mild
2695,asked mum take away scale,5/24/2022 9:40,,en,0,0,1,[],[],0,0,,,,,,,,,,,Mild
2696,lol feeling embarrassed telling mum im finally hungry,5/24/2022 9:18,,en,0,0,1,[],[],0,0,,,,,,,,,,,Mild
2697,ok new ed twt gc like follow u want addedd please actually active keep group alivee also make sure ur dms openn,5/24/2022 8:19,,en,0,0,1,[],[],0,0,,,,,,,,,,,Mild
2698,music shit edtwt needs,5/24/2022 8:14,,en,0,0,1,[],[],0,0,,,,,,,,,,,Mild
2699,ur intake edtwt vers touch grass,5/24/2022 7:51,,en,0,0,0,[],[],0,0,,,,,,,,,,,Mild
2700,tw one day wake days went hungry hours spent working times cried looking body worth,6/8/2022 5:06,,en,0,0,0,[],[],0,0,,,,,,,,,,,Mild
2701,everybody edtwt seems obsessed,6/7/2022 10:54,,en,0,0,1,[],[],0,0,,,,,,,,,,,Mild
2702,parents strict proana coaches,6/3/2022 17:03,,en,0,0,2,[],[],0,0,,,,,,,,,,,Mild
2703,ednos first ate normally purged everytime restrict take laxatives,8/23/2016 16:17,,en,0,0,0,[],[],0,1,,,,,,,,,,,Mild
2704,pls used purging disorder ednos,8/21/2016 6:30,,en,0,0,0,[],[],0,0,,,,,,,,,,,Mild
2705,fr like edtwt famous last thing worry,8/21/2016 5:57,,en,0,0,0,[],[],0,0,,,,,,,,,,,Mild
2706,website proana,8/21/2016 5:41,,en,0,0,0,[],[],0,0,,,,,,,,,,,Mild
2707,used purging disorder ednos,8/21/2016 2:21,,en,0,0,0,[],[],0,0,,,,,,,,,,,Mild
2708,dont talk anymore yeah bc joined edtwt isolated irl im nothing online persona,7/1/2016 2:22,,en,0,1,0,[],[],0,0,,,,,,,,,,,Mild
2709,onces edtwt,6/25/2016 2:07,,en,0,1,0,[],[],0,0,,,,,,,,,,,Mild
2710,least trink today,6/16/2016 2:33,,en,0,2,0,[],[],0,0,,,,,,,,,,,None
2711,cant talk rn im hot girl shit,6/2/2016 5:49,,en,0,0,0,[],[],0,0,,,,,,,,,,,Mild
2712,dont u love feeling going bed knowing havent binged day rlly eaten much,5/6/2016 19:20,,en,0,0,0,[],[],0,0,,,,,,,,,,,Mild
2713,thread,5/5/2016 6:42,,en,0,0,0,[],[],0,0,,,,,,,,,,,None
2714,ed twt polls questions lt,5/5/2016 6:41,,en,0,0,0,[],[],0,0,,,,,,,,,,,Mild
2715,edtwt start every month month narrator month,4/24/2016 1:38,,en,0,0,0,[],[],0,0,,,,,,,,,,,Mild
2716,edtwt often u work rt voting gain lbs,7/14/2017 9:25,,en,1,2,1,[],[],0,0,,,,,,,,,,,Mild
2717,edtwt new want younger moots rt,7/14/2017 9:24,,en,0,0,0,[],[],0,0,,,,,,,,,,,Mild
2718,edtwt listen pls keep calling press opt please trend number number department justice call number press option nine copy paste tweet save brandon bernard cant call please least,7/14/2017 8:50,,en,0,0,0,[],[],0,0,,,,,,,,,,,Mild
2719,edtwt made realise annoying kpop twitter actually,7/14/2017 8:34,,en,0,0,0,[],[],0,0,,,,,,,,,,,Mild
2720,edtwt halloween,7/14/2017 3:04,,en,0,0,0,[],[],0,0,,,,,,,,,,,Mild
2721,edtwt rt whats happening america right updating things happen summary trump supporting terrorists storming u capitol building attempt force congress stop counting electoral college votes would confirm bidens victory,7/13/2017 9:43,,en,0,0,0,[],[],0,0,,,,,,,,,,,Mild
2722,edtwt pls rt youre okay w neurodivergent mutuals dming asking explain tweets sincerely neurodivergent gets confused lot,7/13/2017 9:39,,en,0,0,0,[],[],0,0,,,,,,,,,,,Mild
2723,edtwt rt get gw h lloween jack lantern,7/13/2017 9:39,,en,0,0,0,[],[],0,0,,,,,,,,,,,Mild
2724,edtwt lord saviours,7/13/2017 9:38,,en,0,0,0,[],[],0,0,,,,,,,,,,,Mild
2725,edtwt version last months yeah yeah yes yes yes yes yes yes yes yes yes yes yes idk yeah yeah,7/13/2017 9:37,,en,0,0,0,[],[],0,0,,,,,,,,,,,Mild
2726,edtwt u think omg,7/13/2017 9:37,,en,0,0,0,[],[],0,0,,,,,,,,,,,Mild
2727,edtwt think,7/13/2017 8:44,,en,0,0,0,[],[],0,0,,,,,,,,,,,Mild
2728,edtwt im making dinner tonight,7/13/2017 7:32,,en,0,0,0,[],[],0,0,,,,,,,,,,,Mild
2729,everyone edtwt rn taking nightly spoonful honey,7/13/2017 7:29,,en,0,0,0,[],[],0,0,,,,,,,,,,,Mild
2730,female chinese celebrities bmi thread,7/13/2017 7:03,,en,0,1,0,[],[],0,0,,,,,,,,,,,Mild
2731,hey guys edtwt isnt trending ur acc accs tried searching doesnt come everything ok pls spread,7/10/2017 21:20,,en,0,0,4,[],[],0,0,,,,,,,,,,,Mild
2732,hii im xi im pronouns joined edtwt need emotional support one close friends inspired join hihihi,7/10/2017 21:15,,en,0,0,0,[],[],0,0,,,,,,,,,,,Mild
2733,got korean edtwt lol someone said helps hunger open windows wear thin clothing let body start shivering cold make warm black coffee pretty cup drink,7/10/2017 21:14,,en,0,0,0,[],[],0,0,,,,,,,,,,,Mild
2734,saw thought would share lt,7/10/2017 21:13,,en,0,0,0,[],[],0,0,,,,,,,,,,,Mild
2735,want,7/10/2017 8:41,,en,0,6,9,[],[],0,0,,,,,,,,,,,None
2736,wonder many ppl edtwt died nobody knows werent alive say hey guys died,7/10/2017 8:29,,en,1,2,0,[],[],0,0,,,,,,,,,,,Mild
2737,idk need hear pretending ed edtwt isnt quirky cute,7/10/2017 8:20,,en,0,0,0,[],[],0,0,,,,,,,,,,,Mild
2738,im manifesting losing lbs halloween three days afterwards rt manifest w,7/9/2017 22:18,,en,0,0,0,[],[],0,0,,,,,,,,,,,Mild
2739,interact soft edtwt group sweetspo sweet talk talk whatever flirting gt use safe space eds welcome join respectful others triggers gore rt comment join flops goat tweeted,7/9/2017 22:15,,en,0,1,3,[],[],0,0,,,,,,,,,,,Mild
2740,realised much edtwt actually part life lol like wake check edtwt like news random thought pop head hop edtwt tweet ab anything scroll thru edtwt,7/9/2017 22:08,,en,0,0,0,[],[],0,0,,,,,,,,,,,Mild
2741,nonnatives really good video watch want start understanding landback way unenrolled natives treated please dont make jokes seth cutting braids serious non edtwt dont rt,7/9/2017 2:26,,en,1,1,2,[],[],0,0,,,,,,,,,,,Mild
2742,ok tl dead edtwt polls let go rt voting,6/10/2022 21:36,,en,0,0,0,[],[],0,0,,,,,,,,,,,Mild
2743,omg first edtwt block,6/10/2022 17:48,,en,1,0,0,[],[],0,0,,,,,,,,,,,Mild
2744,ppl dont follow back edtwt think u,6/7/2022 8:47,,en,0,0,0,[],[],0,0,,,,,,,,,,,Mild
2745,rt want body,6/7/2022 3:11,,en,1,0,4,[],[],0,0,,,,,,,,,,,None
2746,rt reach ugw new years,6/6/2022 20:43,,en,1,0,1,[],[],0,0,,,,,,,,,,,Mild
2747,rt reply asian edtwt gc ed asian southeast east south central west idc u join,6/6/2022 5:27,,en,0,0,6,[],[],0,0,,,,,,,,,,,Mild
2748,heres server ive made im new making servers may little messy im best rt youre interested joining flopped didnt,6/5/2022 8:41,,en,0,0,3,[],[],0,0,,,,,,,,,,,Mild
2749,way u get almost interactions stan twt k followers moots edtwt u get bunch followers finally feeling alone tl anymore,6/4/2022 8:08,,en,1,0,1,[],[],0,0,,,,,,,,,,,Mild
2750,things ppl realise edtwt fatspo people everyone pro recovery get attacked everyone cares others health happiness mentally ill saying stop make hero leave,6/4/2022 7:34,,en,0,0,3,[],[],0,0,,,,,,,,,,,Mild
2751,cute theres also fat ppl edtwt many bed keep fatspo,6/3/2022 2:10,,en,1,0,1,[],[],0,0,,,,,,,,,,,Mild
2752,throwback shtwt acc told edtwt get help mf literally cousins,6/3/2022 2:08,,en,25,15,34,[],[],0,0,,,,,,,,,,,Mild
2753,tw eds oh fuck guys found abt edtwt scary place vent mentally ill pls dont go look triggering,6/2/2022 14:36,,en,1,0,5,[],[],0,0,,,,,,,,,,,Mild
2754,two types people edtwt,6/2/2022 14:18,,en,1,0,1,[],[],0,0,,,,,,,,,,,Mild
2755,u many problematic ppl use chose girl hates body hard edtwt acc weirdo bully,6/2/2022 1:51,,en,1,0,3,[],[],0,0,,,,,,,,,,,Mild
2756,ugh im bored rt edtwt gc rules nice n pussy lol,6/2/2022 1:49,,en,0,0,0,[],[],0,0,,,,,,,,,,,Mild
2757,wait halloween party edtwt like huge gc something change layouts dn costumes idk think itd cool sort big celebration party,6/1/2022 9:05,,en,0,0,13,[],[],0,0,,,,,,,,,,,Mild
2758,found address calling police right thank help ill update needed,5/31/2022 9:38,,en,0,0,0,[],[],0,0,,,,,,,,,,,Mild
2759,winx club cast looked like thread edtwt,5/31/2022 9:05,,en,0,0,2,[],[],0,0,,,,,,,,,,,Mild
2760,whats embarrassing flex urs mine place ive able get followers edtwt,5/31/2022 8:13,,en,0,0,5,[],[],0,0,,,,,,,,,,,Mild
2761,effective kpop diet,5/31/2022 7:47,,en,0,0,3,[],[],0,0,,,,,,,,,,,Mild
2762,edtwt drama always happen asleep,5/31/2022 2:49,,en,0,0,2,[],[],0,0,,,,,,,,,,,Mild
2763,come onto edtwt get mad disordered shit,5/30/2022 13:21,,en,0,0,3,[],[],0,0,,,,,,,,,,,Mild
2764,rt cool lose kg,5/29/2022 8:11,,en,0,0,0,[],[],0,0,,,,,,,,,,,Mild
2765,changed mind unfollowing want interact edtwt try stay recovery lt,5/29/2022 8:10,,en,1,0,1,[],[],0,0,,,,,,,,,,,Mild
2766,edtwt shtwt make super cute frog doodle link replies mine,5/29/2022 3:49,,en,0,0,0,[],[],0,0,,,,,,,,,,,Mild
2767,pinned wanna get edtwt tommy gw lbs,5/28/2022 15:48,,en,0,0,0,[],[],0,0,,,,,,,,,,,Mild
2768,new shtwt looking mutuals call whatever dn bi male lean edtwt interact tws like rt moots,8/5/2019 13:22,,en,0,0,9,[],[],0,0,,,,,,,,,,,Mild
2769,ive got discord server thats kinda dying see theres lot stuff new members always welcome rt comment want ig really nice promise lmao time talk dumb shit,7/25/2019 13:00,,en,0,0,21,[],[],0,0,,,,,,,,,,,Mild
2770,think want cyber goth theme im gonna work,4/23/2019 10:38,,en,0,1,6,[],[],0,0,,,,,,,,,,,Mild
2771,new ed twt minor cw kg gw kg ugw kg kpop stan anime fan like japanese rock metal sum stuff rt moots,11/30/2018 14:01,,en,0,0,0,[],[],0,0,,,,,,,,,,,Mild
2772,tw ed sh new edtwt minor kpop anime bisexual sh ed love animals dms always open ugw kg like rt moots,11/17/2018 16:44,,en,0,0,1,[],[],0,0,,,,,,,,,,,Mild
2773,helo moss dni minor stats height cm kg gw kg ugw kg pls retweet want moots n oomfs tw,11/17/2018 16:44,,en,1,0,12,[],[],0,0,,,,,,,,,,,Mild
2774,know im beautiful matter weight u sure abt ur fat cellulite covered thighs rub together u walk u look mirror u suck ur stomach make u look little less gross thats fucking sad,11/17/2018 8:34,,en,0,0,1,[],[],0,0,,,,,,,,,,,Mild
2775,heey yall new ed twt im minor im looking mutuals like rt ifb,11/17/2018 4:29,,en,0,0,3,[],[],0,0,,,,,,,,,,,Mild
2776,hey making gc people kgs retweet make sure rt dms open plss,11/17/2018 4:28,,en,1,4,41,[],[],0,0,,,,,,,,,,,Mild
2777,hi im new ed twt want moots plss jade cw gw give tips inspo rt moots lt,10/13/2018 8:28,,en,1,0,5,[],[],0,0,,,,,,,,,,,Mild
2778,idk actual names everyone edtwt name like common name im,9/10/2018 21:15,,en,0,0,1,[],[],0,0,,,,,,,,,,,Mild
2779,idk never seen many people w name edtwt,9/10/2018 13:45,,en,0,0,1,[],[],0,0,,,,,,,,,,,Mild
2780,im new edtwt doubt anyone see rt reply u wanna moots,9/10/2018 13:41,,en,0,0,1,[],[],0,0,,,,,,,,,,,Mild
2781,reminder stopped friends look obese seriously even worked today see fat pants dont even say struggle ed clearly binge look gross,9/10/2018 12:26,,en,0,0,2,[],[],0,0,,,,,,,,,,,Mild
2782,kinda new ed twt bisexual rt mutuals lt,6/5/2022 14:05,,en,2,0,11,[],[],0,0,,,,,,,,,,,Mild
2783,new however new acc bc irls found old one,5/17/2022 3:57,,en,0,0,7,[],[],0,0,,,,,,,,,,,Mild
2784,sometimes feel like doe made edmemes username might changed since,1/24/2022 11:41,,en,0,0,6,[],[],0,0,,,,,,,,,,,Mild
2785,bitches friend project,8/4/2021 6:00,,en,0,0,2,[],[],0,0,,,,,,,,,,,Mild
2786,edtwt user genuinely loves ricecakes,7/31/2021 0:15,,en,1,0,7,[],[],0,0,,,,,,,,,,,Mild
2787,edtwt rt bmi lower,7/17/2021 3:43,,en,0,0,0,[],[],0,0,,,,,,,,,,,Mild
2788,edtwt theres new monster ultra coming,7/13/2021 8:22,,en,0,1,12,[],[],0,0,,,,,,,,,,,Mild
2789,edtwt user wants eat spaghetti without crying,7/5/2021 1:00,,en,1,0,10,[],[],0,1,,,,,,,,,,,Mild
2790,edtwt user drinks monster coke zero,7/2/2021 11:58,,en,1,0,2,[],[],0,1,,,,,,,,,,,Mild
2791,edtwt user thinks problems go away hit ugw,7/2/2021 10:42,,en,2,0,6,[],[],0,0,,,,,,,,,,,Mild
2792,edtwt user drinks monster average kyle,6/27/2021 7:31,,en,0,0,1,[],[],0,0,,,,,,,,,,,Mild
2793,put together couple edtwt playlists enjoy,6/6/2021 1:22,,en,0,0,5,[],[],0,0,,,,,,,,,,,Mild
2794,im new edtwt anything youre retweet follow need mutuals,6/5/2021 1:07,,en,1,1,16,[],[],0,1,,,,,,,,,,,Mild
2795,edtwt dont need intake im simply stupid,4/5/2021 6:45,,en,1,0,5,[],[],0,1,,,,,,,,,,,Mild
2796,new edtwt priv soon cw lbs pro recovery possible sh talk tw like rt b mutuals,4/4/2021 10:20,,en,0,0,0,[],[],0,0,,,,,,,,,,,Mild
2797,new edtwt shtwt want moots lt lt lt cw kg gw kg ugw kg lt lt call k lt retweet n follow moots,3/16/2021 8:32,,en,0,0,0,[],[],0,0,,,,,,,,,,,Mild
2798,please,3/15/2021 10:45,,en,1,1,39,[],[],0,0,,,,,,,,,,,None
2799,edtwt reason getting back kpop,3/3/2021 9:43,,en,0,3,24,[],[],0,0,,,,,,,,,,,Mild
2800,new challenge alo stop questioning random tweets fish edtwt acc call smiling face heart eyes lh,2/16/2021 6:44,,en,0,0,1,[],[],0,0,,,,,,,,,,,Mild
2801,hey always wanted make character diets stuff ppl anyone want one like idk make like ur usual intake fav character,2/15/2021 7:47,,en,1,1,19,[],[],0,1,,,,,,,,,,,Mild
2802,bright early edtwt thank u morning treat,1/26/2021 8:59,,en,0,0,4,[],[],0,1,,,,,,,,,,,Mild
2803,bright early edtwt thank u morning treat,1/26/2021 8:58,,en,0,0,0,[],[],0,0,,,,,,,,,,,Mild
2804,rant incoming perhaps older learned years idea behind accountability irritates end edtwt either cannot take accountability actions forces accountability people actions others,1/26/2021 4:07,,en,3,0,11,[],[],0,0,,,,,,,,,,,Mild
2805,edtwt drink best,1/15/2021 1:27,,en,1,0,5,[],[],0,0,,,,,,,,,,,Mild
2806,good evening edtwt im taking second shit day feel invincible,1/15/2021 0:56,,en,1,0,22,[],[],0,0,,,,,,,,,,,Mild
2807,good morning edtwt took shit days,1/13/2021 23:07,,en,1,0,2,[],[],0,0,,,,,,,,,,,Mild
2808,good morning edtwt im going meal terrifying exciting,11/19/2020 23:18,,en,0,0,0,[],[],0,0,,,,,,,,,,,Mild
2809,hi edtwt went lunch today want pass away,11/19/2020 2:56,,en,0,0,0,[],[],0,0,,,,,,,,,,,Mild
2810,hi edtwt exceed daily limit small peepee,11/18/2020 14:33,,en,0,0,1,[],[],0,0,,,,,,,,,,,Mild
2811,ideal scenario gt edtwt stop using innocent good people fatspo gt people used fatspo wish death upon entire edtwt using fatspo gt world moves,11/16/2020 12:27,,en,0,0,0,[],[],0,0,,,,,,,,,,,Mild
2812,god redistributed one straight boy confidence us edtwt wont even exist,10/24/2020 10:40,,en,0,0,6,[],[],0,0,,,,,,,,,,,Mild
2813,ever work cashier grocery store someone checks finding edtwt,10/18/2020 0:38,,en,2,0,11,[],[],0,0,,,,,,,,,,,Mild
2814,choice make edtwt acc choice follow n interact w people tws non ed dnis bio choice participate edtwt activities fuck yall realise actions consequences stop blaming others,10/6/2020 13:57,,en,0,0,13,[],[],0,0,,,,,,,,,,,Mild
2815,japanese edtwt makes hard edtwt accs look like little chihuahuas aint playin w single digit bmi holy fuck,9/28/2020 9:39,,en,0,2,20,[],[],0,0,,,,,,,,,,,Mild
2816,nothing disappointing getting form bowel movement like little nugget yes like sharing info let trisha paytas edtwt,9/14/2020 1:52,,en,1,0,2,[],[],0,1,,,,,,,,,,,Mild
2817,unpinning falling bunny hit lbs,8/25/2020 6:54,,en,0,0,14,[],[],0,0,,,,,,,,,,,Mild
2818,wtf one irls rted edtwt tweet almost replied personal diekfkekfkejdnanx,7/26/2020 11:41,,en,0,0,2,[],[],0,0,,,,,,,,,,,Mild
2819,yes jessica edtwt laugh mock higher sw lost lbs lost,6/1/2020 3:27,,en,1,0,1,[],[],0,0,,,,,,,,,,,Mild
2820,looking moots,6/1/2020 3:27,,en,0,0,5,[],[],0,0,,,,,,,,,,,None
2821,pay attention numbers scale actually look,5/2/2020 13:36,,en,0,0,16,[],[],0,0,,,,,,,,,,,Mild
2822,come onto edtwt dont ed,4/28/2020 3:39,,en,0,2,13,[],[],0,0,,,,,,,,,,,Mild
2823,fatspo work even find inappropriate,4/18/2020 8:00,,en,0,2,8,[],[],0,0,,,,,,,,,,,Mild
2824,dont get wrong love edtwt community cant shtwts triggering pics coming feed pls put tws people,4/3/2020 4:25,,en,0,0,7,[],[],0,0,,,,,,,,,,,Mild
2825,edtwt drop ur favorite subliminals youve gotten results,3/25/2020 2:16,,en,1,0,1,[],[],0,0,,,,,,,,,,,Mild
2826,edtwt many yall grew parent whos basically fucking child im tryna see smth,3/21/2020 1:00,,en,0,1,2,[],[],0,0,,,,,,,,,,,Mild
2827,edtwt bringing back red bracelets tumblr yall stay silent,3/20/2020 4:52,,en,1,0,18,[],[],0,0,,,,,,,,,,,Mild
2828,edtwt whats disordered thing youve eaten ate ice cubes water,3/19/2020 13:38,,en,0,0,8,[],[],0,0,,,,,,,,,,,Mild
2829,good excuses skipping meals thread,4/1/2021 9:55,,en,0,0,0,[],[],0,0,,,,,,,,,,,Mild
2830,hey edtwt im self proclaimed older brother cause im im old,3/29/2021 10:17,,en,0,0,0,[],[],0,0,,,,,,,,,,,Mild
2831,hey everyone good friend one people know ed sent know xmas may really bad time everyone dtwt thought share pls stay safe try enjoy ur xmas fullest love ya,3/28/2021 9:36,,en,0,0,1,[],[],0,0,,,,,,,,,,,Mild
2832,hey guys need moots pls lick follow ill follow u back im trans boy new let stay motivated together,3/28/2021 9:36,,en,0,0,0,[],[],0,0,,,,,,,,,,,Mild
2833,hey need ppl weigh challenge weigh st december also stick limits binge pls lick tweet interested,3/25/2021 8:33,,en,0,0,0,[],[],0,0,,,,,,,,,,,Mild
2834,lost pounds three days thread,7/7/2020 8:18,,en,0,0,0,[],[],0,0,,,,,,,,,,,Mild
2835,really wish could hug every single one tell enough need change anything,6/27/2020 6:32,,en,0,0,0,[],[],0,0,,,,,,,,,,,Mild
2836,want dm thinsp meansp lick tweet tell one prefer also need moots follow ill follow back seconds,6/21/2020 3:33,,en,0,0,0,[],[],0,0,,,,,,,,,,,Mild
2837,inspired thread heres rotten gross thanksgiving food couldnt find many please reply cw gross,4/28/2020 4:51,,en,0,2,2,[],[],0,0,,,,,,,,,,,Mild
2838,lick tweet moots,4/3/2020 23:36,,en,0,0,0,[],[],0,0,,,,,,,,,,,None
2839,made truly,4/2/2020 14:41,,en,0,0,1,[],[],0,0,,,,,,,,,,,None
2840,math students edtwt crying numbers,3/29/2020 10:17,,en,0,0,0,[],[],0,0,,,,,,,,,,,Mild
2841,new need new moots cw lbs gw lbs ugw lbs rt moots,3/24/2020 13:18,,en,0,0,1,[],[],0,0,,,,,,,,,,,Mild
2842,okay posture key standing tall lengthen body look confident even dont feel like fake till make baybee,3/23/2020 8:40,,en,0,0,0,[],[],0,0,,,,,,,,,,,Mild
2843,please dont eat cravings go away soon know feel guilty later go drink water distract lt,1/7/2020 2:40,,en,0,0,1,[],[],0,0,,,,,,,,,,,Mild
2844,pro ana thread,12/26/2019 9:31,,en,0,0,0,[],[],0,0,,,,,,,,,,,Mild
2845,pro ana safe foods cucumbers string cheese fiber one brownie cauliflower rice simply protein kids bar sugar free jello cup cabbage tuna celery baby tomatoes oranges pb chocolate pb packet plain oatmeal raspberries pickles shirataki noodles peas plum,2/1/2021 1:27,,en,6,22,112,[],[],0,0,,,,,,,,,,,Mild
2846,since ive edtwt almost six months things ive realized noticed learned etc thread,2/1/2021 1:27,,en,9,22,113,[],[],0,1,,,,,,,,,,,Mild
2847,please rt ur want adult moots crippled metabolisms like,12/21/2020 8:31,,en,0,0,2,[],[],0,0,,,,,,,,,,,Mild
2848,year olds edtwt fatphobic bios,12/18/2020 12:44,,en,0,0,0,[],[],0,0,,,,,,,,,,,Mild
2849,ednos like heres every symptom every ed except u get maintain weight forever,11/22/2020 22:51,,en,0,0,0,[],[],0,0,,,,,,,,,,,Mild
2850,edtwt rt u like grocery shopping v much im tryna see sum,11/16/2020 1:36,,en,0,0,2,[],[],0,0,,,,,,,,,,,Mild
2851,made meme u proud edtwt,11/13/2020 3:13,,en,1,0,2,[],[],0,0,,,,,,,,,,,Mild
2852,need follow edtwt moots plith,11/6/2020 7:07,,en,1,0,5,[],[],0,0,,,,,,,,,,,Mild
2853,edtwt best game ever world wtf,10/24/2020 13:51,,en,0,0,0,[],[],0,0,,,,,,,,,,,Mild
2854,uh think found like best thing ever check try idk,10/1/2020 2:38,,en,0,0,2,[],[],0,1,,,,,,,,,,,Mild
2855,two years ago cant believe thought fat back wish legs stomach thin rn,9/27/2020 4:09,,en,0,0,0,[],[],0,0,,,,,,,,,,,Mild
2856,anyone workout type ed looking support,6/11/2022 12:59,,en,0,0,0,[],[],0,0,,,,,,,,,,,Mild
2857,anyone else relapse halsey post things smfh knew,6/11/2022 12:09,,en,0,0,0,[],[],0,0,,,,,,,,,,,Mild
2858,anyone else feel old ngl,6/11/2022 12:08,,en,0,0,0,[],[],0,0,,,,,,,,,,,Mild
2859,ed ruins relationships good thing need,6/11/2022 11:25,,en,0,0,0,[],[],0,0,,,,,,,,,,,Mild
2860,twitter place feel safe online tbh social media trash,6/11/2022 9:14,,en,0,0,0,[],[],0,0,,,,,,,,,,,Mild
2861,would eat portuguese food edition,6/11/2022 8:35,,en,0,0,0,[],[],0,0,,,,,,,,,,,Mild
2862,true neutral sprinkle lawful ednos,6/11/2022 7:13,,en,1,0,0,[],[],0,0,,,,,,,,,,,Mild
2863,lot people edtwt came ed tumblr idc,6/11/2022 6:59,,en,1,0,0,[],[],0,0,,,,,,,,,,,Mild
2864,polls distract retweet finished,6/10/2022 14:19,,en,0,0,1,[],[],0,1,,,,,,,,,,,Mild
2865,edtwt user fell love oomf bc interacted,6/10/2022 6:07,,en,0,0,0,[],[],0,0,,,,,,,,,,,Mild
2866,get school ed anxiety,6/10/2022 2:38,,en,0,0,0,[],[],0,0,,,,,,,,,,,Mild
2867,saw someone say scrolling edtwt found fatspo first u scrolling edtwt u ed would expose edtwt k followers,6/9/2022 17:15,,en,0,0,0,[],[],0,0,,,,,,,,,,,Mild
2868,random life experience polls rt answering,6/9/2022 16:25,,en,0,0,1,[],[],0,0,,,,,,,,,,,Mild
2869,everyone edtwt watch cheerleader video,6/9/2022 14:28,,en,0,0,2,[],[],0,0,,,,,,,,,,,Mild
2870,written post tips supporting someone struggling ed,6/7/2022 3:01,,en,0,0,0,[],[],0,0,,,,,,,,,,,Mild
2871,please consider joining information play vital part changing future treatment,6/7/2022 3:00,,en,0,0,1,[],[],0,0,,,,,,,,,,,Mild
2872,please send sum workout routines,6/7/2022 2:31,,en,0,0,1,[],[],0,0,,,,,,,,,,,Mild
2873,bahahah somewhat old tweet still stands,6/6/2022 10:11,,en,0,0,1,[],[],0,0,,,,,,,,,,,Mild
2874,arms omg need x,6/5/2022 17:16,,en,1,5,18,[],[],0,0,,,,,,,,,,,None
2875,imagine wig nikocado avocado use fatspo hes literally shitty lt,6/5/2022 4:52,,en,0,0,2,[],[],0,0,,,,,,,,,,,Mild
2876,hf twt edtwt cool older sibling gore twt weird cousin plays w cat burns ants magnifying glasses,6/4/2022 17:27,,en,0,0,0,[],[],0,0,,,,,,,,,,,Mild
2877,yall babybel cheese better alternative normal like cheese sticks ty im advance,6/4/2022 15:44,,en,0,0,8,[],[],0,0,,,,,,,,,,,Mild
2878,funny nicer mother,6/4/2022 14:23,,en,1,0,9,[],[],0,1,,,,,,,,,,,None
2879,grabs plate stares awhile puts back,6/4/2022 12:42,,en,0,2,8,[],[],0,0,,,,,,,,,,,Mild
2880,friends bday tomorrow dont want rude decline food please help,6/3/2022 17:12,,en,0,0,0,[],[],0,0,,,,,,,,,,,Mild
2881,twt somewhat safe space joined sept bitches,6/3/2022 16:55,,en,1,0,8,[],[],0,0,,,,,,,,,,,Mild
2882,someone send fatspo please,6/3/2022 3:47,,en,0,1,3,[],[],0,0,,,,,,,,,,,Mild
2883,feel like theres ppl edtwt theres like,5/25/2021 12:35,,en,0,0,0,[],[],0,0,,,,,,,,,,,Mild
2884,come back months find edtwt de,4/13/2021 1:50,,en,0,0,0,[],[],0,0,,,,,,,,,,,Mild
2885,debate rt done voting,3/28/2021 23:47,,en,0,0,1,[],[],0,0,,,,,,,,,,,Mild
2886,food related polls edtwt rt voting,3/9/2021 5:12,,en,0,0,0,[],[],0,0,,,,,,,,,,,Mild
2887,coral black edtwt,2/6/2021 2:03,,en,0,0,1,[],[],0,0,,,,,,,,,,,Mild
2888,think edtwt presented safe space theres lot accounts promote eds harmful shit well mostly hard edtwt accounts,12/30/2020 15:06,,en,0,0,1,[],[],0,0,,,,,,,,,,,Mild
2889,ehh idk mean thats kinda expected edtwt think people shouldnt even post anywhere else competitive eds,12/30/2020 9:50,,en,1,0,1,[],[],0,0,,,,,,,,,,,Mild
2890,let someone say f slur dont think even reclaim exchange permission say n word also attacked edtwt reason,7/21/2020 4:27,,en,0,0,0,[],[],0,0,,,,,,,,,,,Mild
2891,edtwt full ppl mental illnesses yes wrong post innocent ppl fatspo doxxing ppl isnt answer,6/25/2020 9:03,,en,1,0,1,[],[],0,0,,,,,,,,,,,Mild
2892,tips feel less anxious restaurants,6/6/2020 13:20,,en,1,0,1,[],[],0,0,,,,,,,,,,,Mild
2893,person edtwt doesnt hate celery,5/27/2020 11:18,,en,0,0,1,[],[],0,0,,,,,,,,,,,Mild
2894,food related polls edtwt,5/14/2020 7:42,,en,0,0,3,[],[],0,0,,,,,,,,,,,Mild
2895,common fear foods health benefits thread,4/17/2020 5:36,,en,0,0,1,[],[],0,0,,,,,,,,,,,Mild
2896,edtwt polls rt youve voted,3/31/2020 6:23,,en,0,0,3,[],[],0,0,,,,,,,,,,,Mild
2897,edtwt rt ill recommend song based theme,3/22/2020 5:23,,en,0,0,1,[],[],0,0,,,,,,,,,,,Mild
2898,edtwt rt ur want moots age,3/20/2020 1:44,,en,0,0,0,[],[],0,0,,,,,,,,,,,Mild
2899,edtwt rt youre apart lgbt community im tryna see sum cause ik suffer lot eds due much shit go,3/13/2020 12:44,,en,0,0,0,[],[],0,0,,,,,,,,,,,Mild
2900,edtwt rt ill create little character based ur acc stolen idea,3/13/2020 11:17,,en,1,0,1,[],[],0,0,,,,,,,,,,,Mild
2901,anyone edtwt adhd adderall fucking blessing takes away ur appetite makes u shit experience,2/27/2020 14:24,,en,1,1,1,[],[],0,0,,,,,,,,,,,Mild
2902,god damn found going vacation parents see eat fuck,2/20/2020 7:09,,en,0,0,0,[],[],0,0,,,,,,,,,,,Mild
2903,hey im kinda new edtwt looking moots interact ur interested ig im minor dont b weird gore accs dni cw lbs kg gw lbs kg ugw lbs kg,1/25/2020 4:28,,en,0,0,2,[],[],0,0,,,,,,,,,,,Mild
2904,hii lt new use size im size ugh ger minor smoke cw lb ug lb ugw lb rt u wanna mutuals friends,1/25/2020 3:54,,en,0,2,3,[],[],0,0,,,,,,,,,,,Mild
2905,met really cool girl yesterday baggy shirt could hide body asked like white monster deadass said yeah pink one sure edtwt pls rt might see girl red dress,1/7/2020 13:31,,en,0,0,1,[],[],0,0,,,,,,,,,,,Mild
2906,wanna see something rt voting edtwt,6/10/2022 22:19,,en,0,0,1,[],[],0,0,,,,,,,,,,,Mild
2907,legs like rt manifest,6/10/2022 22:18,,en,0,0,0,[],[],0,0,,,,,,,,,,,Mild
2908,ive always wanted edtwt rt get song based ur layout lt,6/8/2022 14:58,,en,0,0,0,[],[],0,0,,,,,,,,,,,Mild
2909,ily guys ik edtwt pls remember take care urselves,6/8/2022 11:17,,en,0,1,2,[],[],0,1,,,,,,,,,,,Mild
2910,look fat fucking arm,6/7/2022 20:53,,en,0,1,0,[],[],0,0,,,,,,,,,,,Mild
2911,manifestation rt claim lose lbs school lose lbs school lose lbs school lose lbs school lose lbs school,6/7/2022 20:53,,en,1,1,0,[],[],0,0,,,,,,,,,,,Mild
2912,account slowly dying rt moots edtwt,6/7/2022 20:50,,en,1,1,0,[],[],0,0,,,,,,,,,,,Mild
2913,please make lazy ass something,6/6/2022 14:04,,en,0,0,1,[],[],0,0,,,,,,,,,,,Mild
2914,reply tell sanrio character u r based ur profile im bored,6/6/2022 13:57,,en,1,0,0,[],[],0,0,,,,,,,,,,,Mild
2915,rt ill give song based layout lt,6/6/2022 11:38,,en,0,0,0,[],[],0,0,,,,,,,,,,,Mild
2916,rt thin arms ill manifesting lt,6/6/2022 1:46,,en,0,0,0,[],[],0,0,,,,,,,,,,,Mild
2917,rt youve never used laxative im tryna see smtng,6/6/2022 0:05,,en,0,0,0,[],[],0,0,,,,,,,,,,,Mild
2918,rt bmi lower person gr omed,6/5/2022 13:06,,en,0,0,0,[],[],0,0,,,,,,,,,,,Mild
2919,rt small account edtwt let find lt let flopp,6/4/2022 17:30,,en,0,0,0,[],[],0,0,,,,,,,,,,,Mild
2920,rt youll gain lbs overnight,6/4/2022 2:43,,en,0,0,0,[],[],0,0,,,,,,,,,,,Mild
2921,rt get ugw october,6/3/2022 23:03,,en,0,0,0,[],[],0,0,,,,,,,,,,,Mild
2922,rt waist october,6/3/2022 22:53,,en,0,0,1,[],[],0,0,,,,,,,,,,,Mild
2923,saw page gonna copy noticed lot people wanted im gonna everyone rt account rate beautiful eva sexc cute aesthetic eh ok guess um doesnt work really bad sowwy flops never saw,6/3/2022 17:54,,en,0,0,0,[],[],0,0,,,,,,,,,,,Mild
2924,person world deserves fatspo eat celery sticks fatty like trump edtwt,6/2/2022 1:14,,en,0,0,0,[],[],0,0,,,,,,,,,,,Mild
2925,uh manifesting rt star struck,6/2/2022 1:11,,en,1,0,1,[],[],0,0,,,,,,,,,,,Mild
2926,everyone edtwt either kpop stan sanrio hoe crybaby,6/1/2022 17:28,,en,1,0,0,[],[],0,0,,,,,,,,,,,Mild
2927,thinking ex across country makes want restrict idk triggering lmfao,6/1/2022 17:28,,en,1,0,0,[],[],0,0,,,,,,,,,,,Mild
2928,rt lose lbs tags,6/1/2022 17:28,,en,1,0,0,[],[],0,0,,,,,,,,,,,Mild
2929,suddenly dont wanna recover anymore know get fat people never respect nothing everyone thinks fat gross,6/1/2022 17:28,,en,1,0,0,[],[],0,0,,,,,,,,,,,Mild
2930,ngl actually helps,6/1/2022 17:28,,en,1,0,0,[],[],0,0,,,,,,,,,,,Mild
2931,pls pls pls,6/1/2022 17:28,,en,1,0,0,[],[],0,0,,,,,,,,,,,None
2932,definitely relapses,6/1/2022 17:28,,en,1,0,0,[],[],0,0,,,,,,,,,,,None
2933,transformation thread,6/1/2022 14:21,,en,0,0,0,[],[],0,0,,,,,,,,,,,Mild
2934,safe discord server must must edtwt retweet reach people reply get link server dms,5/31/2022 20:22,,en,0,0,0,[],[],0,0,,,,,,,,,,,Mild
2935,imagined made come true made server server sadly hours work building server going sleep share tomorrow teaser server really good,5/30/2022 22:45,,en,1,0,1,[],[],0,0,,,,,,,,,,,Mild
2936,us like,5/28/2022 2:08,,en,0,0,0,[],[],0,0,,,,,,,,,,,None
2937,edtwt shtwt stg keep making people feel invalidated ask doctor report every shit feel say make feel valid realize stupid sound,5/27/2022 22:18,,en,1,0,0,[],[],0,0,,,,,,,,,,,Mild
2938,hello edtwt asking moots man standing light skin tone selector pls like rb ur minor nd want moots pls yr age bio wont fb lt gore fatspo accs pronouns,5/27/2022 20:18,,en,0,0,0,[],[],0,0,,,,,,,,,,,Mild
2939,link thread,5/27/2022 20:12,,en,0,0,0,[],[],0,0,,,,,,,,,,,None
2940,hi guys created discord gc edtwt focus study reading whatever need also discuss several ed related topics safely want join reply send us dm,5/27/2022 20:10,,en,0,0,0,[],[],0,0,,,,,,,,,,,Mild
2941,hope everyone edtwt learn one day deserve recovery deserve happy respected everyone year olds year olds people sent gore everyone deserve feel happiness really really hope one day u,5/27/2022 19:36,,en,0,0,0,[],[],0,0,,,,,,,,,,,Mild
2942,literally chose worst time come back edtwt,5/27/2022 19:35,,en,1,0,0,[],[],0,0,,,,,,,,,,,Mild
2943,looked pintrest perfect body came body isnt perfect think eat,5/27/2022 17:47,,en,1,0,0,[],[],0,0,,,,,,,,,,,Mild
2944,made truly,5/25/2022 15:04,,en,0,0,0,[],[],0,0,,,,,,,,,,,None
2945,rt reach ugw next year lt,5/25/2022 12:06,,en,0,0,1,[],[],0,0,,,,,,,,,,,Mild
2946,server full sweetness total safe space anyone join server also studying nerds invited,5/25/2022 0:46,,en,0,0,1,[],[],0,0,,,,,,,,,,,Mild
2947,shitaraki noodles saying,5/24/2022 22:43,,en,1,0,0,[],[],0,0,,,,,,,,,,,Mild
2948,edtwt whats weird fear like actually weird mines nutcrackers,5/23/2022 18:49,,en,0,0,3,[],[],0,0,,,,,,,,,,,Mild
2949,much money eat three,5/22/2022 23:41,,en,0,0,1,[],[],0,0,,,,,,,,,,,Mild
2950,making close edtwt gc requirements share ur personal info including ur social security number address moms phone number,5/22/2022 16:57,,en,0,0,1,[],[],0,0,,,,,,,,,,,Mild
2951,model routine diet regimen simulation thread inspired,5/19/2022 16:39,,en,0,0,1,[],[],0,1,,,,,,,,,,,Mild
2952,tips fellow minors edtwt thread,5/19/2022 3:12,,en,0,0,0,[],[],0,0,,,,,,,,,,,Mild
2953,changed mf im mentally ill meds joined shtwt edtwt,5/17/2022 16:59,,en,0,0,2,[],[],0,0,,,,,,,,,,,Mild
2954,omg imagine everyone edtwt met irl one day itd sm fun,5/14/2022 2:18,,en,0,0,1,[],[],0,0,,,,,,,,,,,Mild
2955,edtwt group therapy therapist,5/14/2022 2:15,,en,1,0,1,[],[],0,0,,,,,,,,,,,Mild
2956,edtwt june jul fuck fat people fat people deserve e edtwt uwu shes chubby still cute wears well,5/13/2022 23:12,,en,0,0,2,[],[],0,1,,,,,,,,,,,Mild
2957,sexual tension shtwt edtwt,5/13/2022 16:38,,en,0,0,0,[],[],0,0,,,,,,,,,,,Mild
2958,umm edtwt looks like going grocery shopping celery,5/12/2022 2:28,,en,1,0,5,[],[],0,1,,,,,,,,,,,Mild
2959,go,5/10/2022 16:57,,en,0,0,0,[],[],0,0,,,,,,,,,,,None
2960,never shaming anyone edtwt way eat,5/10/2022 16:57,,en,1,0,0,[],[],0,0,,,,,,,,,,,Mild
2961,artist group chat form artist gc painting drawing sewing music rt added flops,5/10/2022 16:57,,en,1,0,1,[],[],0,0,,,,,,,,,,,Mild
2962,btw im last diet ended binging phase hate numbers better binging,5/10/2022 16:56,,en,1,0,0,[],[],0,0,,,,,,,,,,,Mild
2963,small ed twt accounts rt follow want moots actuals interact,5/10/2022 16:56,,en,1,0,0,[],[],0,0,,,,,,,,,,,Mild
2964,edtwt need moots rt lgbtq sw higher lbs anxiety depression interact often possibly even want join gc,5/10/2022 16:56,,en,1,0,0,[],[],0,0,,,,,,,,,,,Mild
2965,edtwt rt ill chose mc mob u based acc,5/10/2022 16:56,,en,1,0,0,[],[],0,0,,,,,,,,,,,Mild
2966,edtwt stop invalidating forgetting abt bed challenge,5/10/2022 16:56,,en,1,0,0,[],[],0,0,,,,,,,,,,,Mild
2967,edtwt dont eat fatty also edtwt omg u ate im happy,5/10/2022 16:56,,en,1,0,0,[],[],0,0,,,,,,,,,,,Mild
2968,hey ed twt ed kind twenties rt like im gonna follow im,5/10/2022 16:56,,en,1,0,0,[],[],0,0,,,,,,,,,,,Mild
2969,hey theres lot suicide related stuff going timeline wanted share hotlines textlines yall youre crisis situation please share,5/10/2022 16:56,,en,1,0,0,[],[],0,0,,,,,,,,,,,Mild
2970,heyy could yall maybe rt ur im back twt almost two years want find moots bonus points also fatphobia gore pls good humans thanks,5/10/2022 16:56,,en,1,0,0,[],[],0,0,,,,,,,,,,,Mild
2971,honestly bonespo guilty pleasure,5/9/2022 11:07,,en,1,0,0,[],[],0,0,,,,,,,,,,,Mild
2972,love picture much,6/11/2022 8:17,,en,0,0,0,[],[],0,0,,,,,,,,,,,None
2973,im big lesbian,6/11/2022 8:13,,en,0,0,1,[],[],0,0,,,,,,,,,,,None
2974,new edtwt would like follow ppl around age rt mutuals,6/10/2022 23:56,,en,0,0,0,[],[],0,0,,,,,,,,,,,Mild
2975,look fat body hope pic soon,6/10/2022 23:56,,en,2,0,1,[],[],0,0,,,,,,,,,,,Mild
2976,edtwt tl dead rt youre,6/9/2022 7:00,,en,0,0,1,[],[],0,0,,,,,,,,,,,Mild
2977,tw new edtwt cm cw lbs kg gw lbs kg ugw lbs kg taken kpop anime games rt moots,6/9/2022 0:04,,en,0,0,3,[],[],0,0,,,,,,,,,,,Mild
2978,us saying shouldnt twitter especially edtwt doesnt mean think ed invalid wtf lol stop reaching,6/8/2022 13:48,,en,0,0,0,[],[],0,0,,,,,,,,,,,Mild
2979,edtwt het gays interact,6/1/2022 0:27,,en,0,0,1,[],[],0,0,,,,,,,,,,,Mild
2980,want christmas waist text back,5/25/2022 23:52,,en,0,1,4,[],[],0,0,,,,,,,,,,,Mild
2981,edtwt demographics plz fill thiz form accordingly nd rt spread,5/25/2022 1:40,,en,0,0,0,[],[],0,0,,,,,,,,,,,Mild
2982,edtwt thanksgiving,5/24/2022 11:45,,en,1,0,3,[],[],0,0,,,,,,,,,,,Mild
2983,many edtwt moots witchcraft tryna see,5/20/2022 13:39,,en,0,1,3,[],[],0,1,,,,,,,,,,,Mild
2984,avoid bad binge rt help people may need,5/15/2022 5:28,,en,0,0,0,[],[],0,1,,,,,,,,,,,Mild
2985,new edtwt rt lets moots lt venus yo cw gw ugw pro recovery non ed twt dni,5/15/2022 5:27,,en,1,0,2,[],[],0,0,,,,,,,,,,,Mild
2986,ed twt uses bmi valid orientation healthy unhealthy weight,5/7/2022 11:00,,en,1,0,4,[],[],0,0,,,,,,,,,,,Mild
2987,ill one say green tea really isnt bad,4/30/2022 17:31,,en,0,0,3,[],[],0,0,,,,,,,,,,,Mild
2988,lexi new ed twt forgot password old account cw gw black rt moots,4/22/2022 7:22,,en,1,0,0,[],[],0,0,,,,,,,,,,,Mild
2989,anyone edtwt thats trump supporter kinda deserved ed said said,4/20/2022 3:30,,en,0,0,7,[],[],0,0,,,,,,,,,,,Mild
2990,edtwt families react ed ive heard lot stories divorce siblings hating,4/19/2022 2:22,,en,1,0,2,[],[],0,0,,,,,,,,,,,Mild
2991,edtwt cities tracker use use mfp ugly annoying need new one,4/10/2022 23:13,,en,0,0,0,[],[],0,0,,,,,,,,,,,Mild
2992,hii im new ed twt cw gw rt mutuals,4/1/2022 13:19,,en,0,0,2,[],[],0,0,,,,,,,,,,,Mild
2993,understand proana thing u pro disorder literally ruining ur mental physical health ur irl relationships ur grades ur personal achievements disease ends lives everyday u pro gen,4/1/2022 2:39,,en,0,0,0,[],[],0,1,,,,,,,,,,,Mild
2994,question people live seattle please comment ill ask,3/31/2022 6:09,,en,0,0,2,[],[],0,0,,,,,,,,,,,Mild
2995,mum saw twt went whats edtwt say short ed sheeran thinks stan help,3/30/2022 1:34,,en,4,0,7,[],[],0,0,,,,,,,,,,,Mild
2996,new rt moots lt,3/27/2022 7:11,,en,0,0,0,[],[],0,0,,,,,,,,,,,None
2997,new edtwt kpop ednos ive always lurked never created acc like rt mutuals,3/23/2022 14:13,,en,0,0,3,[],[],0,0,,,,,,,,,,,Mild
2998,new edtwt please rt want moots,3/21/2022 6:32,,en,0,0,5,[],[],0,0,,,,,,,,,,,Mild
2999,okay lot ppl wanting monday august th pm est tag u recommendation movie lmk ill narrow n make poll ed documentaries movies please lol lt,5/25/2017 21:46,,en,0,0,1,[],[],0,0,,,,,,,,,,,Mild
3000,please active edtwt account rt say hi follow tl dead,5/22/2017 12:21,,en,1,2,10,[],[],0,0,,,,,,,,,,,Mild
3001,works kinda well,4/26/2017 10:53,,en,1,0,1,[],[],0,0,,,,,,,,,,,None
3002,joe biden plan get rid edtwt shade room,3/9/2017 5:58,,en,0,0,1,[],[],0,0,,,,,,,,,,,Mild
3003,edtwt need help im tryna prove smth irl rt u genuinely wish recovery people ed,1/6/2017 15:02,,en,0,0,1,[],[],0,1,,,,,,,,,,,Mild
3004,people posting things like oomf ugly u edtwt maybe dont say bunch mentally ill people self image issues especially suffer exact thing u know feels,1/1/2017 3:28,,en,0,0,0,[],[],0,0,,,,,,,,,,,Mild
3005,nschie mag inspektor barnaby wie ich,12/17/2016 14:32,,en,0,0,0,[],[],0,0,,,,,,,,,,,Mild
3006,dumbass ppl edtwt live bruh,12/13/2016 15:08,,en,0,0,0,[],[],0,0,,,,,,,,,,,Mild
3007,ednos flexed biceps medium dark skin tone flexed biceps medium dark skin tone,12/12/2016 15:14,,en,0,1,1,[],[],0,0,,,,,,,,,,,Mild
3008,kinda yes ppl made feel llike shit maybe would started regardless learned ed tumblr shit kinda gave tips whatever stuck ednos,12/3/2016 12:03,,en,0,0,1,[],[],0,0,,,,,,,,,,,Mild
3009,show world gen z capable oh gonna take big bad edtwt,11/29/2016 14:22,,en,0,0,1,[],[],0,0,,,,,,,,,,,Mild
3010,polls random questions,11/17/2016 14:32,,en,0,0,0,[],[],0,1,,,,,,,,,,,Mild
3011,acting like wanna side club,11/17/2016 14:08,,en,0,0,0,[],[],0,0,,,,,,,,,,,Mild
3012,polls bored,11/4/2016 4:59,,en,1,1,1,[],[],0,0,,,,,,,,,,,None
3013,edtwt ppl lost kgs thread,10/24/2016 11:09,,en,0,0,0,[],[],0,0,,,,,,,,,,,Mild
3014,Breaking down not even mid workout bc im done with this shit,6/10/2022 7:40,,en,0,2,14,[],[],0,0,,,,,,,,,,,Mild
3015,dont edtwt dont support people recovery,6/10/2022 6:24,,en,0,0,1,[],[],0,0,,,,,,,,,,,Mild
3016,ednos constant cycle sike every three days,6/10/2022 1:42,,en,0,0,2,[],[],0,0,,,,,,,,,,,Mild
3017,everyone edtwt genuinely gorgeous ugly lol,6/10/2022 1:40,,en,1,0,1,[],[],0,0,,,,,,,,,,,Mild
3018,food polls ed twt bc im bored lt enjoy,6/9/2022 12:32,,en,0,0,2,[],[],0,0,,,,,,,,,,,Mild
3019,god needed,6/8/2022 23:31,,en,1,0,1,[],[],0,0,,,,,,,,,,,None
3020,month pls b careful,6/8/2022 9:52,,en,4,0,1,[],[],0,0,,,,,,,,,,,None
3021,ppl edtwt lost lbs short ass amount time,6/6/2022 14:38,,en,0,0,0,[],[],0,0,,,,,,,,,,,Mild
3022,gt lt edtwt holiday poll rt voting,6/6/2022 0:55,,en,0,0,5,[],[],0,0,,,,,,,,,,,Mild
3023,tw racism look know hate persons guts literal white supremacist edtwt pretty fucking bold probably changes anything need reported site,6/4/2022 23:29,,en,0,0,1,[],[],0,0,,,,,,,,,,,Mild
3024,fuck cares much really competing followers edtwt,6/4/2022 23:28,,en,1,0,0,[],[],0,0,,,,,,,,,,,Mild
3025,edtwt acc followed main oopsie something um,6/3/2022 13:25,,en,0,0,1,[],[],0,0,,,,,,,,,,,Mild
3026,hey edtwt first time drinking,6/3/2022 13:20,,en,1,0,10,[],[],0,1,,,,,,,,,,,Mild
3027,please dni u support xenogenders neopronouns ur homophobic racist transphobic etc fit basic dni criteria ur edtwt thank u,6/3/2022 13:15,,en,1,0,0,[],[],0,0,,,,,,,,,,,Mild
3028,dont understand badly want eat,6/3/2022 4:56,,en,1,0,1,[],[],0,0,,,,,,,,,,,Mild
3029,guys  think got over my hate for leos character development,6/2/2022 10:20,,en,0,0,3,[],[],0,0,,,,,,,,,,,Mild
3030,scales broken tells lost somewhere kgs excuse specify bit,6/2/2022 10:19,,en,0,0,1,[],[],0,0,,,,,,,,,,,Mild
3031,hi im new sw cw gw ugw rt mutuals,6/2/2022 9:03,,en,1,0,0,[],[],0,0,,,,,,,,,,,Mild
3032,like sit ups reply squats retweet sec plank help please,11/5/2020 6:43,,en,1,0,1,[],[],0,0,,,,,,,,,,,Mild
3033,guess im back edtwt gained lot kinda feel terrible,11/5/2020 6:41,,en,1,0,1,[],[],0,0,,,,,,,,,,,Mild
3034,twitter fucking hilarious lol never take seriously,10/11/2020 23:06,,en,0,0,1,[],[],0,0,,,,,,,,,,,Mild
3035,omg yes im new edtwt,9/9/2020 1:12,,en,0,0,0,[],[],0,0,,,,,,,,,,,Mild
3036,get rid stereotype everyone edtwt body dysmorphia like actually fat head,9/4/2020 14:50,,en,0,0,6,[],[],0,0,,,,,,,,,,,Mild
3037,edtwt get many steps u going,12/7/2019 9:01,,en,1,0,1,[],[],0,0,,,,,,,,,,,Mild
3038,edtwt dad also make really uncomfortable,11/16/2019 10:02,,en,0,0,1,[],[],0,0,,,,,,,,,,,Mild
3039,turns meals,11/16/2019 10:00,,en,0,0,1,[],[],0,0,,,,,,,,,,,Mild
3040,help,10/29/2019 10:57,,en,0,0,1,[],[],0,0,,,,,,,,,,,Mild
3041,help,10/28/2019 7:08,,en,0,0,0,[],[],0,1,,,,,,,,,,,Mild
3042,im really fucking rn dont know ill someone help,10/28/2019 5:58,,en,1,3,6,[],[],0,0,,,,,,,,,,,Mild
3043,japanese edtwt accounts thats found mizukirin addictyou ichigo hime lalachann okwpkfzjehhgzbj ran skr stbmilk alikawasp,10/25/2019 22:59,,en,0,0,0,[],[],0,0,,,,,,,,,,,Mild
3044,want able take pic like without wanting cry,10/25/2019 4:59,,en,0,0,1,[],[],0,0,,,,,,,,,,,Mild
3045,want able take pic like without wanting cry,10/24/2019 15:23,,en,0,0,0,[],[],0,0,,,,,,,,,,,Mild
3046,crush literally told didnt like revenge bod needs come quick,10/24/2019 14:13,,en,0,0,0,[],[],0,0,,,,,,,,,,,Mild
3047,new trend name one thing body actually dont mind like like fact dont stretch marks tummy,10/24/2019 13:33,,en,5,12,74,[],[],0,1,,,,,,,,,,,Mild
3048,new trend name one thing body actually dont mind like like fact dont stretch marks tummy,10/22/2019 16:22,,en,0,2,3,[],[],0,0,,,,,,,,,,,Mild
3049,need people tl pls retweet older shtwt edtwt follow u,10/20/2019 16:53,,en,0,0,0,[],[],0,0,,,,,,,,,,,Mild
3050,lgbtq gc safe space queer trans people ed community meet make friends reblog added lt,10/19/2019 21:18,,en,0,0,1,[],[],0,0,,,,,,,,,,,Mild
3051,fat era,10/18/2019 5:43,,en,0,0,0,[],[],0,0,,,,,,,,,,,Mild
3052,spanish teacher rlly calling,10/17/2019 9:39,,en,0,0,2,[],[],0,0,,,,,,,,,,,Mild
3053,omg miss zendaya serving us bonespo,10/15/2019 14:58,,en,0,0,0,[],[],0,0,,,,,,,,,,,Mild
3054,hurt different,10/15/2019 13:08,,en,0,0,2,[],[],0,0,,,,,,,,,,,Mild
3055,im tryna shes cute pls,6/9/2022 8:32,,en,0,1,3,[],[],0,0,,,,,,,,,,,Mild
3056,think caus tell u would fuck shit,3/11/2022 6:08,,en,1,0,6,[],[],0,1,,,,,,,,,,,Mild
3057,think caus tell u would fuck shit,9/1/2021 5:04,,en,1,0,1,[],[],0,0,,,,,,,,,,,Mild
3058,fuck id without slatt,8/22/2021 10:04,,en,0,0,126,[],[],0,1,,,,,,,,,,,Mild
3059,pls screams ednos,7/3/2021 4:25,,en,1,0,2,[],[],0,0,,,,,,,,,,,Mild
3060,hw lw nd cw like honestly fuck ednos literally cant loose,7/3/2021 2:37,,en,0,0,2,[],[],0,0,,,,,,,,,,,Mild
3061,hw lw nd cw like honestly fuck ednos literally cant loose,7/2/2021 9:55,,en,0,0,1,[],[],0,0,,,,,,,,,,,Mild
3062,australian edtwt yall actually eat fairy bread caus shit looks gross,7/2/2021 8:48,,en,0,0,2,[],[],0,0,,,,,,,,,,,Mild
3063,australian edtwt yall binge fairy bread confusion era,7/2/2021 8:48,,en,1,0,1,[],[],0,0,,,,,,,,,,,Mild
3064,edtwt lost lbs day yall love fuckin see itt,7/2/2021 8:47,,en,0,0,1,[],[],0,0,,,,,,,,,,,Mild
3065,edtwt sexiest thing u ever seen ur life say,7/2/2021 6:56,,en,0,0,0,[],[],0,0,,,,,,,,,,,Mild
3066,edtwt sexiest thing u ever seen ur life say,7/2/2021 6:53,,en,0,0,1,[],[],0,0,,,,,,,,,,,Mild
3067,edtwt ignore im wearing lmao bodycheckk pls dont bully hard feel gross rn,7/2/2021 6:46,,en,0,0,1,[],[],0,0,,,,,,,,,,,Mild
3068,gn edtwt manifesting u loose lbs overnight lt,7/2/2021 5:49,,en,0,0,1,[],[],0,0,,,,,,,,,,,Mild
3069,helpp irl snapped saying thinks ed nd talk abt say,7/2/2021 5:13,,en,0,0,1,[],[],0,0,,,,,,,,,,,Mild
3070,helpp irl snapped saying thinks ed nd talk abt say,6/25/2021 5:51,,en,0,14,84,[],[],0,0,,,,,,,,,,,Mild
3071,hmm wanna weigh ik ill breakdown ive gained ive lost lower cw bio uhmm thinking,6/23/2021 3:19,,en,0,0,1,[],[],0,0,,,,,,,,,,,Mild
3072,ate much today feeling fat,6/10/2021 7:18,,en,1,0,2,[],[],0,0,,,,,,,,,,,Mild
3073,im fucking hungry helpp,5/22/2021 23:51,,en,0,3,4,[],[],0,0,,,,,,,,,,,Mild
3074,mfs edtwt,4/3/2021 5:51,,en,1,0,1,[],[],0,0,,,,,,,,,,,Mild
3075,mfs edtwt,3/11/2021 11:08,,en,1,0,2,[],[],0,1,,,,,,,,,,,Mild
3076,going edtwt class someone sees phone,11/8/2020 3:30,,en,5,67,335,[],[],0,1,,,,,,,,,,,Mild
3077,going edtwt classif someone sees phone,8/11/2013 5:35,,en,1,4,6,[],[],0,0,,,,,,,,,,,Mild
3078,ok edtwt unpinning reach lbs,8/11/2013 2:57,,en,4,8,15,[],[],0,1,,,,,,,,,,,Mild
3079,omg weighed lbs nd shit hdhdsk im happy thought gained,8/10/2013 13:59,,en,1,7,4,[],[],0,0,,,,,,,,,,,Mild
3080,pls tell u fuelled ed brain,8/10/2013 3:19,,en,1,0,0,[],[],0,0,,,,,,,,,,,Mild
3081,pls tell u fuelled ed brain,8/10/2013 2:58,,en,2,0,1,[],[],0,0,,,,,,,,,,,Mild
3082,pls hurt shouldve,8/10/2013 1:57,,en,1,5,2,[],[],0,0,,,,,,,,,,,None
3083,plsthis hurt shouldve,8/9/2013 12:40,,en,4,15,28,[],[],0,1,,,,,,,,,,,Mild
3084,ed memes make ur edtwt tl thread,8/8/2013 6:38,,en,6,13,28,[],[],0,1,,,,,,,,,,,Mild
3085,edtwt symptom polls rt finished,8/7/2013 10:25,,en,4,10,24,[],[],0,1,,,,,,,,,,,Mild
3086,toxic edtwt polls thread plz rt,8/7/2013 1:11,,en,2,5,10,[],[],0,1,,,,,,,,,,,Mild
3087,chem class started adderall snorted determination high time scroll edtwt hrs,6/7/2022 1:00,,en,0,0,0,[],[],0,0,,,,,,,,,,,Mild
3088,join edtwt wrong time happened edtwt drama missed leave,6/3/2022 18:55,,en,0,0,6,[],[],0,0,,,,,,,,,,,Mild
3089,dude woulda weird edtwt bc like u let minors interact u cant interact adults turn happens ur minor moots like putting minors dni ur bio would lie bc ur p stressing,5/8/2022 22:49,,en,1,0,0,[],[],0,0,,,,,,,,,,,Mild
3090,edtwt play roblox lets play together,5/2/2022 4:35,,en,0,0,4,[],[],0,0,,,,,,,,,,,Mild
3091,edtwt roblox gc one plays,4/21/2022 4:41,,en,0,1,9,[],[],0,0,,,,,,,,,,,Mild
3092,edtwt u start scamming men online money,4/16/2022 13:12,,en,0,9,17,[],[],0,1,,,,,,,,,,,Mild
3093,stg everyone edtwt fucking model every one stunning,4/16/2022 13:11,,en,0,2,10,[],[],0,1,,,,,,,,,,,Mild
3094,want make moots rt reply edtwt college mayb considered alt rlly music art crying upset stressed ty gn,4/16/2022 13:09,,en,0,11,37,[],[],0,1,,,,,,,,,,,Mild
3095,wish toxic ex still mentally ill pretended cause ik would edtwt delaney ur hi,4/4/2022 11:07,,en,1,0,3,[],[],0,0,,,,,,,,,,,Mild
3096,im never scrolling thru saw stan account liketw ed anyone moots also edtwt ill let u follow like asking whats ed brugfrhruesgreiuaognreioag noo eds start,4/4/2022 10:59,,en,0,1,14,[],[],0,1,,,,,,,,,,,Mild
3097,minors edtwt hypotcritical watch distance go canceling someone toxic subtweeting fat oomf like huh,3/19/2022 3:16,,en,0,4,7,[],[],0,1,,,,,,,,,,,Mild
3098,minors vs edtwt,3/11/2022 18:17,,en,0,6,19,[],[],0,1,,,,,,,,,,,Mild
3099,reminder tweet using belt dolphins name tweeting must u could ignore yanno bc could expose people edtwt also could bring n fw p dos contact w minors yeah,3/9/2022 4:36,,en,0,0,2,[],[],0,0,,,,,,,,,,,Mild
3100,someone make amberlynn reid thread edtwt,1/1/2022 11:18,,en,1,0,1,[],[],0,0,,,,,,,,,,,Mild
3101,everyone isnt edtwt thinks edtwt like,12/30/2021 2:05,,en,0,0,0,[],[],0,0,,,,,,,,,,,Mild
3102,would get cancelled replying poop sock kpop edtwt tweets abt idols bmi n diet like hating jus poop sock,12/26/2021 0:31,,en,0,0,1,[],[],0,0,,,,,,,,,,,Mild
3103,yall wouldnt stop outing belle delphine edtwt unfollowed sm ppl aa,12/26/2021 0:17,,en,0,0,3,[],[],0,0,,,,,,,,,,,Mild
3104,august bmi fav video please rt share save comment,12/26/2021 0:16,,en,0,0,2,[],[],0,0,,,,,,,,,,,Mild
3105,edtwt getting together thanksgiving dinner,12/26/2021 0:14,,en,0,3,9,[],[],0,1,,,,,,,,,,,Mild
3106,february bmi around ish feel free share,12/26/2021 0:13,,en,1,0,5,[],[],0,0,,,,,,,,,,,Mild
3107,hi edtwt come spend christmas themed day sanrio themed safe srs,12/26/2021 0:11,,en,2,13,60,[],[],0,0,,,,,,,,,,,Mild
3108,new im cw kg gw kg rt like b moots,11/7/2021 6:47,,en,1,0,1,[],[],0,0,,,,,,,,,,,Mild
3109,ok whats athena bisexual lw lbs kgs cw lbs kgs gw lbs kgs ugw lbs kgs want friends interact moots v,11/5/2021 2:14,,en,0,0,0,[],[],0,0,,,,,,,,,,,Mild
3110,open use neopronouns safe u dont use neopronouns rt,10/29/2021 2:03,,en,0,0,0,[],[],0,0,,,,,,,,,,,Mild
3111,funny like light yagami edtwt,10/29/2021 2:02,,en,0,0,1,[],[],0,0,,,,,,,,,,,Mild
3112,uh rt gc edtwt ed gc ages u gotta active pls flops didnt post would embarassing,10/29/2021 2:02,,en,0,0,2,[],[],0,0,,,,,,,,,,,Mild
3113,actually good day terms mood food yes make salad dinner wet miserable winter day ate didnt purge also got outside back national trust gardens today made feel pretty chilled despite cold,10/24/2021 21:38,,en,0,19,45,[],[],0,1,,,,,,,,,,,Mild
3114,ed rampage cant remember last time didnt b p even covid cant call outpatient assigned therapy community care coordinator july gp hasnt got anything offer op referral shes already made,10/24/2021 21:32,,en,0,22,49,[],[],0,1,,,,,,,,,,,Mild
3115,ed memes getting morning,6/9/2022 22:01,,en,0,0,3,[],[],0,0,,,,,,,,,,,Mild
3116,context profession would want teaching child niece brother etc id two hours training across core subjects two hours enough would take longer watch lord rings,6/10/2022 7:10,,en,0,1,2,[],[],0,0,,,,,,,,,,,Mild
3117,referred random therapy ive never heard outpatient team nobody trained wont seen anyone community months offer one phone call nurse assessed see whats fucking point,6/9/2022 21:39,,en,0,1,1,[],[],0,0,,,,,,,,,,,Mild
3118,unpinning kgs,6/8/2022 3:51,,en,0,1,1,[],[],0,1,,,,,,,,,,,Mild
3119,fuuckk already dec st arhh make progress actually gained fuck need lose like kgs til dec else gonna cry forever ever,6/7/2022 22:43,,en,0,1,1,[],[],0,0,,,,,,,,,,,Mild
3120,hi someone wanna pls start iu diet gained fuckin kilos abt kms snap like facetime whatever everyday keep eachother leash ahah denmark btw someone kind timezone c,6/7/2022 7:31,,en,1,8,11,[],[],0,1,,,,,,,,,,,Mild
3121,hii im new first account yo ugw please sent aesthetic grunge edgy emo,6/7/2022 4:02,,en,0,0,2,[],[],0,0,,,,,,,,,,,Mild
3122,hii wanted say always dm even smallest random things like makeup looked good something always bored love help others love talk lol yeah nice day,6/7/2022 3:57,,en,0,1,2,[],[],0,0,,,,,,,,,,,Mild
3123,would literally hop bridge get ugw swim soo,6/6/2022 4:57,,en,0,3,5,[],[],0,0,,,,,,,,,,,Mild
3124,ihh gained lost long lost kgs idk happyy ii,6/6/2022 3:58,,en,0,4,9,[],[],0,1,,,,,,,,,,,Mild
3125,fuckin cryin fake fancams taking got scared saw really bad shit gt,6/6/2022 3:55,,en,0,0,2,[],[],0,0,,,,,,,,,,,Mild
3126,quick need help someone pls send diet plan help lose like kgs days know alot pls someone help,6/6/2022 3:09,,en,0,2,5,[],[],0,1,,,,,,,,,,,Mild
3127,reply give random pic pinterest boards credit,6/6/2022 3:04,,en,0,1,6,[],[],0,1,,,,,,,,,,,Mild
3128,send best wattpad stories pls bored lol,6/6/2022 2:56,,en,0,1,2,[],[],0,1,,,,,,,,,,,Mild
3129,somebody follow insta lol think post prettyy cool stuff lolz insta mooncries,6/6/2022 2:52,,en,0,1,7,[],[],0,1,,,,,,,,,,,Mild
3130,stole hehe give,6/6/2022 2:47,,en,0,1,7,[],[],0,1,,,,,,,,,,,None
3131,sweet ahh,6/6/2022 0:47,,en,0,1,1,[],[],0,1,,,,,,,,,,,None
3132,much weigh edtwt thread,6/5/2022 2:11,,en,0,0,3,[],[],0,0,,,,,,,,,,,Mild
3133,edtwt rt gm americans remember todays festivities celebration murder hundreds pequot people foreign invaders u abusive family dont put urself harms way trying protest please acknowledge thanksgivings horrible roots,6/5/2022 1:53,,en,0,1,1,[],[],0,0,,,,,,,,,,,Mild
3134,tw rape mentions proana follow saintslits please block unf tweets abt rape genuinely triggering hell anti recovery bs usually encourage mass reporting tweets abt rape recovery reported srs,6/5/2022 1:01,,en,0,0,2,[],[],0,1,,,,,,,,,,,Mild
3135,edtwt advent calendar tap tree proceed,6/5/2022 0:46,,en,0,0,1,[],[],0,0,,,,,,,,,,,Mild
3136,lbs hw lowest weight rn lbs,6/5/2022 0:43,,en,0,0,1,[],[],0,1,,,,,,,,,,,Mild
3137,poll random question,6/4/2022 23:03,,en,0,2,3,[],[],0,1,,,,,,,,,,,None
3138,black edtwt users drop ur c shapp p ypals gofundmes pls rt,6/4/2022 6:55,,en,0,0,1,[],[],0,0,,,,,,,,,,,Mild
3139,dni edtwt also reminder nonnatives say natives observe thanksgiving native wants celebrate right native wants mourn right dont want see u calling native celebrating,6/4/2022 6:50,,en,0,1,2,[],[],0,0,,,,,,,,,,,Mild
3140,dont join edtwt dont already ed isnt fun quirky diet plan idiot,6/4/2022 6:42,,en,0,0,1,[],[],0,0,,,,,,,,,,,Mild
3141,edtwt related polls thread,6/4/2022 5:18,,en,0,1,3,[],[],0,1,,,,,,,,,,,Mild
3142,edtwt would like join discord gc works like survival show would need one two admins server already made rt people see comment like join ill share link later enough people want join,6/4/2022 3:54,,en,0,1,1,[],[],0,0,,,,,,,,,,,Mild
3143,hi im new ed seen lot people minor ed years interact mutuals,6/4/2022 3:44,,en,0,0,1,[],[],0,0,,,,,,,,,,,Mild
3144,censor much shit incase people look certain terms find ass wanna perceived anyone else except edtwt thank,6/4/2022 3:43,,en,0,0,1,[],[],0,0,,,,,,,,,,,Mild
3145,interactive thread going picnic please retweet lt polls edtwt remember look photos voting,6/4/2022 3:29,,en,0,1,1,[],[],0,1,,,,,,,,,,,Mild
3146,manifestation circle edtwt reach ur ugw,6/4/2022 3:19,,en,0,0,1,[],[],0,0,,,,,,,,,,,Mild
3147,manifesting im gonna look like ill manifest whoever retweets gt lt,6/4/2022 3:17,,en,0,1,1,[],[],0,0,,,,,,,,,,,Mild
3148,new rt ur,6/4/2022 3:11,,en,0,1,1,[],[],0,0,,,,,,,,,,,None
3149,nutrition info thread everything need know science based proven please rt spread,6/4/2022 3:08,,en,0,0,1,[],[],0,0,,,,,,,,,,,Mild
3150,people deserve world happiness thread,6/4/2022 3:06,,en,0,1,1,[],[],0,0,,,,,,,,,,,Mild
3151,plz rt usually wouldnt post something like edtwt family really hard time financially want try help much im selling art ill everything way cheaper usual prices really need help right,6/3/2022 5:00,,en,0,0,0,[],[],0,0,,,,,,,,,,,Mild
3152,reply rt join edtwt gc share everything eat share exercise plans active dont lame opens people,6/2/2022 6:31,,en,0,0,2,[],[],0,0,,,,,,,,,,,Mild
3153,rt binge month manefestting making weight loss spell,6/1/2022 7:41,,en,0,2,3,[],[],0,1,,,,,,,,,,,Mild
3154,polls im bored want moots talk lt,6/1/2022 4:32,,en,0,2,3,[],[],0,0,,,,,,,,,,,Mild
3155,sometimes forget edtwt like omg dying arent,6/1/2022 4:26,,en,0,4,9,[],[],0,0,,,,,,,,,,,Mild
3156,spend day edtwt christmas edition help distract need today pls rt voting,5/30/2022 22:30,,en,2,1,1,[],[],0,1,,,,,,,,,,,Mild
3157,poll thread keep distracted lt,5/29/2022 7:00,,en,0,0,1,[],[],0,0,,,,,,,,,,,Mild
3158,tw suicide suicide mention hi edtwt today sad day today lost someone lot close community members commits rates often spike crisis lines every country around world please reach please dont go love,5/29/2022 5:13,,en,0,1,3,[],[],0,0,,,,,,,,,,,Mild
3159,edtwt tea party december st holidays roll show yummy tea cute mugs,5/28/2022 23:05,,en,0,1,1,[],[],0,1,,,,,,,,,,,Mild
3160,people come edtwt tweet shit toxic literally anything better shuusshh,5/28/2022 22:49,,en,0,2,12,[],[],0,1,,,,,,,,,,,Mild
3161,edtwt suddenly binged august st,5/28/2022 22:12,,en,0,0,1,[],[],0,0,,,,,,,,,,,Mild
3162,hello im mortie new want new moots eighteen gw kg capricorn aries scorpio mutuals,5/28/2022 10:04,,en,0,0,2,[],[],0,0,,,,,,,,,,,Mild
3163,got deleted help find mutualss used ct b rrust,5/27/2022 7:15,,en,0,0,2,[],[],0,0,,,,,,,,,,,Mild
3164,thank universe making lose kg week thank universe making lose kg week thank universe making lose kg week thank universe making lose kg week rt claim lt,5/27/2022 5:55,,en,0,1,1,[],[],0,0,,,,,,,,,,,Mild
3165,fat shame babies pls get help bc wtf wrong,6/8/2022 2:53,,en,1,0,0,[],[],0,0,,,,,,,,,,,Mild
3166,opening edtwt whenever get urge eat,5/16/2022 11:24,,en,0,0,1,[],[],0,0,,,,,,,,,,,Mild
3167,new mutuals cw kg ugw kg,5/14/2022 13:59,,en,0,0,0,[],[],0,0,,,,,,,,,,,Mild
3168,guys look love sm sms msmsks,4/22/2022 12:21,,en,0,0,1,[],[],0,0,,,,,,,,,,,Mild
3169,ed every time eat anything,4/2/2022 16:02,,en,0,0,0,[],[],0,0,,,,,,,,,,,Mild
3170,ed every time eat anything,4/2/2022 3:26,,en,1,0,1,[],[],0,0,,,,,,,,,,,Mild
3171,vegans please rt find moots thank edtwt,4/2/2022 1:45,,en,0,0,0,[],[],0,0,,,,,,,,,,,Mild
3172,edtwt accounts please rt im dont want follow people much younger,4/1/2022 13:45,,en,1,0,0,[],[],0,0,,,,,,,,,,,Mild
3173,heres daily tweet saying im going recovery,3/29/2022 2:16,,en,0,0,0,[],[],0,0,,,,,,,,,,,Mild
3174,im done trying im going focus ed,3/28/2022 15:48,,en,0,0,0,[],[],0,0,,,,,,,,,,,Mild
3175,cravings mean thread,3/19/2022 23:02,,en,0,0,0,[],[],0,1,,,,,,,,,,,Mild
3176,maybe put non edtwt dni ur dn instead location,3/13/2022 3:48,,en,0,0,0,[],[],0,0,,,,,,,,,,,Mild
3177,ednos fattest scam ever existed,3/12/2022 4:45,,en,0,0,0,[],[],0,0,,,,,,,,,,,Mild
3178,edtwt demographic poll please rt,3/9/2022 4:57,,en,0,0,0,[],[],0,0,,,,,,,,,,,Mild
3179,new acc new edtwt interact moots marlowe teen neopronouns soft edtwt anime art alt fashion,3/7/2022 5:58,,en,0,0,0,[],[],0,0,,,,,,,,,,,Mild
3180,new acc new edtwt interact moots marlowe teen neopronouns soft edtwt anime art alt fashion,3/6/2022 9:15,,en,0,0,0,[],[],0,0,,,,,,,,,,,Mild
3181,new acc new edtwt interact moots,3/4/2022 2:08,,en,0,0,1,[],[],0,0,,,,,,,,,,,Mild
3182,deleted heard found someone ss posted show us since thats edtwt shook like wtf started like woman comes,3/2/2022 2:15,,en,0,0,0,[],[],0,0,,,,,,,,,,,Mild
3183,uhh im edtwt didnt notice,2/15/2022 6:21,,en,0,0,0,[],[],0,0,,,,,,,,,,,Mild
3184,dainty black tinspo cuz swear never gets posted,1/16/2022 9:43,,en,0,0,0,[],[],0,0,,,,,,,,,,,Mild
3185,black dolls edtwt better sorry,1/11/2022 7:01,,en,0,0,0,[],[],0,0,,,,,,,,,,,Mild
3186,also saw someone say something ed community tends act like ana default theres always people ednos,1/1/2022 10:50,,en,0,0,0,[],[],0,0,,,,,,,,,,,Mild
3187,also saw someone say something ed community tends act like ana default theres always people ednos others etc place everyone id like believe,1/1/2022 5:13,,en,0,0,0,[],[],0,0,,,,,,,,,,,Mild
3188,older faves mine anyone wanna shoutout accounts post mainly pics,5/31/2022 8:34,,en,0,0,0,[],[],0,0,,,,,,,,,,,Mild
3189,edtwt ppl go year end party together seems like quite interesting,5/30/2021 3:13,,en,0,0,1,[],[],0,0,,,,,,,,,,,Mild
3190,edtwt rt older would like mutuals around age,10/17/2020 4:24,,en,0,1,1,[],[],0,0,,,,,,,,,,,Mild
3191,edtwt weirdly personal yes question poll thread please rt enjoy,10/17/2020 4:20,,en,0,0,0,[],[],0,0,,,,,,,,,,,Mild
3192,hi rt u edtwt follow pls,10/11/2020 9:35,,en,0,0,0,[],[],0,0,,,,,,,,,,,Mild
3193,feel like person edtwt still eats chocolate thought somewhat invalidating,9/24/2020 8:00,,en,0,0,0,[],[],0,0,,,,,,,,,,,Mild
3194,youre edtwt please rt need moots lonely,9/18/2020 12:54,,en,0,0,0,[],[],0,0,,,,,,,,,,,Mild
3195,havent binged feel much better,3/5/2020 9:18,,en,0,0,0,[],[],0,0,,,,,,,,,,,Mild
3196,havent binged feel much better,2/14/2020 21:29,,en,0,0,0,[],[],0,0,,,,,,,,,,,Mild
3197,dont want finding relapsed claims ed like found sh,5/18/2019 7:30,,en,0,0,1,[],[],0,0,,,,,,,,,,,Mild
3198,ur edtwt came choice one stumbles upon unless ur looking ngl,9/20/2018 12:38,,en,0,0,4,[],[],0,0,,,,,,,,,,,Mild
3199,hey im kris im new interact moots like photos mine,9/3/2018 10:40,,en,0,0,1,[],[],0,0,,,,,,,,,,,Mild
3200,im spending much time edtwt im beginning fatphobic irls,6/28/2018 11:20,,en,0,0,0,[],[],0,0,,,,,,,,,,,Mild
3201,new ed twt rt moots,6/25/2018 10:55,,en,0,0,0,[],[],0,0,,,,,,,,,,,Mild
3202,ok ok question edtwt day log midnight workouts new day wake log whatever time happens,4/14/2018 9:36,,en,0,0,1,[],[],0,0,,,,,,,,,,,Mild
3203,apparently bmi good bad,10/20/2017 12:15,,en,0,0,0,[],[],0,0,,,,,,,,,,,Mild
3204,rt like claim,9/16/2017 8:01,,en,0,0,1,[],[],0,0,,,,,,,,,,,None
3205,want looked gorgeous body tiny want stared pig rolls everywhere cmon baby let anything distract goal,9/6/2017 23:26,,en,0,0,1,[],[],0,0,,,,,,,,,,,Mild
3206,edtwt gross good pictures,9/3/2017 0:49,,en,1,0,1,[],[],0,0,,,,,,,,,,,Mild
3207,edtwt every night bed,9/1/2017 8:03,,en,0,0,1,[],[],0,0,,,,,,,,,,,Mild
3208,edtwt parent toxic mom,8/31/2017 13:06,,en,0,0,0,[],[],0,0,,,,,,,,,,,Mild
3209,edtwt something,8/7/2017 8:20,,en,0,0,1,[],[],0,0,,,,,,,,,,,Mild
3210,edtwt whats favourite account edtwt,8/4/2017 3:38,,en,0,0,0,[],[],0,0,,,,,,,,,,,Mild
3211,edtwt whats favourite acoount edtwt,7/27/2017 11:18,,en,0,0,4,[],[],0,0,,,,,,,,,,,Mild
3212,edtwt thoughts,7/23/2017 13:56,,en,0,0,0,[],[],0,0,,,,,,,,,,,Mild
3213,every bite set back every bite set back every bite set back every bite set back every bite set back every bite set back every bite set back breathe thin breathe thin,7/12/2017 2:37,,en,0,3,11,[],[],0,1,,,,,,,,,,,Mild
3214,god really want eat didnt eat yesterday wonder fat pig gorging amount food elephant would eat absolutely revolting go situps maybe eat blueberry,6/18/2017 5:58,,en,0,0,0,[],[],0,1,,,,,,,,,,,Mild
3215,gross foods pics make lose appetite yall xx,6/6/2017 13:08,,en,0,0,1,[],[],0,0,,,,,,,,,,,Mild
3216,hey edtwt rt u daddy issues like u mommy issues im tryna see something,5/24/2017 6:01,,en,0,0,0,[],[],0,0,,,,,,,,,,,Mild
3217,hi im new rt like become mutuals yo cw lbs gw lbs height,5/11/2017 13:25,,en,0,0,1,[],[],0,0,,,,,,,,,,,Mild
3218,hii lt new ed twt tryna gain moots friends soo rt follow back,5/11/2017 12:18,,en,1,0,1,[],[],0,0,,,,,,,,,,,Mild
3219,feel disgusting ate much,5/11/2017 12:14,,en,1,0,1,[],[],0,0,,,,,,,,,,,Mild
3220,hate maths,4/30/2017 6:30,,en,0,0,0,[],[],0,0,,,,,,,,,,,None
3221,made diet cinnamaroll diet accidentally spelled cinnamaroll dont mind,4/25/2017 21:07,,en,0,0,4,[],[],0,1,,,,,,,,,,,Mild
3222,weighed morning lost kilogram half week,4/25/2017 7:45,,en,0,0,1,[],[],0,0,,,,,,,,,,,Mild
3223,lose kg days lose kg days lose kg days lose kg days lose kg days lose kg days lose kg days lose kg days manifesting hard rn,4/14/2017 1:12,,en,0,0,3,[],[],0,0,,,,,,,,,,,Mild
3224,im bored edtwt rt ill doodle think ur layout would look like person,4/11/2017 8:16,,en,0,0,0,[],[],0,0,,,,,,,,,,,Mild
3225,affective,3/30/2017 8:31,,en,0,0,1,[],[],0,0,,,,,,,,,,,None
3226,meals ed twt,2/21/2017 23:56,,en,0,0,0,[],[],0,0,,,,,,,,,,,Mild
3227,new ed twt like rt mutuals cm sw kg lbs cw kg lbs gw kg lbs allowed ur fat recovery dni,1/27/2017 0:05,,en,0,0,0,[],[],0,0,,,,,,,,,,,Mild
3228,saw fb post,12/19/2016 8:39,,en,0,0,0,[],[],0,0,,,,,,,,,,,None
3229,excerises ever bc im lazy,12/12/2016 11:19,,en,0,0,0,[],[],0,0,,,,,,,,,,,Mild
3230,today monster zero ibuprofen smiling face heart eyes,12/5/2016 9:14,,en,0,0,0,[],[],0,0,,,,,,,,,,,Mild
3231,tw ed ur choice thread btw please harsh best cuz first thread ed twt,12/4/2016 4:57,,en,0,0,1,[],[],0,0,,,,,,,,,,,Mild
3232,waking weighing less day,11/16/2016 11:29,,en,0,0,0,[],[],0,0,,,,,,,,,,,Mild
3233,shes edtwt,11/7/2016 15:44,,en,0,0,0,[],[],0,0,,,,,,,,,,,Mild
3234,choose,11/5/2016 8:58,,en,0,0,0,[],[],0,1,,,,,,,,,,,None
3235,choice,11/3/2016 16:00,,en,0,0,0,[],[],0,0,,,,,,,,,,,None
3236,choice,11/3/2016 15:49,,en,0,0,0,[],[],0,0,,,,,,,,,,,None
3237,anyone else edtwt zero exercise like dont exercise,11/3/2016 15:21,,en,0,0,1,[],[],0,0,,,,,,,,,,,Mild
3238,reminder edtwt please make sure ur contacts cannot find account phone number email,11/3/2016 13:07,,en,0,0,1,[],[],0,0,,,,,,,,,,,Mild
3239,another vegan edtwt user search youre vegan please rt looking new moots,10/3/2016 11:50,,en,2,1,2,[],[],0,0,,,,,,,,,,,Mild
3240,ednos like omad today yes meal may family size bag dorit one meal,9/11/2016 11:22,,en,0,0,0,[],[],0,0,,,,,,,,,,,Mild
3241,edtwt day drinking cups coffee,9/7/2016 7:56,,en,0,0,0,[],[],0,0,,,,,,,,,,,Mild
3242,edtwt second start shitting,9/3/2016 0:03,,en,0,0,0,[],[],0,0,,,,,,,,,,,Mild
3243,edtwt put sw hw lw cw gw gw gw ugw bio put age pronouns,9/2/2016 5:02,,en,0,0,0,[],[],0,0,,,,,,,,,,,Mild
3244,get edtwt vs wanna im e wanna g,8/30/2016 14:19,,en,0,0,0,[],[],0,0,,,,,,,,,,,Mild
3245,seen show,8/30/2016 14:16,,en,1,0,0,[],[],0,0,,,,,,,,,,,None
3246,ednos edtwt super fun ur binge cycle u feel like u arent allowed,8/30/2016 10:58,,en,0,0,1,[],[],0,0,,,,,,,,,,,Mild
3247,hey venus bi vegan p ych major ocd ednos tumblr mpa veteran vent post memes make friends,8/28/2016 4:02,,en,1,0,1,[],[],0,0,,,,,,,,,,,Mild
3248,hey venus bi vegan p ych major ocd ednos tumblr mpa veteran vent post memes make friends,8/20/2016 20:21,,en,0,0,0,[],[],0,0,,,,,,,,,,,Mild
3249,feel deciding announce one shits edtwt,8/20/2016 5:41,,en,0,0,1,[],[],0,0,,,,,,,,,,,Mild
3250,never ends,8/18/2016 20:18,,en,0,0,1,[],[],0,0,,,,,,,,,,,None
3251,choice,8/17/2016 10:37,,en,0,0,0,[],[],0,0,,,,,,,,,,,None
3252,ednos main would ungodly things truffle salt popcorn trader joes,8/5/2016 5:07,,en,0,0,1,[],[],0,0,,,,,,,,,,,Mild
3253,people ednos like,7/25/2016 4:21,,en,0,0,1,[],[],0,0,,,,,,,,,,,Mild
3254,two moods edtwt,7/22/2016 20:21,,en,0,0,0,[],[],0,0,,,,,,,,,,,Mild
3255,ur either restricting wishing die u ednos,7/8/2016 7:49,,en,0,0,0,[],[],0,0,,,,,,,,,,,Mild
3256,saying main take fucking lt ytedtwt ur dn guys reason easy search drag people want find reason censor respect least go priv,6/22/2016 4:45,,en,1,0,2,[],[],0,0,,,,,,,,,,,Mild
3257,yoo lavender poo pourri smells nice also edtwt babe,6/22/2016 3:38,,en,0,0,1,[],[],0,0,,,,,,,,,,,Mild
3258,pls let friends fr,6/20/2016 21:34,,en,0,0,0,[],[],0,0,,,,,,,,,,,None
3259,new edtwt isa cw lb gw ugw rt moots tags,6/17/2016 12:55,,en,1,0,1,[],[],0,0,,,,,,,,,,,Mild
3260,tw edtwt wanted give smaller collarbone check lt probably wont get likes lmaoo,6/7/2016 6:06,,en,0,0,0,[],[],0,0,,,,,,,,,,,Mild
3261,get ed someone mom,6/1/2016 7:32,,en,0,0,1,[],[],0,0,,,,,,,,,,,Mild
3262,wow wow,5/14/2020 21:40,,en,0,0,0,[],[],0,0,,,,,,,,,,,None
3263,wow wow,6/11/2022 5:58,,en,3,0,1,[],[],0,0,,,,,,,,,,,None
3264,well youre fuckinf edtwt homie one cares whether shit triggering literally community built mental illness ur gonna make anyone change ways dont waste ur breathe,6/10/2022 10:18,,en,0,1,1,[],[],0,0,,,,,,,,,,,Mild
3265,bias even edtwt leave alone,6/10/2022 6:10,,en,0,0,0,[],[],0,0,,,,,,,,,,,Mild
3266,fucking thick loser hate tiktok much ever sense started active edtwt google selling fact ed da platforms,6/10/2022 6:02,,en,0,0,0,[],[],0,0,,,,,,,,,,,Mild
3267,except one likes u edtwt either lmao stop kissing ass,6/9/2022 5:05,,en,1,0,1,[],[],0,0,,,,,,,,,,,Mild
3268,found ppl complaining ab edtwt edreddit,6/9/2022 1:24,,en,0,3,6,[],[],0,0,,,,,,,,,,,Mild
3269,hi name vsx new sh new ed b e new huge tw ed sh retweet post moots,6/8/2022 23:59,,en,1,1,4,[],[],0,1,,,,,,,,,,,Mild
3270,edtwt would eat egyptian food,6/8/2022 23:32,,en,0,0,2,[],[],0,1,,,,,,,,,,,Mild
3271,mfs quote retweets like overestimate ur special ur sad lmao ur edtwt,6/8/2022 23:26,,en,0,1,2,[],[],0,1,,,,,,,,,,,Mild
3272,asking tw ed posts edtwt,6/8/2022 15:34,,en,2,1,10,[],[],0,1,,,,,,,,,,,Mild
3273,whos gonna explain many muslims edtwt yknow allah would approve,6/8/2022 14:25,,en,1,1,6,[],[],0,1,,,,,,,,,,,Mild
3274,table friend group ppl edtwt hand inner social butterfly trying yoink,6/8/2022 14:13,,en,1,3,5,[],[],0,1,,,,,,,,,,,Mild
3275,guys learn leave edtwt fuck alone,6/8/2022 14:00,,en,1,1,1,[],[],0,1,,,,,,,,,,,Mild
3276,xeno ab die first thought cant finding im edtwt fuckinf hate,6/8/2022 13:50,,en,1,0,2,[],[],0,1,,,,,,,,,,,Mild
3277,bc bmi,6/8/2022 13:36,,en,0,1,1,[],[],0,1,,,,,,,,,,,Mild
3278,ed twt rt mutuals queer ednos interact w posts flirt tl,6/7/2022 12:19,,en,0,1,2,[],[],0,0,,,,,,,,,,,Mild
3279,want meet people edtwt annika rt mutual like dm gt gt bisexual gt gt love indie folk music,6/6/2022 2:20,,en,2,0,1,[],[],0,1,,,,,,,,,,,Mild
3280,make wish wish person want turn,6/4/2022 10:34,,en,7,3,4,[],[],0,1,,,,,,,,,,,Mild
3281,thread edtwt get caught school,6/4/2022 4:16,,en,9,1,2,[],[],0,0,,,,,,,,,,,Mild
3282,ate dinner family said thank food surprised ate smallest plate home alone ate bread biscuits maybe bad,6/3/2022 6:00,,en,0,0,2,[],[],0,1,,,,,,,,,,,Mild
3283,fucked everything started everything maybe naive feel work time,6/3/2022 3:11,,en,0,2,0,[],[],0,1,,,,,,,,,,,Mild
3284,fun ass idea rt time soon want hold ethics class yall debate smt see works imagend would lead thing yall would debate friendly way would help tons dont,6/3/2022 2:40,,en,0,0,1,[],[],0,1,,,,,,,,,,,Mild
3285,hope work,6/10/2022 3:31,,en,1,0,2,[],[],0,0,,,,,,,,,,,None
3286,think better binging yesterday wanted buy cupcakes thinked little bit said mom home thinked grab bread happy nevermind small things,6/9/2022 8:55,,en,0,0,0,[],[],0,0,,,,,,,,,,,Mild
3287,try learn blackpinks like choreography former dancer find hard remember movements trying video want try,6/8/2022 10:19,,en,1,0,0,[],[],0,0,,,,,,,,,,,Mild
3288,reply bread tweet write something,6/7/2022 7:46,,en,0,0,0,[],[],0,0,,,,,,,,,,,Mild
3289,gonna talk lot ppl edtwt fetishize japanese korean people lets normalize,6/3/2022 5:38,,en,1,0,0,[],[],0,0,,,,,,,,,,,Mild
3290,whilst drilling oil isle wight,6/3/2022 3:10,,en,0,0,1,[],[],0,0,,,,,,,,,,,Mild
3291,edtwt polls rt done,5/24/2022 13:05,,en,1,0,1,[],[],0,0,,,,,,,,,,,Mild
3292,edtwt hair type b,5/24/2022 10:19,,en,0,0,1,[],[],0,0,,,,,,,,,,,Mild
3293,hey edtwt pls interact u like kpop anime w cats,5/24/2022 9:55,,en,0,0,0,[],[],0,0,,,,,,,,,,,Mild
3294,hi im nevi im new bi height cm cw lbs kg gw lbs kg ugw lbs kg,5/22/2022 12:08,,en,0,0,1,[],[],0,0,,,,,,,,,,,Mild
3295,edtwt criticising shtwt funniest thing lmao literally,5/17/2022 9:54,,en,0,0,1,[],[],0,0,,,,,,,,,,,Mild
3296,hi im new edtwt rt moots cm kg,5/17/2022 8:05,,en,1,0,0,[],[],0,0,,,,,,,,,,,Mild
3297,making edtwt gc literally comment rt n youll added dont creepy n problematic flops didnt happen,5/16/2022 10:14,,en,0,0,0,[],[],0,0,,,,,,,,,,,Mild
3298,whoring tags exposure week idea video project really funny head need help though please drop proana visual media hand,5/12/2022 5:09,,en,0,0,0,[],[],0,0,,,,,,,,,,,Mild
3299,b anna skinty,5/10/2022 14:58,,en,1,0,0,[],[],0,0,,,,,,,,,,,Mild
3300,edtwt rt youre smoke trees,5/10/2022 8:38,,en,0,0,3,[],[],0,0,,,,,,,,,,,Mild
3301,haters say waist shopped,5/9/2022 1:13,,en,0,0,1,[],[],0,0,,,,,,,,,,,Mild
3302,accidentally stumbled proana tag another language like twitter still translate posts really cool feel like creep foreigner stalking,5/7/2022 5:00,,en,0,0,3,[],[],0,0,,,,,,,,,,,Mild
3303,asking goddess ana bless thigh gap,5/5/2022 7:09,,en,0,0,1,[],[],0,0,,,,,,,,,,,Mild
3304,remembered photoshop call first piece anna shuld scream stay safe lovelies xoxox,5/5/2022 7:01,,en,1,0,1,[],[],0,0,,,,,,,,,,,Mild
3305,youre edtwt pls rt ill stalk page prob follow u bc want ppl around age tl pls thank u,6/9/2022 10:56,,en,0,0,0,[],[],0,1,,,,,,,,,,,Mild
3306,imagine card declines ed treatment center mfs start making work,6/9/2022 13:30,,en,0,0,2,[],[],0,0,,,,,,,,,,,Mild
3307,piece may triggering,6/8/2022 22:50,,en,0,0,3,[],[],0,0,,,,,,,,,,,None
3308,polish edtwt hits different maybe translator works reminds old proana tumblr enjoying,6/8/2022 1:08,,en,0,1,12,[],[],0,0,,,,,,,,,,,Mild
3309,list laundry lose lbs sweep hallway,6/6/2022 8:45,,en,0,0,8,[],[],0,0,,,,,,,,,,,Mild
3310,hosted actual edtwt group workout discord would rules nothing extreme stupid idea,6/3/2022 13:23,,en,0,0,1,[],[],0,0,,,,,,,,,,,Mild
3311,edtwt gonna hate,6/3/2022 12:52,,en,0,0,7,[],[],0,0,,,,,,,,,,,Mild
3312,look likes concern yall many people know anout edtwt,6/3/2022 6:16,,en,0,0,4,[],[],0,0,,,,,,,,,,,Mild
3313,edtwt rt parental issues tryna see sum,6/1/2022 12:22,,en,0,0,9,[],[],0,0,,,,,,,,,,,Mild
3314,hey edtwt like rt wanna gc abc diet starting november st,5/27/2022 15:08,,en,0,0,1,[],[],0,0,,,,,,,,,,,Mild
3315,typing kg lbs google bc understand metric system,5/27/2022 13:19,,en,0,0,3,[],[],0,0,,,,,,,,,,,Mild
3316,dream,5/18/2022 3:14,,en,0,0,0,[],[],0,0,,,,,,,,,,,None
3317,ugh honestly relate,5/14/2022 7:54,,en,0,0,1,[],[],0,1,,,,,,,,,,,None
3318,inspo look almost daily lt thread,4/23/2022 23:05,,en,1,0,1,[],[],0,1,,,,,,,,,,,Mild
3319,edtwt user believes power friendship would kill moots,3/2/2022 5:10,,en,1,0,0,[],[],0,0,,,,,,,,,,,Mild
3320,im gonna loose lbs overnight im gonna loose lbs overnight im gonna loose lbs overnight im gonna loose lbs overnight im gonna loose lbs overnight im gonna loose lbs overnight im gonna loose lbs overnight im gonna loose lbs overnight rt manifest,2/21/2022 20:56,,en,0,0,1,[],[],0,0,,,,,,,,,,,Mild
3321,shtwt edtwt tweet holding hands,1/22/2022 23:56,,en,0,0,0,[],[],0,0,,,,,,,,,,,Mild
3322,edtwt ur rt moots need active moots r age lololol,1/22/2022 23:53,,en,0,0,0,[],[],0,0,,,,,,,,,,,Mild
3323,ehh still little foggy means probably feel comfy possibly contributing someone serious injury judge harshly someone proana tho understand everyone relationship ed body different,1/22/2022 7:22,,en,1,0,1,[],[],0,0,,,,,,,,,,,Mild
3324,need edtwt moots please rt like,1/17/2022 23:03,,en,1,0,0,[],[],0,0,,,,,,,,,,,Mild
3325,id like edtwt moots pls rt recommend follow,1/7/2022 23:47,,en,0,0,0,[],[],0,0,,,,,,,,,,,Mild
3326,name edtwt anamen,1/6/2022 18:52,,en,0,0,2,[],[],0,0,,,,,,,,,,,Mild
3327,minors edtwt shouldnt posting body checks adults especially shouldnt interacting,12/31/2021 5:40,,en,2,0,0,[],[],0,0,,,,,,,,,,,Mild
3328,listening notice today time really paid attention like usual know choruses towards end different color rest song,12/23/2021 9:05,,en,0,0,1,[],[],0,0,,,,,,,,,,,None
3329,one get fundoplication surgery fundip location sugary,12/23/2021 5:49,,en,0,0,1,[],[],0,1,,,,,,,,,,,None
3330,wild take photos phone,12/17/2021 18:39,,en,0,0,1,[],[],0,0,,,,,,,,,,,None
3331,worked state overwhelm turkey leaked blood kitchen floor couldnt clean moved things way clean organize things could move etc ad nauseum,11/7/2021 4:31,,en,0,0,0,[],[],0,0,,,,,,,,,,,None
3332,ever high five someone hand soft squishy makes u nauseous either til,6/11/2022 10:17,,en,0,0,3,[],[],0,0,,,,,,,,,,,None
3333,try reason,6/11/2022 8:01,,en,0,0,4,[],[],0,0,,,,,,,,,,,None
3334,would like people auratwt tl also want follow people edtwt big problem,6/11/2022 7:19,,en,0,0,1,[],[],0,1,,,,,,,,,,,Mild
3335,putting mascara nyc apartment plane hit cried bc thought accident watched nd plane hit looked husband said omg war,6/11/2022 5:23,,en,0,0,11,[],[],0,0,,,,,,,,,,,None
3336,taylor swift basically cure everything,6/11/2022 3:58,,en,0,0,3,[],[],0,0,,,,,,,,,,,None
3337,moved tripped,6/11/2022 2:46,,en,0,0,0,[],[],0,0,,,,,,,,,,,None
3338,Guess ill be forever depressed,6/11/2022 0:40,,en,0,0,3,[],[],0,0,,,,,,,,,,,None
3339,Im literally done im so alone,6/10/2022 12:49,,en,0,0,2,[],[],0,0,,,,,,,,,,,None
3340,im waiting know mee hee hee,6/10/2022 11:49,,en,1,0,7,[],[],0,0,,,,,,,,,,,None
3341, had  era where promised monsters were nasty  addicted now,6/10/2022 11:33,,en,3,0,8,[],[],0,1,,,,,,,,,,,None
3342,words im totally theory,6/10/2022 9:23,,en,2,0,3,[],[],0,0,,,,,,,,,,,None
3343,best thread creation every tweet hear head actually characters voice brilliant,6/10/2022 4:39,,en,1,1,16,[],[],0,0,,,,,,,,,,,None
3344,parents wont let  go vegan because they think meat and chicken are important,6/10/2022 3:15,,en,1,1,15,[],[],0,0,,,,,,,,,,,None
3345,hii sum question u answer u want lt,6/10/2022 3:13,,en,1,0,2,[],[],0,0,,,,,,,,,,,None
3346,come week tell im proud leave,6/10/2022 3:01,,en,2,1,8,[],[],0,0,,,,,,,,,,,None
3347,rebecca black js,6/10/2022 2:44,,en,1,0,2,[],[],0,0,,,,,,,,,,,None
3348,tl dead looking edtwt accounts follow,6/10/2022 1:19,,en,0,0,2,[],[],0,1,,,,,,,,,,,Mild
3349,edtwt think bad boys,6/9/2022 10:40,,en,0,0,0,[],[],0,0,,,,,,,,,,,Mild
3350,manifesting lt rt lock,6/9/2022 8:05,,en,0,0,11,[],[],0,0,,,,,,,,,,,None
3351,okay edtwt im tired talking pleasee please please retweet youre follow others follow lets friends,6/9/2022 7:00,,en,0,0,2,[],[],0,1,,,,,,,,,,,Mild
3352,eating disorders might know educational thread,6/9/2022 4:40,,en,10,14,60,[],[],0,0,,,,,,,,,,,None
3353,im super new edtwt please retweet,6/9/2022 3:44,,en,1,0,8,[],[],0,0,,,,,,,,,,,Mild
3354,sagittarius sun rising virgo moon,6/9/2022 3:35,,en,0,0,2,[],[],0,0,,,,,,,,,,,None
3355,like friends chilling w drinks totally fine stranger took swig drink thats massive,6/9/2022 2:37,,en,0,1,4,[],[],0,0,,,,,,,,,,,None
3356,moved tripped happy ,6/9/2022 1:40,,en,1,0,0,[],[],0,1,,,,,,,,,,,None
3357,gangster bugs r gonna eff em,6/8/2022 22:18,,en,0,0,2,[],[],0,0,,,,,,,,,,,None
3358,hot handle,6/8/2022 17:46,,en,0,0,2,[],[],0,0,,,,,,,,,,,None
3359,glad thought abt white ppl read,6/8/2022 11:15,,en,1,0,4,[],[],0,0,,,,,,,,,,,None
3360,thought meant phone bathroom doodoo,6/8/2022 10:40,,en,1,0,1,[],[],0,0,,,,,,,,,,,None
3361,sagittarius mom pisces dad virgo,6/8/2022 6:04,,en,0,0,1,[],[],0,0,,,,,,,,,,,None
3362,ok add vinegar mayo cucumbers good mom would make side w supper,6/8/2022 5:56,,en,0,0,2,[],[],0,0,,,,,,,,,,,None
3363,uhh usually asking friends ppl know drug ur looking,6/8/2022 1:56,,en,1,0,22,[],[],0,0,,,,,,,,,,,None
3364,twitter years since aug via,6/8/2022 0:23,,en,3,0,16,[],[],0,0,,,,,,,,,,,None
3365,omw clean place kill least parents wont mad dirty place,6/7/2022 15:04,,en,0,0,4,[],[],0,0,,,,,,,,,,,None
3366,tw sh self harm man idk anymore,6/7/2022 6:10,,en,0,0,1,[],[],0,0,,,,,,,,,,,None
3367,tw sh self harm couple small ones tn,6/7/2022 4:16,,en,0,0,6,[],[],0,0,,,,,,,,,,,None
3368,cut hair make stare hide chest,6/7/2022 2:31,,en,0,0,9,[],[],0,0,,,,,,,,,,,None
3369,others see viewing first please take anymore people killing,6/7/2022 2:25,,en,0,0,1,[],[],0,1,,,,,,,,,,,None
3370,hey going ok even though know feeling road depression anxiety guess im im freaking young someone told survive depression survive anything even someone makes fall today,6/7/2022 2:19,,en,1,0,2,[],[],0,0,,,,,,,,,,,None
3371,rise tommorow follow dm needed,6/7/2022 0:04,,en,0,1,21,[],[],0,1,,,,,,,,,,,None
3372,making suicide prevention account people follow dm needed,6/6/2022 15:04,,en,1,0,2,[],[],0,0,,,,,,,,,,,None
3373,need followers friends owo,6/6/2022 10:00,,en,0,0,1,[],[],0,0,,,,,,,,,,,None
3374,anybody reading please follow im starting suicide prevention account others terrible things bullimia anorexia much need help gonna people need help need friends peers help people needed,6/6/2022 8:34,,en,0,0,2,[],[],0,0,,,,,,,,,,,None
3375,get pride flag tattoo wraping around arm idea,6/6/2022 7:20,,en,4,1,16,[],[],0,1,,,,,,,,,,,None
3376,bish roach,6/6/2022 6:25,,en,0,0,2,[],[],0,0,,,,,,,,,,,None
3377,thank good know someone cares,6/6/2022 5:59,,en,1,0,4,[],[],0,1,,,,,,,,,,,None
3378,hello everyone kai wanted say something name jess like many struggled depression anxiety wanted let know alone people care people love give,6/6/2022 5:48,,en,3,0,2,[],[],0,0,,,,,,,,,,,None
3379,hey dudes gals um hi im kai im trans use pronouns,6/6/2022 3:27,,en,0,1,21,[],[],0,1,,,,,,,,,,,None
3380,im science class right know guys,6/5/2022 11:52,,en,4,0,27,[],[],0,0,,,,,,,,,,,None
3381,omg omg omg omg im happy found someone name adrian pansexual dating,6/5/2022 5:47,,en,0,0,3,[],[],0,1,,,,,,,,,,,None
3382,please spread word account really want help people even though im young really want make difference,6/5/2022 5:19,,en,1,0,3,[],[],0,0,,,,,,,,,,,None
3383,save car insurance switch gieco,6/5/2022 5:14,,en,0,0,2,[],[],0,0,,,,,,,,,,,None
3384,Guess ill be forever happy ,6/5/2022 4:50,,en,0,0,1,[],[],0,0,,,,,,,,,,,None
3385,never cut though bc ive scared people seeing scars,6/5/2022 4:43,,en,1,0,19,[],[],0,0,,,,,,,,,,,None
3386,everyone edtwt constantly baking family least knows bake,6/5/2022 3:11,,en,0,0,8,[],[],0,0,,,,,,,,,,,Mild
3387,reason love bell peppers thread,6/4/2022 13:05,,en,1,0,3,[],[],0,1,,,,,,,,,,,None
3388,swear true,6/4/2022 11:56,,en,2,0,13,[],[],0,0,,,,,,,,,,,None
3389,hate tall edtwt,6/4/2022 10:10,,en,0,0,7,[],[],0,0,,,,,,,,,,,Mild
3390,subliminals work always thought bs people seen results science behind shit,6/4/2022 8:35,,en,4,0,0,[],[],0,0,,,,,,,,,,,None
3391,hard edtwt vs soft edtwt stuff confused like tbh whatever like gore stuff fine like make anyone see let stop fighting much us vs days mind business nice day,6/4/2022 6:50,,en,0,0,9,[],[],0,0,,,,,,,,,,,Mild
3392,deficit deficit matter small hortan hears,6/4/2022 6:42,,en,1,0,1,[],[],0,0,,,,,,,,,,,None
3393,eating disorders diets ppl look ed sites probably already disordered eating behavior statements coexist,6/4/2022 6:29,,en,7,2,30,[],[],0,1,,,,,,,,,,,None
3394,eating disorders arent diets makes thread kp p idol diets includes jmn diet,6/4/2022 3:08,,en,0,0,2,[],[],0,0,,,,,,,,,,,None
3395,anemics,6/4/2022 2:56,,en,0,1,14,[],[],0,0,,,,,,,,,,,None
3396,ngl edtwt edtiktok quite toxic people recovery making fun people say things like ate first time sometimes clout guess yeah,6/4/2022 1:19,,en,0,0,1,[],[],0,1,,,,,,,,,,,Mild
3397,np said earlier edtwt n edtiktok r lowkey soo toxic dont like making fun others people overdo things gets obvious,6/3/2022 14:21,,en,1,0,5,[],[],0,1,,,,,,,,,,,Mild
3398,guys stop calling everything proana holy shit phrase shouldnt even used eating disorder community,6/3/2022 13:29,,en,2,0,13,[],[],0,0,,,,,,,,,,,None
3399,u know people edtwt eating disorders wtf,6/3/2022 2:03,,en,1,0,1,[],[],0,0,,,,,,,,,,,Mild
3400,ednos bitches like please asking consistent weight loss,6/2/2022 11:08,,en,3,0,6,[],[],0,1,,,,,,,,,,,None
3401,edtwt u see tweet drink cup water ur done rt ppl stay hydrated,6/2/2022 10:34,,en,0,0,5,[],[],0,0,,,,,,,,,,,Mild
3402,everyone edtwt rn taking nightly spoonful honey,6/2/2022 10:30,,en,1,0,8,[],[],0,1,,,,,,,,,,,Mild
3403,locals think edtwt bunch teenage girls telling starve actually omg guys shit first time week im happy,6/2/2022 10:25,,en,0,0,4,[],[],0,0,,,,,,,,,,,Mild
3404,ur weight jan curious gen,6/2/2022 10:03,,en,1,0,8,[],[],0,0,,,,,,,,,,,None
3405,whos gonna tell edtwt eating disorders arent competition,6/2/2022 9:11,,en,2,0,7,[],[],0,0,,,,,,,,,,,Mild
3406,following unfollowing ppl try get skinny ratios edtwt instagram,6/1/2022 10:42,,en,0,0,2,[],[],0,0,,,,,,,,,,,Mild
3407,anorexic get expelled school kept missing periods,6/1/2022 7:06,,en,0,0,0,[],[],0,0,,,,,,,,,,,None
3408,edtwt like yall shit friends tell see people shaming friends eating appearance like shut,6/1/2022 7:00,,en,1,0,2,[],[],0,0,,,,,,,,,,,Mild
3409,wow tried edtwt near lot tweets,6/1/2022 6:52,,en,4,1,15,[],[],0,1,,,,,,,,,,,Mild
3410,istg tl fkn dryy seem find anyone,6/1/2022 4:59,,en,1,0,13,[],[],0,1,,,,,,,,,,,None
3411,put hard edtwt ur bios remember,6/1/2022 4:36,,en,0,0,3,[],[],0,0,,,,,,,,,,,Mild
3412,anorexic big beautiful,11/4/2019 13:04,,en,0,0,0,[],[],0,0,,,,,,,,,,,None
3413,edtwt lmao put picture ssvss tube whoever look confused probably agdjdgjsgsj,10/16/2019 23:47,,en,0,0,0,[],[],0,0,,,,,,,,,,,Mild
3414,amount times actually thought even though going weird thing im pretending idea edtwt,7/18/2019 13:48,,en,0,0,0,[],[],0,0,,,,,,,,,,,Mild
3415,ahahaha cw edtwt cw anitwt ahahha brain ajsujdjjdhd everytime see think im,7/18/2019 13:46,,en,0,1,1,[],[],0,0,,,,,,,,,,,Mild
3416,oh god man edtwt dare girls eating disorders,7/18/2019 13:29,,en,0,0,0,[],[],0,1,,,,,,,,,,,Mild
3417,eating disorders one talks thread,6/24/2019 6:02,,en,0,0,0,[],[],0,0,,,,,,,,,,,None
3418,tf ppl think edtwt toxic literally seen people talk person eating disorder trying start helpful hopefully got help,6/23/2019 0:44,,en,0,0,0,[],[],0,0,,,,,,,,,,,Mild
3419,wow swag awesome cool swag pog yup,6/17/2019 12:08,,en,0,0,0,[],[],0,0,,,,,,,,,,,None
3420,literally kin hooni plss,6/14/2019 0:42,,en,0,0,0,[],[],0,0,,,,,,,,,,,None
3421,mwah crii,6/10/2019 13:14,,en,0,0,0,[],[],0,0,,,,,,,,,,,None
3422,plz plz never feel pressured cut please ik might feel like since im sh acc u,6/10/2019 1:36,,en,0,0,0,[],[],0,0,,,,,,,,,,,None
3423,nop new one ig posted apology,2/25/2019 15:33,,en,0,0,0,[],[],0,0,,,,,,,,,,,None
3424,oh um believe apologized explained never neonazi,2/25/2019 15:26,,en,0,0,0,[],[],0,0,,,,,,,,,,,None
3425,u tips feel better sh scars please help feel bad abt like genuinely hurts much wish could go back time stop feel bad,2/23/2019 9:50,,en,0,0,0,[],[],0,0,,,,,,,,,,,None
3426,winter iz pretty,10/8/2017 12:33,,en,0,0,0,[],[],0,0,,,,,,,,,,,None
3427,yoo one subliminals got k views x,10/8/2017 12:31,,en,0,0,0,[],[],0,0,,,,,,,,,,,None
3428,hey guys sorry responding sum dms im rlly bad state atm thanku hope u understand,10/8/2017 12:28,,en,0,1,0,[],[],0,0,,,,,,,,,,,None
3429,wanna join,9/29/2017 4:12,,en,0,0,0,[],[],0,1,,,,,,,,,,,None
3430,okie dont want people worry tysm,9/29/2017 2:19,,en,0,0,0,[],[],0,0,,,,,,,,,,,None
3431,build god well talk panic disco,1/28/2021 18:00,,en,0,0,1,[],[],0,0,,,,,,,,,,,None
3432,rlly hope shes ok doesnt deserve,12/31/2020 10:42,,en,0,0,0,[],[],0,0,,,,,,,,,,,None
3433,okay relapse pathetic takes time ur amazing trying stay clean even bit,12/25/2020 13:57,,en,4,34,456,[],[],0,0,,,,,,,,,,,None
3434,tysm rlly helps lt im u ever wanna talk,11/12/2020 17:22,,en,1,0,0,[],[],0,0,,,,,,,,,,,None
3435,days fuck fuck fuck,11/12/2020 17:21,,en,1,0,1,[],[],0,0,,,,,,,,,,,None
3436,make diy binder pls help,11/12/2020 16:09,,en,1,0,1,[],[],0,0,,,,,,,,,,,None
3437,break phone addiction pls need help dont wanna b phone h day everyday,11/12/2020 16:09,,en,2,0,1,[],[],0,0,,,,,,,,,,,None
3438,look like pls,11/7/2020 7:54,,en,1,0,1,[],[],0,0,,,,,,,,,,,None
3439,dont want boobs pls get rid,11/7/2020 7:51,,en,2,0,1,[],[],0,0,,,,,,,,,,,None
3440,hate fucking stupid fucking country fuuckk,11/4/2020 6:11,,en,1,3,61,[],[],0,0,,,,,,,,,,,None
3441,urge say dome problematic shit get canceled smthng lol,11/4/2020 3:06,,en,0,6,62,[],[],0,0,,,,,,,,,,,None
3442,literally safe space idk anymore,10/25/2020 1:11,,en,1,1,6,[],[],0,0,,,,,,,,,,,None
3443,shut fuck,10/8/2020 3:25,,en,0,8,169,[],[],0,1,,,,,,,,,,,None
3444,anyone else put workout clothes sit around hours call day,10/1/2020 2:35,,en,1,11,85,[],[],0,0,,,,,,,,,,,None
3445,tf encouraging us starve,9/25/2020 12:02,,en,0,0,0,[],[],0,0,,,,,,,,,,,None
3446,whyy would niggas anyway im gagging,9/23/2020 10:30,,en,0,0,0,[],[],0,0,,,,,,,,,,,None
3447,would u guys upset put daily meanspo fleets,9/9/2020 1:58,,en,0,0,1,[],[],0,0,,,,,,,,,,,None
3448,like bonespo cause hate,8/28/2020 6:22,,en,0,0,0,[],[],0,0,,,,,,,,,,,None
3449,um kms orr,8/8/2020 23:55,,en,0,1,56,[],[],0,1,,,,,,,,,,,None
3450,like think edtwt gen x edtwt gen z thats embarrassing,8/2/2020 12:21,,en,0,3,18,[],[],0,0,,,,,,,,,,,Mild
3451,brisbane sugar daddy definitely fav,7/27/2020 14:10,,en,0,8,46,[],[],0,0,,,,,,,,,,,None
3452,back dont want back,7/2/2020 13:01,,en,0,4,52,[],[],0,0,,,,,,,,,,,None
3453,cat valentine pic,6/4/2020 12:41,,en,1,0,1,[],[],0,0,,,,,,,,,,,None
3454,nakamoto created people revolutionaries wants spread people institutional investors traders wants take occupy people,6/4/2020 1:52,,en,2,0,9,[],[],0,0,,,,,,,,,,,None
3455,loved figure,6/4/2020 0:32,,en,0,0,2,[],[],0,0,,,,,,,,,,,None
3456,k incoming,6/3/2020 23:30,,en,1,0,8,[],[],0,0,,,,,,,,,,,None
3457,bought eth around,6/3/2020 16:11,,en,4,24,312,[],[],0,0,,,,,,,,,,,None
3458,xcff eaaffd ad b fb f,5/11/2020 12:49,,en,0,9,78,[],[],0,1,,,,,,,,,,,None
3459,gives damn btc,5/5/2020 5:17,,en,0,0,2,[],[],0,0,,,,,,,,,,,None
3460,adopt dogs buy doge,4/28/2020 12:31,,en,0,0,1,[],[],0,0,,,,,,,,,,,None
3461,doge coin going go sky rocket,4/28/2020 2:48,,en,2,2,98,[],[],0,1,,,,,,,,,,,None
3462,fucking buying dips,4/13/2020 1:25,,en,0,0,2,[],[],0,0,,,,,,,,,,,None
3463,bought majority portfolio k k,4/6/2020 3:30,,en,0,0,35,[],[],0,0,,,,,,,,,,,None
3464,buy want rich alone,4/4/2020 11:10,,en,0,1,36,[],[],0,1,,,,,,,,,,,None
3465,anorexia particular mental illness everyone agreed could made fun,3/31/2020 8:38,,en,0,0,1,[],[],0,0,,,,,,,,,,,None
3466,yall know anorexia ed right upside face,3/27/2020 13:50,,en,0,2,25,[],[],0,0,,,,,,,,,,,None
3467,edtwt fine need methods,3/11/2020 12:51,,en,0,10,53,[],[],0,0,,,,,,,,,,,Mild
3468,actively promoting anorexia disgusting,3/2/2020 13:02,,en,0,0,5,[],[],0,0,,,,,,,,,,,None
3469,still join,2/27/2020 14:09,,en,0,0,1,[],[],0,0,,,,,,,,,,,None
3470,diverse thinspo thread edtwt needs,2/24/2020 12:25,,en,0,0,0,[],[],0,0,,,,,,,,,,,Mild
3471,eating disorders ed first ed sheeran stole name gt j,12/11/2018 14:40,,en,0,0,12,[],[],0,0,,,,,,,,,,,None
3472,Im literally happy im so alone,12/2/2018 8:31,,en,0,0,1,[],[],0,0,,,,,,,,,,,None
3473,im waiting know mee  who me,10/22/2018 14:18,,en,0,0,19,[],[],0,1,,,,,,,,,,,None
3474,fuck u look anorexia gifs second one literally deathspo real strong enough stand,10/22/2018 6:51,,en,0,0,7,[],[],0,0,,,,,,,,,,,None
3475,honestly big part iz jus put together n organized n stuff suggest looking job interview questions u kinda get idea might ask,10/4/2018 10:03,,en,0,0,8,[],[],0,0,,,,,,,,,,,None
3476,n u get job honestly jus try talk ppl bcuz speaking experience iz horrible u dont know anyone,8/3/2018 4:17,,en,0,0,1,[],[],0,0,,,,,,,,,,,None
3477,thts good also ask u wanna work good answer iz always tht ur looking growth person n u elaborate,5/31/2018 0:16,,en,0,1,19,[],[],0,0,,,,,,,,,,,None
3478,also pretended tht got locked closet hours idk ppl forgot tht one,5/2/2018 15:13,,en,0,1,33,[],[],0,1,,,,,,,,,,,None
3479,tbh idk u hav either quite clueless abt,4/13/2018 9:38,,en,0,0,1,[],[],0,0,,,,,,,,,,,None
3480,comprendo pero es mucho hacer puedes hacer todo,2/24/2018 15:19,,en,0,4,8,[],[],0,0,,,,,,,,,,,None
3481,creo que deberas aprenderlas una la vez es menos trabaj que hacer todo de una vez,2/13/2018 14:55,,en,0,0,0,[],[],0,0,,,,,,,,,,,None
3482,definitely solely contributed lots ppl bcuz tweet got sm attention,2/5/2018 12:37,,en,0,1,8,[],[],0,1,,,,,,,,,,,None
3483,dont think anyone would forget u u want lov,12/22/2017 16:06,,en,0,0,6,[],[],0,0,,,,,,,,,,,None
3484,think thts liek common sense pero si eso es mi opinin,12/18/2017 15:59,,en,0,0,2,[],[],0,0,,,,,,,,,,,None
3485,wish could download liek fonts,12/18/2017 15:01,,en,0,0,1,[],[],0,0,,,,,,,,,,,None
3486,iz apple juice tht high cals,12/18/2017 14:43,,en,0,0,0,[],[],0,0,,,,,,,,,,,None
3487,omg flashbacks skz name carving era,12/18/2017 14:34,,en,0,0,0,[],[],0,0,,,,,,,,,,,None
3488,u burned bit moving around n stuff iz tht bad,11/2/2017 16:10,,en,1,0,1,[],[],0,1,,,,,,,,,,,None
3489,tht iz utterly fucked oh god,10/21/2017 4:45,,en,1,0,0,[],[],0,0,,,,,,,,,,,None
3490,everyone talking abt freeze n honestly hav clue r talking abt,10/7/2017 7:14,,en,0,0,0,[],[],0,0,,,,,,,,,,,None
3491,wuz gonna propose jokingly think u r relationship,10/5/2017 9:17,,en,0,1,8,[],[],0,1,,,,,,,,,,,None
3492,sorry would b missed opportunity,9/29/2017 6:52,,en,1,1,4,[],[],0,0,,,,,,,,,,,None
3493,also dont even know say,9/25/2017 14:20,,en,0,0,1,[],[],0,0,,,,,,,,,,,None
3494,idk whats goin ur ever lonely dm promise respond fast,9/25/2017 11:39,,en,3,4,13,[],[],0,1,,,,,,,,,,,None
3495,course u obviously u dont hav u whatever u want w judgement,9/6/2017 7:47,,en,0,0,0,[],[],0,0,,,,,,,,,,,None
3496,omg ur cooler n theres need thank rlly lt,8/29/2017 6:34,,en,0,0,0,[],[],0,0,,,,,,,,,,,None
3497,u wanna talk abt ears u cant dont want pressure,7/11/2017 13:40,,en,0,1,3,[],[],0,0,,,,,,,,,,,None
3498,sorry omg jus know ily n u truly deserved lot better,6/19/2017 12:03,,en,0,0,0,[],[],0,0,,,,,,,,,,,None
3499,rooms need one door whereas anything wheels needs least wouldnt wheels,5/30/2017 11:59,,en,1,0,1,[],[],0,0,,,,,,,,,,,None
3500,also whats even considered door wheel liek dont think theres actually answer bcuz theres defining factor tht makes sense,5/24/2017 9:18,,en,0,0,7,[],[],0,1,,,,,,,,,,,None
3501,dollhouses dont hav doors,5/17/2017 4:03,,en,0,3,20,[],[],0,0,,,,,,,,,,,None
3502,liek real cars cars bcuz toy cars count definitely cars doubt,5/15/2017 12:58,,en,0,0,12,[],[],0,0,,,,,,,,,,,None
3503,ok tht doesnt mean tht couldnt hav made wheels,5/10/2017 11:41,,en,0,1,1,[],[],0,0,,,,,,,,,,,None
3504,believe theres wheels rlly passionate abt circles,5/10/2017 11:30,,en,1,1,23,[],[],0,1,,,,,,,,,,,None
3505,omg wouldnt know,5/10/2017 10:26,,en,0,2,7,[],[],0,0,,,,,,,,,,,None
3506,yeah dont hav doors think,4/10/2017 4:09,,en,0,3,23,[],[],0,0,,,,,,,,,,,None
3507,maybe hav seen content hav opinion,4/6/2017 3:25,,en,0,0,2,[],[],0,0,,,,,,,,,,,None
3508,hes almost inches taller,4/2/2017 2:33,,en,0,0,13,[],[],0,1,,,,,,,,,,,None
3509,ur cool purple hair iz sick,3/23/2017 3:37,,en,0,1,3,[],[],0,0,,,,,,,,,,,None
3510,gap kai n everyone else oml,3/22/2017 3:44,,en,0,2,3,[],[],0,1,,,,,,,,,,,None
3511,remember whole thing happened liek week joined shit insane ur right,3/10/2017 16:06,,en,0,5,24,[],[],0,0,,,,,,,,,,,None
3512,ive saying bcuz one remembers thought wuz one,3/9/2017 14:15,,en,0,1,13,[],[],0,1,,,,,,,,,,,None
3513,u annoying accs suggest,3/8/2017 14:19,,en,1,1,4,[],[],0,1,,,,,,,,,,,None
3514,tea club table tennis wrapping paper club school weird clubs,2/11/2017 13:55,,en,0,0,0,[],[],0,0,,,,,,,,,,,None
3515,club iz cuz christmas basically take newspaper n make wrapping paper thts environmentally friendly,2/10/2017 3:09,,en,0,0,0,[],[],0,0,,,,,,,,,,,None
3516,yez u higher tbh,2/10/2017 1:43,,en,0,2,7,[],[],0,1,,,,,,,,,,,None
3517,remove someones retweets bot account retweeted one posts im super uncomfy,2/3/2017 4:43,,en,0,2,24,[],[],0,1,,,,,,,,,,,None
3518,transferring married moving another state state wont require weight license woo,2/1/2017 13:23,,en,0,0,1,[],[],0,0,,,,,,,,,,,None
3519,never thought way im going stay night think damn lol,1/31/2017 13:44,,en,0,0,1,[],[],0,0,,,,,,,,,,,None
3520,cancer friends pisces aquarius scorpios,1/31/2017 13:37,,en,0,0,1,[],[],0,0,,,,,,,,,,,None
3521,kind th grade get scoliosis check gym lift shirt bend mf named jordan like stomach rolls like fuck punched stomach started crying got huge trouble,1/31/2017 2:18,,en,0,1,23,[],[],0,1,,,,,,,,,,,None
3522,trust massive fucking difference,1/30/2017 14:15,,en,0,0,1,[],[],0,0,,,,,,,,,,,None
3523,dis ease bts fav recently,1/30/2017 2:53,,en,0,2,32,[],[],0,1,,,,,,,,,,,None
3524,take medication motivation take shower everyday take like waiting refill go lowkey depressive ep take like maybe week,1/29/2017 12:40,,en,0,0,2,[],[],0,0,,,,,,,,,,,None
3525,lost weight like weeks,1/29/2017 1:54,,en,0,0,1,[],[],0,0,,,,,,,,,,,None
3526,funerals year wore black jeans black shirt thing zips kinda fancy idk,1/28/2017 1:53,,en,0,0,3,[],[],0,0,,,,,,,,,,,None
3527,went like blackpink loona rv stopped listening kpop months got rlly rv itzy stan bunch groups,1/27/2017 9:11,,en,0,0,1,[],[],0,0,,,,,,,,,,,None
3528,mom used play animal jam,1/27/2017 8:30,,en,1,1,29,[],[],0,1,,,,,,,,,,,None
3529,sorry go cant really anything remember someday youll get move whether talk choice,1/19/2017 6:08,,en,0,0,3,[],[],0,0,,,,,,,,,,,None
3530,get rid sharp things probably wont ever cut time able go store get boxcutter something urge usually goes away would suggest lazy playing videogames instead,1/16/2017 4:55,,en,0,0,3,[],[],0,0,,,,,,,,,,,None
3531,wow really found target audience w one,6/8/2022 5:50,,en,0,0,1,[],[],0,0,,,,,,,,,,,None
3532,picrew picsart,6/8/2022 8:45,,en,0,0,0,[],[],0,0,,,,,,,,,,,None
3533,girl school manipulative elementary middle school im mean everyone know irl used pushover easy take advantage saw irl idk id able contain anger,6/6/2022 14:33,,en,0,0,1,[],[],0,0,,,,,,,,,,,None
3534,wow ok youd choose family fr hope enjoyed bc probably,6/2/2022 16:54,,en,1,0,6,[],[],0,0,,,,,,,,,,,None
3535,flex,6/2/2022 16:51,,en,16,2,59,[],[],0,0,,,,,,,,,,,None
3536,idk dont think hard tell someone kill,6/2/2022 16:21,,en,1,0,2,[],[],0,0,,,,,,,,,,,None
3537,close use jar coconut oil,6/2/2022 16:11,,en,0,0,1,[],[],0,0,,,,,,,,,,,None
3538,geckos named barnaby geedis,6/2/2022 15:58,,en,0,0,3,[],[],0,0,,,,,,,,,,,None
3539,loop happened nate,6/2/2022 15:57,,en,0,0,1,[],[],0,0,,,,,,,,,,,None
3540,thats murdocs feet look like,6/2/2022 15:54,,en,0,0,0,[],[],0,0,,,,,,,,,,,None
3541,clear slime mixing animal jam bruno mars ajmv,6/2/2022 4:51,,en,1,0,0,[],[],0,0,,,,,,,,,,,None
3542,house actually forest,5/24/2022 10:45,,en,0,0,1,[],[],0,1,,,,,,,,,,,None
3543,yall toxic,5/18/2022 5:31,,en,0,0,1,[],[],0,0,,,,,,,,,,,None
3544,idk looks like child maybe dont say,5/18/2022 5:22,,en,0,0,1,[],[],0,0,,,,,,,,,,,None
3545,minor said something wrong doesnt mean youre thing calling someone ugly,5/14/2022 14:53,,en,0,0,7,[],[],0,0,,,,,,,,,,,None
3546,love feminine people sm,5/14/2022 0:47,,en,0,0,4,[],[],0,0,,,,,,,,,,,None
3547,ignoring problems playing skyrim gt,5/14/2022 0:15,,en,0,0,0,[],[],0,0,,,,,,,,,,,None
3548,thing keeping alive rn thread,5/13/2022 12:19,,en,1,0,0,[],[],0,0,,,,,,,,,,,None
3549,love true loaf,5/5/2022 9:23,,en,0,0,4,[],[],0,0,,,,,,,,,,,None
3550,spending every day energy drinks,5/5/2022 2:11,,en,0,0,1,[],[],0,0,,,,,,,,,,,None
3551,idk happened understand apologized deleted tweet know know wrong bettered cancel culture edtwt generally social media really bad,5/5/2022 2:09,,en,0,0,1,[],[],0,0,,,,,,,,,,,Mild
3552,everyone go report marty account proana coach reply ana coach wanted posts asking people dm advertising ana coaching able see im concerned thank,5/5/2022 1:48,,en,1,0,2,[],[],0,0,,,,,,,,,,,None
3553,everyone please go report marty account managed proana coach also august able see ik concerned thank,5/5/2022 1:38,,en,2,0,4,[],[],0,0,,,,,,,,,,,None
3554,could everyone go report account full comments obviously skinny girls calling fat seems purely make fun people ed,5/5/2022 1:20,,en,0,0,0,[],[],0,1,,,,,,,,,,,None
3555,cute lingerie thinspo,4/27/2022 9:31,,en,0,0,2,[],[],0,0,,,,,,,,,,,None
3556,cute pastel thinspo,4/24/2022 0:29,,en,3,0,2,[],[],0,0,,,,,,,,,,,None
3557,cutesy lolita thinspo,4/21/2022 1:31,,en,0,0,2,[],[],0,0,,,,,,,,,,,None
3558,want confused bisexual,4/18/2022 7:19,,en,0,0,0,[],[],0,1,,,,,,,,,,,None
3559,ever come across blog edtwt tumblr mpa suddenly stopped posting get weird feeling real high chance person dead maybe recovery never actually know happened,4/15/2022 11:47,,en,0,0,0,[],[],0,0,,,,,,,,,,,Mild
3560,edtwt leaf water bean juice person,4/14/2022 3:53,,en,0,0,1,[],[],0,0,,,,,,,,,,,Mild
3561,ex warrior cat kids edtwt interact may friend please,4/14/2022 3:48,,en,0,0,0,[],[],0,0,,,,,,,,,,,Mild
3562,skinny legend,4/13/2022 1:37,,en,1,0,1,[],[],0,0,,,,,,,,,,,None
3563,yall think august crisis edtwt probably gonna cancel someone also hate new accounts,4/12/2022 2:33,,en,0,0,3,[],[],0,0,,,,,,,,,,,Mild
3564,happened edtwt look away second everyone zootopia character fuck,4/10/2022 4:31,,en,0,0,1,[],[],0,0,,,,,,,,,,,Mild
3565,sort moot shamelessly stolen tl scary intimidating mean vibes crack head vibes spelling mistakes spamming crush cutesy ily scared say another edtwt account blurring everyone else special,4/10/2022 4:28,,en,0,0,1,[],[],0,0,,,,,,,,,,,Mild
3566,sort mutual scary scary dm edgy crack head energy always tl spelling mistakes ily crushing let get married know another ed account,4/10/2022 4:27,,en,0,0,0,[],[],0,0,,,,,,,,,,,None
3567,white rainbow,4/9/2022 22:51,,en,0,0,0,[],[],0,0,,,,,,,,,,,None
3568,edtwt lgbtq also bottom maybe switch,4/9/2022 22:50,,en,1,0,2,[],[],0,0,,,,,,,,,,,Mild
3569,everyone dragging poor girl anorexia eating disorder dumb bitches bed thing stop asshole think get away,4/9/2022 22:48,,en,0,0,0,[],[],0,0,,,,,,,,,,,None
3570,long lol,4/9/2022 16:00,,en,0,0,1,[],[],0,0,,,,,,,,,,,None
3571,funny blocked edtwt police acc like went find content salty found nothing great,4/9/2022 15:25,,en,1,0,0,[],[],0,0,,,,,,,,,,,Mild
3572,ya know green used one least favorite colors ita favorite interesting people change,4/9/2022 14:55,,en,0,0,1,[],[],0,0,,,,,,,,,,,None
3573,yall fleeing edtwt rn lol going tumblr dead reddits mine field point instagram hell tiktok shit going back facebook smthn,4/9/2022 14:53,,en,1,0,0,[],[],0,0,,,,,,,,,,,Mild
3574,yall really killing big accounts huh first amelia time dean next huh,6/11/2022 2:45,,en,0,0,0,[],[],0,0,,,,,,,,,,,None
3575,yall look thick side also excuse censor shirt lol cant careful,6/9/2022 10:09,,en,0,1,1,[],[],0,0,,,,,,,,,,,None
3576,yall dabbling witchery last years afraid summon anything fuck die also virgin gotta worth something edtwt witches friend get choice matter,6/8/2022 9:21,,en,0,0,0,[],[],0,0,,,,,,,,,,,Mild
3577,yeh spy bitches begone dont want yall gonna hex gain weight satanic proana powers fuck,6/8/2022 21:22,,en,0,0,0,[],[],0,0,,,,,,,,,,,None
3578,yellow,6/6/2022 2:29,,en,0,0,0,[],[],0,1,,,,,,,,,,,None
3579,yellow black perfect,6/6/2022 2:22,,en,1,0,1,[],[],0,0,,,,,,,,,,,None
3580,pry diet soda energy drinks cold dead hands,6/4/2022 23:17,,en,0,0,0,[],[],0,0,,,,,,,,,,,None
3581,edtwt dont fucking know happening poggers,6/1/2022 21:43,,en,0,0,0,[],[],0,0,,,,,,,,,,,Mild
3582,lol yeh lots people follow get followers back like edtwt clout means much,6/1/2022 21:21,,en,1,0,0,[],[],0,0,,,,,,,,,,,Mild
3583,mad whole post making video edtwt obviously high drama lots locals coming got doxxed something even though posted work nunber email,6/1/2022 21:17,,en,2,0,1,[],[],0,1,,,,,,,,,,,Mild
3584,omygosh joke likely think,6/1/2022 2:51,,en,1,0,0,[],[],0,0,,,,,,,,,,,None
3585,hey edtwt ever tell time saw girl pretty brain turned tv static flustered stepped onto road cross without looking nearly got hit car,6/1/2022 2:18,,en,1,0,1,[],[],0,1,,,,,,,,,,,Mild
3586,hey edtwt old yall started watching porn thing intentionally curious,5/30/2022 18:10,,en,2,0,0,[],[],0,0,,,,,,,,,,,Mild
3587,hey edtwt please complete poll thread edtwt related something cool learned today,5/30/2022 1:48,,en,1,0,0,[],[],0,0,,,,,,,,,,,Mild
3588,hey edtwt send,5/29/2022 9:05,,en,0,0,0,[],[],0,1,,,,,,,,,,,Mild
3589,hey edtwt titties favorite mines left one,5/28/2022 16:02,,en,0,0,0,[],[],0,1,,,,,,,,,,,Mild
3590,hey edtwt followers send questions confess sins tell days going really like interacting know might feel confident anonymously thats perfectly fine,5/25/2022 15:20,,en,0,0,0,[],[],0,0,,,,,,,,,,,Mild
3591,many accounts block edtwt famous asking friend,5/24/2022 13:18,,en,0,0,0,[],[],0,0,,,,,,,,,,,Mild
3592,many followers need edtwt famous want lots moot people talk much ask also wanna know drama dont talk,5/24/2022 13:17,,en,1,0,0,[],[],0,0,,,,,,,,,,,Mild
3593,like science mostly biology astrology favorite anyone cool science stuff like talk would love listen,5/24/2022 12:10,,en,2,0,0,[],[],0,0,,,,,,,,,,,None
3594,like edtwt manage find destroy intolerent homophobic transphobic racist sexist shit people get rid lol accounts get taken get bullied love much,5/23/2022 16:27,,en,0,0,0,[],[],0,0,,,,,,,,,,,Mild
3595,like te green one ultra paradise try,5/23/2022 1:50,,en,0,0,3,[],[],0,1,,,,,,,,,,,None
3596,tried take break edtwt alive attempts last hours litteraly nothing else came back first thing tl photo someones h scars thanks,5/22/2022 14:45,,en,0,0,2,[],[],0,1,,,,,,,,,,,Mild
3597,uh anyway edtwt ya think,5/22/2022 14:21,,en,0,0,0,[],[],0,0,,,,,,,,,,,Mild
3598,wanna dye hair really bright maybe purple bit like neon green something,5/21/2022 22:45,,en,0,0,0,[],[],0,0,,,,,,,,,,,None
3599,want one skirts black bright green though,5/21/2022 22:44,,en,0,0,0,[],[],0,0,,,,,,,,,,,None
3600,would pop thing back like pill,5/21/2022 22:29,,en,1,0,0,[],[],0,0,,,,,,,,,,,None
3601,lowkey excited got one lol attention starved whore,5/21/2022 22:22,,en,0,0,0,[],[],0,0,,,,,,,,,,,None
3602,idk panicked searched literal p rn account find edtwt literally search edt get recommended search,5/21/2022 22:20,,en,3,0,0,[],[],0,0,,,,,,,,,,,Mild
3603,anyone sees acc exposing edtwt video ktok please send wanna see lol sounds cool people make content little old,5/21/2022 4:04,,en,1,0,0,[],[],0,0,,,,,,,,,,,Mild
3604,plss idea edtwt account clearly see evil monkey theyre anon irls dont find flag someone theyre completely separate someones life go fattie,5/21/2022 1:40,,en,0,0,0,[],[],0,0,,,,,,,,,,,Mild
3605,girl always run festivals,5/19/2022 18:40,,en,1,0,0,[],[],0,0,,,,,,,,,,,None
3606, had  promised monsters addicted now,5/16/2022 20:06,,en,0,0,0,[],[],0,0,,,,,,,,,,,None
3607,love bro love giving shit,5/15/2022 12:13,,en,1,0,1,[],[],0,1,,,,,,,,,,,None
3608,everyone get,5/14/2022 0:01,,en,0,0,0,[],[],0,0,,,,,,,,,,,None
3609,keep energy see,5/13/2022 19:38,,en,0,0,0,[],[],0,0,,,,,,,,,,,None
3610,naw good go hang real friends,5/13/2022 18:49,,en,1,1,0,[],[],0,0,,,,,,,,,,,None
3611,guess aint shit bere,5/13/2022 17:42,,en,0,0,0,[],[],0,0,,,,,,,,,,,None
3612,words im totally theory theory theory theory,5/13/2022 14:10,,en,1,0,0,[],[],0,0,,,,,,,,,,,None
3613,basically audiotistic went,5/13/2022 13:41,,en,1,0,0,[],[],0,0,,,,,,,,,,,None
3614,damn got house weekend im tomorrow night,5/10/2022 21:07,,en,1,0,0,[],[],0,0,,,,,,,,,,,None
3615,damn friday th maybe go,5/10/2022 0:21,,en,0,0,0,[],[],0,0,,,,,,,,,,,None
3616,know time tomorrow vegas,5/9/2022 17:27,,en,0,0,0,[],[],0,0,,,,,,,,,,,None
3617,yo sponsor,5/9/2022 14:35,,en,2,0,1,[],[],0,0,,,,,,,,,,,None
3618,tryna find shawty match,5/7/2022 13:44,,en,1,0,1,[],[],0,0,,,,,,,,,,,None
3619,bodies floor sir,5/7/2022 11:50,,en,1,0,0,[],[],0,0,,,,,,,,,,,None
3620,counts chase fishbowl,5/4/2022 12:45,,en,1,0,0,[],[],0,0,,,,,,,,,,,None
3621,bro forreal good one,5/4/2022 12:19,,en,1,0,0,[],[],0,0,,,,,,,,,,,None
3622,gotta stop mixing alcohol lol,5/2/2022 20:56,,en,2,0,1,[],[],0,0,,,,,,,,,,,None
3623,yee might head ill hit,5/1/2022 0:48,,en,0,0,0,[],[],0,0,,,,,,,,,,,None
3624,yo miss way long since ive seen,5/1/2022 0:38,,en,2,0,0,[],[],0,0,,,,,,,,,,,None
3625,idk might start flying festivals,5/1/2022 0:00,,en,0,0,0,[],[],0,1,,,,,,,,,,,None
3626,last time saw bruised shoulder couldnt work like week lol gotta redeem tonight,4/30/2022 21:18,,en,0,0,0,[],[],0,0,,,,,,,,,,,None
3627,mfs really started calling wall tonight pits feel like earned,4/30/2022 20:53,,en,0,0,0,[],[],0,0,,,,,,,,,,,None
3628,ok forreal forreal,4/30/2022 20:19,,en,0,0,0,[],[],0,0,,,,,,,,,,,None
3629,first time flying kinda nervous,4/30/2022 20:18,,en,1,0,0,[],[],0,0,,,,,,,,,,,None
3630,whys whole acc full meanspo uhmm,4/30/2022 20:06,,en,1,0,0,[],[],0,0,,,,,,,,,,,None
3631,youre encouraging year olds starve youre wholee ass adult making gc minors thats disgusting predatory,4/27/2022 22:21,,en,1,0,0,[],[],0,0,,,,,,,,,,,None
3632,children behave kind way youre full ass grown theres difference responsible actions minors edtwt encouraging behaviour wanting children young follow example predatory,4/27/2022 18:46,,en,1,0,0,[],[],0,0,,,,,,,,,,,Mild
3633,fkn good could eat whole package ong havent like year lt,4/27/2022 12:30,,en,1,0,0,[],[],0,0,,,,,,,,,,,None
3634,havent seen months im disappointed,4/27/2022 12:29,,en,1,1,0,[],[],0,0,,,,,,,,,,,None
3635,feeling someone telling u ur gonna stretch something meanspo,4/24/2022 0:05,,en,0,0,0,[],[],0,0,,,,,,,,,,,None
3636,yes practice sobered,4/22/2022 12:04,,en,1,0,0,[],[],0,0,,,,,,,,,,,None
3637,u r one fav oomfs hello idk got kinda uncomf w acc wanna start new whatevr,4/20/2022 18:38,,en,0,0,0,[],[],0,0,,,,,,,,,,,None
3638,fav oomfs read pinned pls,4/20/2022 16:07,,en,1,0,0,[],[],0,1,,,,,,,,,,,None
3639,costume ideas dont need dress thread,4/19/2022 18:50,,en,0,0,3,[],[],0,0,,,,,,,,,,,None
3640,fuck wrong w u u really cared abt u wouldnt betray trust like u piece shit,4/19/2022 18:42,,en,0,0,0,[],[],0,0,,,,,,,,,,,None
3641,fuck friend showed meanspo video ed tiktok said isnt sad um,4/19/2022 0:30,,en,0,0,0,[],[],0,0,,,,,,,,,,,None
3642,edtwt decide eating low cal fruit vegetables good idea high cal things really small portions way go,4/18/2022 21:34,,en,0,0,0,[],[],0,0,,,,,,,,,,,Mild
3643,everyone else edtwt named vivi wtf hope u reach ur ugw recover u leave im one left,4/18/2022 19:52,,en,0,0,0,[],[],0,0,,,,,,,,,,,Mild
3644,workouts bed,4/16/2022 23:26,,en,0,0,1,[],[],0,0,,,,,,,,,,,None
3645,rly rly rly messes w please dont start,4/16/2022 23:25,,en,0,0,0,[],[],0,0,,,,,,,,,,,None
3646,agree especially steal specifically even like know really like help someone need ask would probably give steal,4/16/2022 23:07,,en,1,0,0,[],[],0,0,,,,,,,,,,,None
3647,exactly mean might hurt people like thinking trust like us hurting maliciously done hide things people different idk,4/16/2022 23:06,,en,1,0,0,[],[],0,0,,,,,,,,,,,None
3648,sorta trying financially stable enough right move know trying get see mental health issues hopefully things least tolerable good situation,4/16/2022 20:15,,en,0,0,0,[],[],0,0,,,,,,,,,,,None
3649,mainly grew extremely poor know like need feel like nothing help,4/13/2022 19:28,,en,1,0,0,[],[],0,0,,,,,,,,,,,None
3650,say think definite difference lying ab something like vs like lying ab flirting cheating stealing etc esp gaslighting people like lies hurt people purpose different hiding something personal idk,4/13/2022 0:27,,en,1,0,0,[],[],0,0,,,,,,,,,,,None
3651,would really disappointing cousin clepto barely anything always steals stupid stuff like things tht worth nothing completely useless never anything even remotely needs thrill,4/10/2022 11:42,,en,0,0,0,[],[],0,0,,,,,,,,,,,None
3652,yeah unfortunately area bunch people think actually covering face talk pull every time talk breathe cough,4/8/2022 2:41,,en,1,0,0,[],[],0,0,,,,,,,,,,,None
3653,one friend husband three bedrooms house room room shared bedroom literally go corners feeling like spending time together says reason marriage works,4/6/2022 0:01,,en,0,0,0,[],[],0,0,,,,,,,,,,,None
3654,also yeah cheating unacceptable poly one thing cheating totally different ballpark also people use coming poly excuse cheat commit monogamous relationship knew time gotta talk things change,4/4/2022 19:50,,en,0,0,0,[],[],0,0,,,,,,,,,,,None
3655,understand completely exact way like telling fine want talk obviously fine gonna panic,4/4/2022 19:35,,en,1,0,0,[],[],0,0,,,,,,,,,,,None
3656,trashing poly people personally know several poly people used poly excuse cheat monogamous relationships partner never agreed open relationship communication,4/4/2022 19:22,,en,3,0,0,[],[],0,0,,,,,,,,,,,None
3657,ugh hate people shit like sorry ever deal mine thing sometimes,5/12/2022 3:15,,en,0,0,1,[],[],0,0,,,,,,,,,,,None
3658,explain random coworkers mine start insist full conversation washing hands come go stall like like talking people trying business weird,5/12/2022 3:10,,en,0,0,1,[],[],0,0,,,,,,,,,,,None
3659,hell piece trash,4/8/2022 1:35,,en,0,0,4,[],[],0,0,,,,,,,,,,,None
3660,good ones also hi awhile,10/7/2021 8:06,,en,0,0,4,[],[],0,1,,,,,,,,,,,None
3661,tbh even someone picking physically like harshly tickling poking smacking repeatedly told please stop gets nerves like partner four year old brother,10/2/2021 2:04,,en,0,0,1,[],[],0,0,,,,,,,,,,,None
3662,hmm seen original ii think referencing mainly,9/5/2021 1:46,,en,0,0,1,[],[],0,0,,,,,,,,,,,None
3663,minute since seen get mixed head,8/30/2021 0:05,,en,1,0,0,[],[],0,0,,,,,,,,,,,None
3664,oh god yes lake placid good,8/27/2021 11:02,,en,0,0,0,[],[],0,0,,,,,,,,,,,None
3665,also really bothers tell people okay might weird stupid lt insert thing gt really upsets want avoid happening tell stupid petty whatever ever comes go even though knew,8/26/2021 1:38,,en,0,0,0,[],[],0,0,,,,,,,,,,,None
3666,serious question favorite shark related horror film mine without doubt deep blue sea,8/18/2021 1:47,,en,0,0,1,[],[],0,0,,,,,,,,,,,None
3667,yes course loved opinion piranha,8/14/2021 14:25,,en,0,0,1,[],[],0,0,,,,,,,,,,,None
3668,also sorry late response busy also sick somehow missed replies tweet,8/14/2021 14:23,,en,1,0,4,[],[],0,0,,,,,,,,,,,None
3669,mean look way mammals phylogenetically speaking referring linnean system literally screaming scales cold blooded appreciate bringing idiot,8/14/2021 11:50,,en,0,0,7,[],[],0,0,,,,,,,,,,,None
3670,something feet scales think honestly makes sense thermal type anything also sorry late see tweet reason,8/11/2021 3:22,,en,1,0,0,[],[],0,0,,,,,,,,,,,None
3671,understand completely also like get pitted family asked choose sides front family friends please drag drama know bc make still gonna hate bc dun know,8/10/2021 4:32,,en,0,0,2,[],[],0,1,,,,,,,,,,,None
3672,ily knows honestly lmao,8/9/2021 8:48,,en,0,0,0,[],[],0,0,,,,,,,,,,,None
3673,tbh slightly inactive lately work retail holiday season lmao maybe reason idk though tweeted,8/9/2021 3:28,,en,1,0,3,[],[],0,0,,,,,,,,,,,None
3674,understood meant saying personally feel understand appeal wanting someone independent rely another adult sorry came kinda way,7/31/2021 2:07,,en,0,0,8,[],[],0,1,,,,,,,,,,,None
3675,best taking advice heart best,7/29/2021 5:57,,en,1,0,0,[],[],0,0,,,,,,,,,,,None
3676,trying taking long long time,7/29/2021 2:12,,en,1,0,0,[],[],0,0,,,,,,,,,,,None
3677,mother talking lately making plans might move back sometime holidays trying save little christmas presents made difficult still expected buy matter dealing bc family idk,7/14/2021 8:50,,en,0,0,0,[],[],0,0,,,,,,,,,,,None
3678,good srs always best follow instincts put first wish lmao,7/13/2021 11:24,,en,2,0,9,[],[],0,0,,,,,,,,,,,None
3679,whats favourite monster whats least favourite one,7/13/2021 11:23,,en,0,0,0,[],[],0,0,,,,,,,,,,,None
3680,comment picture favourite perfume ill tell like judging perfume,7/2/2021 13:48,,en,0,0,2,[],[],0,0,,,,,,,,,,,None
3681,thank much great day,6/13/2021 4:07,,en,0,0,0,[],[],0,0,,,,,,,,,,,None
3682,hi id like order one anorexia please miss twitter star struck,6/12/2021 12:11,,en,0,0,0,[],[],0,0,,,,,,,,,,,None
3683,completely understand get better,6/12/2021 12:01,,en,2,0,1,[],[],0,0,,,,,,,,,,,None
3684,people edtwt understand lemme translate u,6/7/2021 2:26,,en,0,0,0,[],[],0,0,,,,,,,,,,,Mild
3685,went beach today,5/25/2021 7:45,,en,0,0,1,[],[],0,0,,,,,,,,,,,None
3686,omg edtwt account literally know,5/21/2021 2:18,,en,0,0,2,[],[],0,0,,,,,,,,,,,Mild
3687,omg emoji whole time without knowing amazing,5/21/2021 2:14,,en,2,0,3,[],[],0,0,,,,,,,,,,,None
3688,teeth fall longest time thought counts bulimia acid lack calcium make bones break easily also cause teeth fall,5/3/2021 13:50,,en,0,0,1,[],[],0,0,,,,,,,,,,,None
3689,well proteins bars usually like makes sense,4/30/2021 8:24,,en,0,0,1,[],[],0,0,,,,,,,,,,,None
3690,almond milk win idc itsso yummy,4/30/2021 3:33,,en,0,0,1,[],[],0,0,,,,,,,,,,,None
3691,aesthetic mental illness find help u r quirky pretty,4/30/2021 3:21,,en,3,1,5,[],[],0,1,,,,,,,,,,,None
3692,think lot also w lack endurance high weights low energy bc eating unwell,4/28/2021 7:35,,en,0,0,1,[],[],0,0,,,,,,,,,,,None
3693,u know weight u lose isnt fat right also likely muscle certain point bone density,4/28/2021 5:28,,en,2,1,7,[],[],0,1,,,,,,,,,,,None
3694,understood sorta happenin rn,4/27/2021 12:46,,en,0,0,1,[],[],0,0,,,,,,,,,,,None
3695,su c de dallas,4/9/2021 6:56,,en,0,0,1,[],[],0,0,,,,,,,,,,,None
3696,lol,4/6/2021 11:33,,en,0,0,0,[],[],0,0,,,,,,,,,,,None
3697,cancer venus baby lets goo,3/1/2022 10:15,,en,0,0,1,[],[],0,0,,,,,,,,,,,None
3698,geez im sorry male coaches weirdest,11/27/2021 9:11,,en,0,0,6,[],[],0,1,,,,,,,,,,,None
3699,assume coach u mean sport try talk another coach ever feels threating go stand either female coach people team u trust way doesnt chance alone,9/29/2021 12:29,,en,0,0,6,[],[],0,1,,,,,,,,,,,None
3700,im proud know probably hard great ivy,8/29/2021 2:33,,en,0,0,0,[],[],0,1,,,,,,,,,,,None
3701,valid bad person weird getting triggered gen im sorry happend though know doesnt feel good,8/29/2021 2:00,,en,1,0,4,[],[],0,0,,,,,,,,,,,None
3702,thatooks good painful time im sorry hope u r feeling better baby,7/18/2021 16:19,,en,0,0,7,[],[],0,1,,,,,,,,,,,None
3703,yea makes really really fuckin sad end day r u gonna ok show empathy dont go cry normal people like fuckin animals,6/22/2021 9:38,,en,0,0,1,[],[],0,0,,,,,,,,,,,None
3704,srsly heard many horror stories,5/23/2021 14:59,,en,0,0,8,[],[],0,1,,,,,,,,,,,None
3705,fuck december everyone know gain,3/29/2021 3:17,,en,0,0,1,[],[],0,0,,,,,,,,,,,None
3706,simultaneously sexiest ugliest person alive,3/24/2021 7:28,,en,0,0,12,[],[],0,1,,,,,,,,,,,None
3707,whicher one u want mindful u eat rlly enjoy go drink water brush teeth find something away kitchen allowed eat one,3/20/2021 15:38,,en,0,0,1,[],[],0,0,,,,,,,,,,,None
3708,low like lt mid like,3/10/2021 10:00,,en,1,0,0,[],[],0,1,,,,,,,,,,,None
3709,srs dad got mad told school covid like call u said sick,3/10/2021 8:34,,en,1,0,0,[],[],0,0,,,,,,,,,,,None
3710,help release lot tension think break built tissue fluids like u said massage,3/7/2021 8:36,,en,0,0,4,[],[],0,0,,,,,,,,,,,None
3711,yes like u kickboxing snd taekwondo regularly amount times get hit repeatedly single area training need yoga,3/1/2021 2:24,,en,0,0,22,[],[],0,1,,,,,,,,,,,None
3712,whole rzn never got tiktok finally caved n got like month ago rarely go fyp fear sw im one watches following section,2/21/2021 5:54,,en,0,0,1,[],[],0,0,,,,,,,,,,,None
3713,sorry hope didnt sound like takkng spotlight u empathize people want know ur alone gen im really proud,2/15/2021 11:34,,en,0,0,1,[],[],0,1,,,,,,,,,,,None
3714,mean eating bugs isnt bad also gotta used coloring thats wrong plants,2/13/2021 2:10,,en,0,0,1,[],[],0,0,,,,,,,,,,,None
3715,well ya true sad,2/11/2021 18:02,,en,0,0,1,[],[],0,0,,,,,,,,,,,None
3716,yea like even christmas pretty tame like whole december caved,2/10/2021 2:53,,en,0,0,1,[],[],0,1,,,,,,,,,,,None
3717,god continuously testing us like water boarded,2/9/2021 15:38,,en,0,0,1,[],[],0,0,,,,,,,,,,,None
3718,evn tarot kept giving tower also got empress wands everything awful,2/8/2021 11:10,,en,0,0,0,[],[],0,1,,,,,,,,,,,None
3719,ok babe r making cried like everytime looked eyes hugged still forgiving r working past,2/8/2021 11:05,,en,1,0,0,[],[],0,1,,,,,,,,,,,None
3720,ya nd boyfriend confessed almost cheating like tuesday,2/4/2021 6:58,,en,0,0,1,[],[],0,0,,,,,,,,,,,None
3721,def difference u still look soo good first,2/4/2021 6:17,,en,1,0,7,[],[],0,0,,,,,,,,,,,None
3722,yes think depending size bar like quest bar terms nutritional value,2/4/2021 2:49,,en,0,0,0,[],[],0,0,,,,,,,,,,,None
3723,checked recent tweets jeessus lot deep rooted things going imma favor block block lol,1/27/2021 9:05,,en,0,0,5,[],[],0,1,,,,,,,,,,,None
3724,gunna try got coupon free drink starbucks day,1/22/2021 2:36,,en,0,0,4,[],[],0,1,,,,,,,,,,,None
3725,alex tweets blowing rn really likes lot right,1/18/2021 13:30,,en,0,0,1,[],[],0,1,,,,,,,,,,,None
3726,yall wanna drstroy lmao thansl motivation ima start em rn ill let ya know happens,1/14/2021 17:12,,en,0,0,0,[],[],0,1,,,,,,,,,,,None
3727,volume short hair,1/14/2021 17:11,,en,1,1,4,[],[],0,0,,,,,,,,,,,None
3728,bei mir ist es auch angekommen habs heute abgeholt,12/29/2020 15:55,,en,0,1,4,[],[],0,0,,,,,,,,,,,None
3729,jaman liebe das tausend mal mehr als halo top caramel macchiato swirl finde ich besten,12/24/2020 7:16,,en,1,0,2,[],[],0,0,,,,,,,,,,,None
3730,ahh und die hab ich auch mal einem rewe gekauft und ist soo lecker also wie normale waffeln und hat nur aber finde die sonst nirgendwo mehr,12/13/2020 10:22,,en,0,0,0,[],[],0,1,,,,,,,,,,,None
3731,premier protein ist von rewe aber sonst alles von rossmann alle unter und von den werten sonst ganz gut und die leckersten finde ich es gibt rossmann noch neue fr g ballaststoffen und g protein aber hab die noch nicht probiert,12/12/2020 14:31,,en,0,0,3,[],[],0,0,,,,,,,,,,,None
3732,expensive green tea ist totally worth money ones taste like wet paper,12/9/2020 16:50,,en,0,0,1,[],[],0,1,,,,,,,,,,,None
3733,btw hab meine prsentationsprpfung fr msa auch alleine gemacht war ein struggle die berechtigung dafr zu bekommen und allgemein alles daran aber hab mit bestanden und bin einf nur froh nie wieder diesen sucht euch ein partner struggle zu haben das hat mich gefckt,12/7/2020 10:00,,en,0,0,5,[],[],0,1,,,,,,,,,,,None
3734,das meiste ich geschafft hab mit normalem stoffwechsel davor waren einmal kg tagen mit glaube mehr als kg ist nicht drin tagen,12/6/2020 7:31,,en,0,1,11,[],[],0,0,,,,,,,,,,,None
3735,die situation hatte ich zu seit der ten klasse hatte nur mensa freunde die halt einfach mit mir saen war aber weird weils eher schweigend war lmao hab letztes jahr te beendet und kp hab mich einfach daran gewhnt guess spiele einf games oder gucke anime,12/3/2020 5:05,,en,0,0,1,[],[],0,0,,,,,,,,,,,None
3736,schlemmerfilet mean c und g protein babyfood dosensuppen vorallem bihun fr c tassensuppen tk hhnerfilets stck c g protein und fertig curry von tasty bites halbe packung hat und mit g tk gemse c gibt nichts besseres fr unter,12/3/2020 5:05,,en,1,0,1,[],[],0,1,,,,,,,,,,,None
3737,time sweat almonst matter im cold normal warm,12/1/2020 8:07,,en,1,0,9,[],[],0,1,,,,,,,,,,,None
3738,noo hab da aver schon mal bestellt vor nem jahr und es kam alles normal waren aber beide make nur sachen und jetzt hab ich voll viel fr bestellt und auch mit paypal gezahlt,11/21/2020 9:37,,en,0,0,0,[],[],0,0,,,,,,,,,,,None
3739,rewe ist sympathisch und hat einfach alles ich brauch,11/8/2020 3:41,,en,0,0,1,[],[],0,0,,,,,,,,,,,None
3740,girl pathetic get personality ur annoying know,11/8/2020 3:41,,en,0,0,0,[],[],0,0,,,,,,,,,,,None
3741,know call anymore know call anymore tears fall like raindrops nah wanna ball anymore,10/4/2020 5:29,,en,0,0,2,[],[],0,1,,,,,,,,,,,None
3742,telling people friends im telling best idea lives thats thing asshole,10/2/2020 15:20,,en,0,0,3,[],[],0,0,,,,,,,,,,,None
3743,wait see one,9/21/2020 4:59,,en,0,0,1,[],[],0,1,,,,,,,,,,,None
3744,gemini firefighters,9/17/2020 11:48,,en,0,0,4,[],[],0,0,,,,,,,,,,,None
3745,hear drugs self care,8/1/2020 15:26,,en,0,0,1,[],[],0,0,,,,,,,,,,,None
3746,honestly one things,7/19/2020 15:26,,en,0,0,1,[],[],0,0,,,,,,,,,,,None
3747,hot pretty hate viewed childish smth protect person taken seriously,7/6/2020 13:21,,en,0,0,0,[],[],0,0,,,,,,,,,,,None
3748,changing name kenzie refer kenzie comments u see pls,7/6/2020 12:13,,en,0,0,1,[],[],0,0,,,,,,,,,,,None
3749,even say without laughing,7/6/2020 12:05,,en,2,0,9,[],[],0,0,,,,,,,,,,,None
3750,every day energy mins counting walking pacing,7/6/2020 8:00,,en,0,0,0,[],[],0,0,,,,,,,,,,,None
3751,time got ed lines far well lost sparkle social skills everyone started overlooking hating,7/5/2020 1:20,,en,0,1,12,[],[],0,0,,,,,,,,,,,None
3752,rose gold antique motorcycle obviously bad bitch energy need win,6/26/2020 1:52,,en,0,1,2,[],[],0,0,,,,,,,,,,,None
3753,oh thanks ur concern alright,6/26/2020 1:50,,en,1,1,6,[],[],0,0,,,,,,,,,,,None
3754,fan max race definitely exactly fair max really deserve win championship exciting watch much action,6/24/2020 2:01,,en,0,0,0,[],[],0,1,,,,,,,,,,,None
3755,better finding like,6/23/2020 13:13,,en,1,0,0,[],[],0,1,,,,,,,,,,,None
3756,idc think see,6/21/2020 13:50,,en,0,0,1,[],[],0,1,,,,,,,,,,,None
3757,also yes let friends wanna dm,12/2/2021 4:05,,en,1,0,1,[],[],0,1,,,,,,,,,,,None
3758,omg living rain cloud love,10/25/2021 13:13,,en,0,0,1,[],[],0,0,,,,,,,,,,,None
3759,shit accidentally clicked yes sorry meant gen,10/25/2021 11:52,,en,1,0,4,[],[],0,1,,,,,,,,,,,None
3760,thank lt hope ur day good,8/24/2021 11:40,,en,1,0,4,[],[],0,1,,,,,,,,,,,None
3761,sorry love need anything let know lt,1/12/2020 5:48,,en,1,0,1,[],[],0,0,,,,,,,,,,,None
3762,scorpio attract virgos lot second would probably b geminis,11/13/2019 7:48,,en,0,0,1,[],[],0,0,,,,,,,,,,,None
3763,wow moots lmao,11/9/2019 0:33,,en,1,2,23,[],[],0,1,,,,,,,,,,,None
3764,ilyt,10/25/2019 6:21,,en,0,0,1,[],[],0,0,,,,,,,,,,,None
3765,nah smell like shit id never date guy smokes cigars especially cigarettes,7/3/2019 6:40,,en,0,0,0,[],[],0,0,,,,,,,,,,,None
3766,anyone forgot sorry love much know ppl usernames,10/15/2018 11:39,,en,0,6,6,[],[],0,0,,,,,,,,,,,None
3767,thank u means lot,10/14/2018 13:19,,en,0,0,1,[],[],0,0,,,,,,,,,,,None
3768,cigarettes gross weed vape hott,10/13/2018 14:11,,en,0,3,1,[],[],0,0,,,,,,,,,,,None
3769,love way smoke looks cigarettes fucking nasty,9/2/2018 14:46,,en,0,1,4,[],[],0,0,,,,,,,,,,,None
3770,walmart sm embarrassing wdym,8/3/2018 15:12,,en,0,0,0,[],[],0,0,,,,,,,,,,,None
3771,ilytt,6/22/2018 7:39,,en,0,0,0,[],[],0,0,,,,,,,,,,,None
3772,ilytt let go commit arson,6/5/2018 14:32,,en,1,0,3,[],[],0,0,,,,,,,,,,,None
3773,omg faves,5/19/2018 12:40,,en,1,0,1,[],[],0,0,,,,,,,,,,,None
3774,smth songs says pushing p afaik,6/11/2022 8:58,,en,2,0,2,[],[],0,1,,,,,,,,,,,None
3775,hear say every one wants dead bitch already dead dead years,5/12/2022 9:39,,en,0,0,0,[],[],0,0,,,,,,,,,,,None
3776,alright today bye love u lt,3/5/2022 23:59,,en,0,0,1,[],[],0,0,,,,,,,,,,,None
3777,anyone want make another one since prolly full,2/21/2022 15:01,,en,0,0,1,[],[],0,1,,,,,,,,,,,None
3778,ayo followers better getting responses,1/11/2022 10:43,,en,0,0,1,[],[],0,0,,,,,,,,,,,None
3779,bruh hit tweet boring,12/25/2021 5:08,,en,0,0,2,[],[],0,0,,,,,,,,,,,None
3780,god sorry spam abt make thread qrts voice recordings bc apparently voice recordings threads,9/30/2021 23:27,,en,0,2,7,[],[],0,1,,,,,,,,,,,None
3781,got high fuck againn hahah love,8/21/2021 2:30,,en,0,0,0,[],[],0,0,,,,,,,,,,,None
3782,hey anyone wanna hear weird stories first two days work gen,5/21/2021 11:47,,en,0,0,0,[],[],0,0,,,,,,,,,,,None
3783,idk rly like yeah right joji moment,2/15/2021 14:24,,en,1,0,2,[],[],0,1,,,,,,,,,,,None
3784,idk much abt aesthetic threads make motivating,12/21/2020 8:33,,en,0,0,0,[],[],0,1,,,,,,,,,,,None
3785,trying figure balance girl side personality spirituality girl side sad stoner bitch side,12/5/2020 3:53,,en,0,0,0,[],[],0,0,,,,,,,,,,,None
3786,rly try get ton protein count tho,11/27/2020 2:07,,en,0,0,2,[],[],0,1,,,,,,,,,,,None
3787,ok saw tl wondering annoying,11/14/2020 1:32,,en,0,0,0,[],[],0,0,,,,,,,,,,,None
3788,fucking high shit anxious fucking reason took like something hits ahhahaha feel fucking good rn,10/16/2020 2:32,,en,0,0,1,[],[],0,0,,,,,,,,,,,None
3789,stole yk,9/21/2020 4:31,,en,0,0,1,[],[],0,0,,,,,,,,,,,None
3790,subs amazing gotta start using,9/16/2020 3:24,,en,0,0,1,[],[],0,1,,,,,,,,,,,None
3791,real pandemic man,8/31/2020 1:44,,en,0,0,2,[],[],0,1,,,,,,,,,,,None
3792,therapy tweeting fucked song lyrics relate,8/20/2020 5:25,,en,0,0,1,[],[],0,0,,,,,,,,,,,None
3793,best descision entire life,8/3/2020 5:12,,en,0,0,5,[],[],0,0,,,,,,,,,,,None
3794,time get high fill online shopping carts thousands dollars crystals ill never buy coping right,7/30/2020 11:15,,en,1,0,2,[],[],0,0,,,,,,,,,,,None
3795,triggering shit id never publicly admit see smth f sp,7/23/2020 5:11,,en,0,0,1,[],[],0,0,,,,,,,,,,,None
3796,weird funny stories job ongoing thread,6/24/2020 6:22,,en,0,0,0,[],[],0,0,,,,,,,,,,,None
3797,thank u sm means lot lt,6/23/2020 4:17,,en,0,0,0,[],[],0,0,,,,,,,,,,,None
3798,cant believe considered hot take edtwt lets save pics minors face reveals bcs speculate publicly bmi thats genuinely weird one thing think ab ur head another ss pic post grow,6/23/2020 0:03,,en,0,0,3,[],[],0,1,,,,,,,,,,,Mild
3799,yall join edtwt expecting get anorexia ednos bed wont snatch ass,6/8/2020 2:24,,en,0,0,7,[],[],0,1,,,,,,,,,,,Mild
3800,much regret second one,5/29/2020 5:47,,en,0,0,5,[],[],0,0,,,,,,,,,,,None
3801,bisexual edtwt hell everyone hot,5/16/2020 13:28,,en,0,0,1,[],[],0,0,,,,,,,,,,,Mild
3802,check added closet poshmark project social crewneck sweatshirt via,4/24/2020 3:36,,en,0,0,1,[],[],0,0,,,,,,,,,,,None
3803,yes fat people anorexia yes thin people binge eating disorder eating disorders mental illness body type,4/9/2020 5:32,,en,0,0,2,[],[],0,0,,,,,,,,,,,None
3804,hime hi ive missed also drink water tea happens,4/4/2020 2:08,,en,0,0,0,[],[],0,1,,,,,,,,,,,None
3805,birthday selfiez,4/3/2020 13:30,,en,0,0,2,[],[],0,1,,,,,,,,,,,None
3806,pls stop idolizing hrh girl,4/3/2020 13:14,,en,4,0,0,[],[],0,0,,,,,,,,,,,None
3807,whenever think getting job parents mention feel like puking,3/28/2020 2:26,,en,0,0,2,[],[],0,0,,,,,,,,,,,None
3808,college customer service always suck ass,3/25/2020 7:04,,en,1,0,2,[],[],0,0,,,,,,,,,,,None
3809,yknow low standards dtwt god damn people getting mad others leaving recovering standard,3/12/2020 9:26,,en,1,0,1,[],[],0,1,,,,,,,,,,,None
3810,literally best compliment ive ever received lt ty vivi youre sweet ily,2/29/2020 3:00,,en,0,0,1,[],[],0,0,,,,,,,,,,,None
3811,go ari go proud gt gt,2/22/2020 6:34,,en,0,0,3,[],[],0,0,,,,,,,,,,,None
3812,gorgeous gorgeous people get ready watch euphoria,2/15/2020 10:28,,en,1,0,3,[],[],0,1,,,,,,,,,,,None
3813,im proud ari lt ily angel,2/6/2020 13:37,,en,0,0,1,[],[],0,0,,,,,,,,,,,None
3814,love ari please stay safe lt im gonna miss lovely,1/23/2020 13:24,,en,1,0,0,[],[],0,0,,,,,,,,,,,None
3815,prettyy lt look lovely ari,11/29/2020 1:13,,en,0,0,0,[],[],0,0,,,,,,,,,,,None
3816,would say im sorry ari lt hope enjoyed food regardless,10/30/2020 11:13,,en,0,0,0,[],[],0,0,,,,,,,,,,,None
3817,look pretty ari lt dreamy,10/30/2020 11:10,,en,0,0,0,[],[],0,0,,,,,,,,,,,None
3818,omg yayayay happy birthday rui lt didnt know birthdays closee,10/26/2020 22:19,,en,0,3,3,[],[],0,1,,,,,,,,,,,None
3819,thank rui ily january th,6/11/2022 11:08,,en,0,0,0,[],[],0,0,,,,,,,,,,,None
3820,room always looks nice gt love light,6/11/2022 11:08,,en,2,0,0,[],[],0,0,,,,,,,,,,,None
3821,right likeim still pissed awf,6/11/2022 10:47,,en,0,0,0,[],[],0,0,,,,,,,,,,,None
3822,vivi omg pretty,6/11/2022 10:40,,en,1,0,0,[],[],0,0,,,,,,,,,,,None
3823,bye swear birthday present whole family covid parents coworkers dont wanna get vaccinated imma lose,6/10/2022 23:05,,en,0,0,0,[],[],0,0,,,,,,,,,,,None
3824,hamilton album monsters helping rank overwatch toodiamond come,6/10/2022 23:05,,en,1,1,2,[],[],0,0,,,,,,,,,,,None
3825,many shots soju im sober already seems,6/10/2022 22:49,,en,0,0,0,[],[],0,0,,,,,,,,,,,None
3826,martin love simon one worst characters ever hate,6/10/2022 22:49,,en,1,0,0,[],[],0,0,,,,,,,,,,,None
3827,dad signed whole family k k run havent ran months,6/10/2022 22:35,,en,0,0,0,[],[],0,0,,,,,,,,,,,None
3828,one old guys liked pro life docked generous instantly im like,6/10/2022 22:35,,en,1,0,1,[],[],0,0,,,,,,,,,,,None
3829,shaking ass morning,6/10/2022 9:47,,en,0,0,0,[],[],0,0,,,,,,,,,,,None
3830,hes haesooer,6/10/2022 8:19,,en,0,1,1,[],[],0,0,,,,,,,,,,,None
3831,please let feel smart,6/6/2022 9:04,,en,0,0,0,[],[],0,0,,,,,,,,,,,None
3832,taylors asian cousin,6/6/2022 8:57,,en,0,0,0,[],[],0,0,,,,,,,,,,,None
3833,lisa varsity jacket airport esque,6/2/2022 10:56,,en,0,0,0,[],[],0,0,,,,,,,,,,,None
3834,real thing person made,6/1/2022 23:07,,en,0,0,0,[],[],0,0,,,,,,,,,,,None
3835,uday enhypen bane society,5/29/2022 12:19,,en,0,0,0,[],[],0,0,,,,,,,,,,,None
3836,think maknae lines popularity would overshadow everyone else,5/28/2022 3:19,,en,1,1,0,[],[],0,0,,,,,,,,,,,None
3837,everyone needs leave sister alone,5/28/2022 3:13,,en,0,0,0,[],[],0,0,,,,,,,,,,,None
3838,sister attend shows,5/28/2022 3:01,,en,1,0,0,[],[],0,0,,,,,,,,,,,None
3839,cannot let disband dye,5/26/2022 4:16,,en,0,0,0,[],[],0,0,,,,,,,,,,,None
3840,cannot think uni please need distraction,5/23/2022 0:56,,en,0,0,1,[],[],0,0,,,,,,,,,,,None
3841,dont know sentence framed get point,5/22/2022 12:02,,en,0,0,0,[],[],0,0,,,,,,,,,,,None
3842,sun happy moon happy,5/22/2022 11:31,,en,0,0,0,[],[],0,0,,,,,,,,,,,None
3843,like friends chilling w drinks totally fine stranger took swig drink thats massive,5/22/2022 9:39,,en,0,0,0,[],[],0,0,,,,,,,,,,,None
3844,hell going,5/22/2022 9:37,,en,0,0,0,[],[],0,0,,,,,,,,,,,None
3845,wheres first lold seriousd meme,5/22/2022 1:27,,en,0,0,4,[],[],0,0,,,,,,,,,,,None
3846,else likes cement pasta,5/22/2022 1:27,,en,0,0,0,[],[],0,0,,,,,,,,,,,None
3847,fuck cares jesy nelson,5/22/2022 1:21,,en,0,0,0,[],[],0,0,,,,,,,,,,,None
3848,hell changing favorite rapper title jhope skz boy,5/19/2022 8:17,,en,0,0,0,[],[],0,0,,,,,,,,,,,None
3849,aespa singing nvis like died something,5/16/2022 9:42,,en,0,0,0,[],[],0,0,,,,,,,,,,,None
3850,would loona members willing play squid game,5/16/2022 9:21,,en,0,0,0,[],[],0,0,,,,,,,,,,,None
3851,skip best part song,5/15/2022 8:39,,en,0,0,0,[],[],0,0,,,,,,,,,,,None
3852,wear shirt inside turtleneck,5/15/2022 8:36,,en,0,0,0,[],[],0,0,,,,,,,,,,,None
3853,oh god one time faves,5/13/2022 22:27,,en,0,0,0,[],[],0,0,,,,,,,,,,,None
3854,one week text mom wtf,5/13/2022 9:08,,en,7,0,1,[],[],0,0,,,,,,,,,,,None
3855,well meet youre resurrected line,5/12/2022 23:47,,en,0,0,0,[],[],0,0,,,,,,,,,,,None
3856,need keep reminding shes white woman,5/12/2022 23:40,,en,1,0,0,[],[],0,0,,,,,,,,,,,None
3857,oh shit forgot people could see comments great edit friend,5/12/2022 23:40,,en,2,0,0,[],[],0,0,,,,,,,,,,,None
3858,th gen name tho ill say,5/11/2022 23:49,,en,13,1,23,[],[],0,0,,,,,,,,,,,None
3859,coke much pressing matters india please,6/7/2022 13:13,,en,0,0,0,[],[],0,0,,,,,,,,,,,None
3860,right omg complaining lisa,9/17/2019 23:08,,en,0,1,5,[],[],0,0,,,,,,,,,,,None
3861,bts blackpink labelmates,8/24/2019 12:26,,en,0,1,2,[],[],0,0,,,,,,,,,,,None
3862,songs shershaah pretty good think,8/13/2019 1:56,,en,0,0,1,[],[],0,1,,,,,,,,,,,None
3863,think hes someone lives korea,8/10/2019 9:09,,en,0,0,0,[],[],0,0,,,,,,,,,,,None
3864,couldve atleast cute player damn,8/10/2019 0:59,,en,0,0,0,[],[],0,1,,,,,,,,,,,None
3865,need winter lia friends actually,8/9/2019 8:46,,en,0,0,0,[],[],0,1,,,,,,,,,,,None
3866,bro dont tweet,8/7/2019 11:00,,en,0,0,1,[],[],0,0,,,,,,,,,,,None
3867,think rap line would musically inclined tae jungkook jimin jin would get insane hf brand offers magazine pictorials,8/3/2019 23:59,,en,0,0,3,[],[],0,1,,,,,,,,,,,None
3868,th gen groups could celebrating th anniversary suju would still making music,8/3/2019 1:14,,en,0,0,0,[],[],0,0,,,,,,,,,,,None
3869,little obsessed actually,8/2/2019 23:54,,en,0,0,0,[],[],0,1,,,,,,,,,,,None
3870,dee u leave forever come back like,8/2/2019 0:36,,en,0,0,1,[],[],0,0,,,,,,,,,,,None
3871,start tweeting abt shit,8/2/2019 0:29,,en,0,0,3,[],[],0,0,,,,,,,,,,,None
3872,know dogs actually scoop water bottom tongue make little bowl type thing lapping water,8/2/2019 0:11,,en,0,0,0,[],[],0,0,,,,,,,,,,,None
3873,thats actually vile madison,8/2/2019 0:04,,en,1,0,0,[],[],0,0,,,,,,,,,,,None
3874,stop thats mine gn,8/1/2019 23:52,,en,0,0,3,[],[],0,0,,,,,,,,,,,None
3875,happened longest time literally mute name,8/1/2019 23:51,,en,0,0,0,[],[],0,0,,,,,,,,,,,None
3876,someone plsplsplss link,8/1/2019 9:21,,en,0,0,2,[],[],0,0,,,,,,,,,,,None
3877,million long arent crappy establishment,8/1/2019 6:50,,en,0,1,2,[],[],0,0,,,,,,,,,,,None
3878,thank u,7/30/2019 11:36,,en,0,0,2,[],[],0,0,,,,,,,,,,,None
3879,yeah ik im gonna plus dont time shit long hell,7/30/2019 11:33,,en,0,0,2,[],[],0,0,,,,,,,,,,,None
3880,bananas peanut butter,2/12/2022 2:19,,en,0,0,1,[],[],0,0,,,,,,,,,,,None
3881,help thats made lose soo much weight last year gonna year scared id get sick bananas cause love dont wanna eat weeks,2/11/2022 8:53,,en,0,0,3,[],[],0,0,,,,,,,,,,,None
3882,dad dont want takeaway,1/21/2022 1:13,,en,0,3,10,[],[],0,0,,,,,,,,,,,None
3883,piss,1/20/2022 9:11,,en,0,0,2,[],[],0,0,,,,,,,,,,,None
3884,everybody cheered,1/12/2022 22:34,,en,2,0,4,[],[],0,0,,,,,,,,,,,None
3885,progress slow,1/12/2022 22:28,,en,4,0,20,[],[],0,0,,,,,,,,,,,None
3886,would dad send,1/10/2022 5:56,,en,0,0,3,[],[],0,0,,,,,,,,,,,None
3887,yknow youre late period theres feeling simultaneous joy dread could come back time u dont even know,1/10/2022 5:25,,en,0,0,1,[],[],0,0,,,,,,,,,,,None
3888,itll come itll come im praying u kinda nice little detox come emotionally void bad bitch another months,1/10/2022 5:00,,en,0,0,4,[],[],0,0,,,,,,,,,,,None
3889,right kinda expensive mum expert tailor makes lot dresses tho im gonna ask alter hope best,1/10/2022 4:48,,en,0,0,1,[],[],0,0,,,,,,,,,,,None
3890,daisy keech bubble butt workout,1/10/2022 4:44,,en,1,1,10,[],[],0,0,,,,,,,,,,,None
3891,free trialjwjsuwkdkfm,1/10/2022 4:24,,en,0,0,0,[],[],0,0,,,,,,,,,,,None
3892,thats basically like last one taking short nap coming back noomine came abt days late lulled false sense security,1/8/2022 9:01,,en,1,0,3,[],[],0,0,,,,,,,,,,,None
3893,done absolutely nothing deserve,1/4/2022 14:09,,en,0,0,0,[],[],0,0,,,,,,,,,,,None
3894,necessary cake tho,1/2/2022 0:46,,en,0,0,0,[],[],0,0,,,,,,,,,,,None
3895,oh sure plenty sugar plenty butter loads frosting,1/2/2022 0:45,,en,0,0,0,[],[],0,0,,,,,,,,,,,None
3896,hey people get medicine ass sometimes right right,1/2/2022 0:23,,en,0,0,3,[],[],0,0,,,,,,,,,,,None
3897,u never know people crazy things,1/1/2022 23:30,,en,0,0,0,[],[],0,0,,,,,,,,,,,None
3898,roommates covid,12/30/2021 8:45,,en,0,0,1,[],[],0,0,,,,,,,,,,,None
3899,yes please,12/12/2021 2:56,,en,0,0,0,[],[],0,0,,,,,,,,,,,None
3900,everyone drowns sweet sensation really mind breathless charming really inspiration anyone looks perhaps soul belongs museum among works art,6/11/2022 2:33,,en,0,0,0,[],[],0,0,,,,,,,,,,,None
3901,lose constantly leaving things open ended unfinished losing process try stay something see ends always bad trust,6/9/2022 23:10,,en,0,0,1,[],[],0,1,,,,,,,,,,,None
3902,read percy jackson sixth grade lgbtq bc read books also went hamilton atla phase time cry listening mitski know basic math oh forget add gifted kid,5/28/2022 18:05,,en,0,0,0,[],[],0,0,,,,,,,,,,,None
3903,single question comes mind fall associate old love letters ones sprayed perfume long train rides,5/28/2022 13:05,,en,0,0,0,[],[],0,0,,,,,,,,,,,None
3904,adaptable recluse needs learn trist,5/24/2022 15:39,,en,0,0,0,[],[],0,0,,,,,,,,,,,None
3905,hag accs havers,5/24/2022 15:32,,en,0,0,4,[],[],0,1,,,,,,,,,,,None
3906,bruh took spritzes melatonin spray still fallen asleep hours sleep,5/24/2022 2:48,,en,1,0,0,[],[],0,0,,,,,,,,,,,None
3907,fucked really done two semesters korea,5/24/2022 2:45,,en,0,0,0,[],[],0,0,,,,,,,,,,,None
3908,answer yes would feel like people would fall love mind first imagination creativity words like paint pretty scenery whenever open mouth gold pinks reds purples,5/24/2022 2:45,,en,0,0,0,[],[],0,0,,,,,,,,,,,None
3909,km h sprint last minute nearly fell lmao,5/16/2022 22:03,,en,1,0,0,[],[],0,1,,,,,,,,,,,None
3910,fucking hate back home happened less two weeks,5/16/2022 13:53,,en,0,0,0,[],[],0,0,,,,,,,,,,,None
3911,got result realize sometimes rely others okay ask help human,5/16/2022 12:50,,en,1,0,0,[],[],0,0,,,,,,,,,,,None
3912,time go sometimes run brave thing usually first one relationships conversations jobs groups activity dip like great philosopher said gotta leave get left true,5/15/2022 2:46,,en,0,0,2,[],[],0,1,,,,,,,,,,,None
3913,okay maybe math sure something good bothers sometimes need ask help make weak less independent okay good everything,5/10/2022 0:22,,en,0,0,0,[],[],0,0,,,,,,,,,,,None
3914,back l time set pretty notion page lt,5/8/2022 13:40,,en,0,1,1,[],[],0,0,,,,,,,,,,,None
3915,tbh dashi stock gochujang stuff even greater rn dont wanna challenge stomach veggie broth soup mm,5/7/2022 17:39,,en,0,0,0,[],[],0,0,,,,,,,,,,,None
3916,romantic ending single question comes mind fall associate old love letters ones sprayed perfume long train rides,5/7/2022 15:29,,en,1,0,0,[],[],0,0,,,,,,,,,,,None
3917,wake babe immortality diet revival dropped,5/7/2022 12:59,,en,0,0,0,[],[],0,1,,,,,,,,,,,None
3918,love sm,5/6/2022 1:31,,en,1,0,0,[],[],0,0,,,,,,,,,,,None
3919,visual novel crossed point click made offer perspective mental health eating disorders navigate couple rocky relationship encounter flaws quirks may actually symptomatic behaviors,5/6/2022 1:28,,en,1,0,1,[],[],0,0,,,,,,,,,,,None
3920,gp experiences,5/5/2022 11:04,,en,0,0,0,[],[],0,0,,,,,,,,,,,None
3921,much truth,5/4/2022 2:22,,en,0,0,0,[],[],0,0,,,,,,,,,,,None
3922,aldi wins best christmas advert always helping children love,5/4/2022 2:03,,en,1,0,0,[],[],0,0,,,,,,,,,,,None
3923,bless heart,5/2/2022 4:46,,en,1,0,0,[],[],0,0,,,,,,,,,,,None
3924,black white day,5/2/2022 2:26,,en,0,0,0,[],[],0,1,,,,,,,,,,,None
3925,sending much love yes cruel unfair damn hard feelings forever yes pass keep reaching hugs coming way xx,5/2/2022 2:23,,en,0,0,0,[],[],0,1,,,,,,,,,,,None
3926,sending big hug lovely tradition,5/2/2022 2:22,,en,0,0,0,[],[],0,1,,,,,,,,,,,None
3927,ohh derby,5/1/2022 23:04,,en,0,0,0,[],[],0,1,,,,,,,,,,,None
3928,rooney ahh city club,5/1/2022 22:20,,en,0,0,0,[],[],0,0,,,,,,,,,,,None
3929,afternoon youre little closer normal,5/1/2022 22:04,,en,0,0,0,[],[],0,0,,,,,,,,,,,None
3930,ahh graham thinking hoping youre ok,5/1/2022 14:52,,en,0,0,0,[],[],0,0,,,,,,,,,,,None
3931,awful attitude towards mental health hope youre well xx,4/30/2022 23:23,,en,0,0,0,[],[],0,0,,,,,,,,,,,None
3932,love chicago shake run day must brilliant,4/30/2022 23:11,,en,0,1,2,[],[],0,1,,,,,,,,,,,None
3933,sending hug days great take day comes tweet big step forward,4/30/2022 16:13,,en,0,0,0,[],[],0,0,,,,,,,,,,,None
3934,wow gordy amazing huge well done xx,4/30/2022 15:49,,en,0,0,0,[],[],0,0,,,,,,,,,,,None
3935,thank rob see next week,4/30/2022 13:57,,en,1,0,0,[],[],0,0,,,,,,,,,,,None
3936,better medal,4/30/2022 12:13,,en,0,0,0,[],[],0,0,,,,,,,,,,,None
3937,marathon saturday night laps miles every half hour need back mins cut cant start next lap stunning undulating woodland route first lady solo runners,4/30/2022 2:49,,en,1,0,0,[],[],0,0,,,,,,,,,,,None
3938,stuff ive seen obvious disgusting childish pathetic,4/30/2022 2:42,,en,0,0,0,[],[],0,1,,,,,,,,,,,None
3939,great way spend saturday night,6/4/2022 12:50,,en,1,0,1,[],[],0,0,,,,,,,,,,,None
3940,cry great,6/4/2022 12:48,,en,1,0,1,[],[],0,0,,,,,,,,,,,None
3941,brilliant pam huge well done lady,6/4/2022 12:46,,en,1,0,1,[],[],0,0,,,,,,,,,,,None
3942,could agree,6/4/2022 12:41,,en,0,0,1,[],[],0,0,,,,,,,,,,,None
3943,thank much unique event much fun xx,6/3/2022 3:28,,en,0,0,0,[],[],0,1,,,,,,,,,,,None
3944,bloody amazing one incredibly fit man congratulations,5/25/2022 3:14,,en,0,0,0,[],[],0,0,,,,,,,,,,,None
3945,thank much yes derbyshire highly recommend route great area beautiful friendly buzzing atmosphere see next year xx,5/23/2022 12:06,,en,0,0,0,[],[],0,0,,,,,,,,,,,None
3946,seen,5/23/2022 12:05,,en,0,0,1,[],[],0,0,,,,,,,,,,,None
3947,pink coconut worked pennine hotel next door growing used sneak coconut,4/24/2022 12:23,,en,1,0,4,[],[],0,0,,,,,,,,,,,None
3948,check spine volunteer ultrarunning sam insta updates lots videos updating spine theyre awesome,4/18/2022 22:57,,en,0,0,1,[],[],0,0,,,,,,,,,,,None
3949,ffs,3/24/2022 4:50,,en,0,0,1,[],[],0,0,,,,,,,,,,,None
3950,comments rooney dcfc fans youre bloody awesome,3/24/2022 4:43,,en,0,0,1,[],[],0,0,,,,,,,,,,,None
3951,little angel wasnt whitto,2/20/2022 3:07,,en,0,0,1,[],[],0,0,,,,,,,,,,,None
3952,aww thank yiannis x,2/10/2022 13:41,,en,0,0,1,[],[],0,0,,,,,,,,,,,None
3953,lovely days capital memories mischief made ran marathon feel wasnt planned proud crossed line great running special events whens next,1/30/2022 4:26,,en,0,0,1,[],[],0,0,,,,,,,,,,,None
3954,comments truly awful wish could unread,1/23/2022 10:08,,en,1,0,11,[],[],0,0,,,,,,,,,,,None
3955,turned within last year hes older perving olds plus girls posted videos hamazah followed account knows never messaged hookup anything like ppl always trying cancel unproblematic creators,1/20/2022 17:01,,en,0,0,0,[],[],0,0,,,,,,,,,,,None
3956,actually teacher wenatchee high school funded tents pocket tax payer money used also parents students signed waivers thought great idea band keep playing soo,1/14/2022 9:35,,en,0,0,0,[],[],0,0,,,,,,,,,,,None
3957,didnt know nsfw twt,12/15/2021 10:49,,en,0,0,0,[],[],0,1,,,,,,,,,,,None
3958,cinnamon rolls big thing edtwt swear irrelevant,12/15/2021 6:05,,en,0,0,0,[],[],0,0,,,,,,,,,,,Mild
3959,pasta french fries ravioli broccoli cheddar soup sushi,12/15/2021 6:04,,en,1,0,0,[],[],0,1,,,,,,,,,,,None
3960,like hell trying live life bunch anorexic year olds little shits,12/13/2021 3:34,,en,1,0,0,[],[],0,1,,,,,,,,,,,None
3961,anyone else self harm feel good im done feel like shit wonder,12/11/2021 14:43,,en,1,0,0,[],[],0,1,,,,,,,,,,,None
3962,hope help sleeping routine also struggle sleeping schedule already please tell really helped sleep thank u,12/10/2021 16:51,,en,1,0,0,[],[],0,1,,,,,,,,,,,None
3963,turn lights early also includes phone maybe hour minutes go bed drink tea help relax listen lofi music sound help u fall asleep listen sound beach waves avoid eating sweets spicy foods sleeping,12/10/2021 7:13,,en,0,0,0,[],[],0,1,,,,,,,,,,,None
3964,welcomee gt sleep well breathing exercises also help,12/10/2021 6:00,,en,0,0,3,[],[],0,0,,,,,,,,,,,None
3965,flower tunnel tf,12/9/2021 17:16,,en,1,0,0,[],[],0,1,,,,,,,,,,,None
3966,red velvet cake mochi ice cream r really good,12/8/2021 13:48,,en,1,0,0,[],[],0,1,,,,,,,,,,,None
3967,decide edtwt crushes think cute,12/6/2021 16:53,,en,0,0,0,[],[],0,0,,,,,,,,,,,Mild
3968,stop invalidating fat girls anorexia boys anorexia poc anorexia please,12/6/2021 12:44,,en,1,0,0,[],[],0,1,,,,,,,,,,,None
3969,yall know exercising fasting form purging right like bulimia isnt throwing,12/6/2021 6:25,,en,1,0,0,[],[],0,1,,,,,,,,,,,None
3970,always end deleting tweets,12/4/2021 14:29,,en,1,0,0,[],[],0,1,,,,,,,,,,,None
3971,think weighing scale would great,12/3/2021 9:17,,en,1,0,0,[],[],0,1,,,,,,,,,,,None
3972,safe foods rice soysauce soymilk okay uwu,12/3/2021 5:00,,en,1,0,0,[],[],0,1,,,,,,,,,,,None
3973,sorry make sure happen,12/3/2021 5:00,,en,1,0,0,[],[],0,0,,,,,,,,,,,None
3974,oh probably dead next month,11/28/2021 11:47,,en,0,0,0,[],[],0,0,,,,,,,,,,,None
3975,sun rising virgo moon,11/12/2021 9:44,,en,0,0,0,[],[],0,0,,,,,,,,,,,None
3976,really helpful tysm,11/9/2021 10:09,,en,0,0,1,[],[],0,0,,,,,,,,,,,None
3977,huge congratulations,11/3/2021 16:37,,en,0,0,0,[],[],0,0,,,,,,,,,,,None
3978,congrats wait read,10/14/2021 14:39,,en,0,0,1,[],[],0,0,,,,,,,,,,,None
3979,thanks much really needed hear see today,10/14/2021 14:39,,en,1,0,0,[],[],0,0,,,,,,,,,,,None
3980,huge congratulations leigh amazing lucky,10/14/2021 14:39,,en,1,0,0,[],[],0,0,,,,,,,,,,,None
3981,congratulations,10/14/2021 14:39,,en,1,0,0,[],[],0,0,,,,,,,,,,,None
3982,congratulations,10/14/2021 14:39,,en,1,0,0,[],[],0,0,,,,,,,,,,,None
3983,dont bed frame two mattresses stacked onto floor,10/14/2021 14:39,,en,1,0,0,[],[],0,0,,,,,,,,,,,None
3984,bruh screen shotted pic instagram want recreate lol,6/10/2022 2:41,,en,0,0,2,[],[],0,0,,,,,,,,,,,None
3985,lmfao finished reading someone give person grammy,6/9/2022 11:02,,en,1,0,1,[],[],0,0,,,,,,,,,,,None
3986,icecreamm iced coffee drinks,6/9/2022 3:11,,en,0,0,1,[],[],0,0,,,,,,,,,,,None
3987,youre strong love protesting acab justice peace,6/9/2022 3:10,,en,1,0,1,[],[],0,0,,,,,,,,,,,None
3988,mean yeah sure okay posting kind body ya want ofc edtwt posting girls body shaming like feel like typing examples fine pic girl,6/8/2022 10:32,,en,0,0,1,[],[],0,0,,,,,,,,,,,Mild
3989,eating disorders might know educational thread,6/8/2022 10:28,,en,0,0,1,[],[],0,0,,,,,,,,,,,None
3990,im fucking happy bitch,6/8/2022 10:07,,en,0,0,0,[],[],0,0,,,,,,,,,,,None
3991,woahh ive convo many people though,6/7/2022 23:29,,en,0,0,0,[],[],0,0,,,,,,,,,,,None
3992,name kagome,6/6/2022 0:48,,en,0,0,7,[],[],0,1,,,,,,,,,,,None
3993,house five cats used sixth need pic one kitty last one angel,6/5/2022 10:46,,en,1,0,1,[],[],0,0,,,,,,,,,,,None
3994,honestly love reading weed talk lmfao,6/5/2022 4:13,,en,1,0,4,[],[],0,0,,,,,,,,,,,None
3995,necks lmfao idk ya got nice smooth neck wanna kiss leave hickeys,6/5/2022 4:13,,en,1,0,3,[],[],0,1,,,,,,,,,,,None
3996,even count ed eat whatever dont think calories body unless gender dysphoria,6/4/2022 9:52,,en,0,0,1,[],[],0,0,,,,,,,,,,,None
3997,ex twt high yall smoked weird looking pinchie first joint ripped bong first time imma get drunk,6/3/2022 22:56,,en,0,0,1,[],[],0,0,,,,,,,,,,,None
3998,bruhh send ranch,6/3/2022 22:52,,en,0,0,1,[],[],0,0,,,,,,,,,,,None
3999,vampires,6/3/2022 22:39,,en,2,0,6,[],[],0,0,,,,,,,,,,,None
4000,boobs lmfao im bigender time hate wear binder large hoodies,6/3/2022 22:39,,en,1,0,4,[],[],0,0,,,,,,,,,,,None
4001,yes,6/3/2022 12:15,,en,0,0,1,[],[],0,0,,,,,,,,,,,None
4002,trever kurt brent bo tony,6/2/2022 23:55,,en,0,0,0,[],[],0,0,,,,,,,,,,,None
4003,yess good vibes good luck love u support,6/2/2022 13:26,,en,0,1,8,[],[],0,1,,,,,,,,,,,None
4004,friends im loud carefree funny crazy die laughter smallest things strangers prolly look really emo quiet scary,6/7/2022 1:57,,en,1,0,7,[],[],0,1,,,,,,,,,,,None
4005,pictured name christine,6/7/2022 1:53,,en,0,0,0,[],[],0,0,,,,,,,,,,,None
4006,omg thats terrible tf,6/6/2022 7:40,,en,0,0,1,[],[],0,0,,,,,,,,,,,None
4007,yes blue better color,6/6/2022 2:24,,en,0,0,1,[],[],0,0,,,,,,,,,,,None
4008,yes mamm diabolik lovers junjo romantica assassination classroom attack titan fairy tale soul eater kamisama hejimemashita devils line inuyasha ouran highschool host club doukyuusei blue exorcist black butler k whisker away silent voice fruits basket,6/6/2022 0:56,,en,0,0,1,[],[],0,0,,,,,,,,,,,None
4009,real name nickname,6/6/2022 0:55,,en,0,0,1,[],[],0,0,,,,,,,,,,,None
4010,im bringing monsters weed,6/4/2022 1:36,,en,0,0,1,[],[],0,0,,,,,,,,,,,None
4011,hmm im tryna rememberr maybe like around time lmfao,6/4/2022 0:29,,en,0,0,0,[],[],0,0,,,,,,,,,,,None
4012,hell yeah puberty ruined everything honestly,6/4/2022 0:28,,en,0,0,1,[],[],0,0,,,,,,,,,,,None
4013,bruh literally okay body shape n size days acne ohmigawd,6/4/2022 0:20,,en,0,0,3,[],[],0,0,,,,,,,,,,,None
4014,fucking plunged knife wrist today trying make bologna sandwich panic attack wrist okay bad less inch away fucking veins oh god jesus fuck close fucking call ive crying day ahh,6/3/2022 21:12,,en,0,0,1,[],[],0,0,,,,,,,,,,,None
4015,im sorry doesnt seem ready relationship someone amazing u u think breaking bc dont think treats like deserve treated,6/2/2022 13:27,,en,0,0,0,[],[],0,0,,,,,,,,,,,None
4016,imo u higher chance finding someone else treats better changing treating u deserve,6/2/2022 9:54,,en,0,0,1,[],[],0,0,,,,,,,,,,,None
4017,wow cool best luck seems interesting,6/1/2022 11:23,,en,0,0,2,[],[],0,0,,,,,,,,,,,None
4018,try get outta dont seem good,6/1/2022 11:21,,en,0,0,0,[],[],0,0,,,,,,,,,,,None
4019,earth would ever take advice white girl puts box braids lil iphone person emoji,6/1/2022 11:20,,en,0,0,0,[],[],0,0,,,,,,,,,,,None
4020,wow irls came neither bothered say word guess imy fake im gonna ghost bc always,5/31/2022 10:31,,en,0,0,0,[],[],0,0,,,,,,,,,,,None
4021,como esto,5/31/2022 7:19,,en,0,0,1,[],[],0,0,,,,,,,,,,,None
4022,keoeodkalxknelsodjeodndososkdkdlsoakdjslaeooesaikeidnoo,5/31/2022 7:18,,en,0,0,0,[],[],0,0,,,,,,,,,,,None
4023,sobre mi cadaver como piensas q dejare q un hombre meta su cosa en mi cuerpo para dejarme con eso q asco,5/31/2022 7:11,,en,0,0,1,[],[],0,0,,,,,,,,,,,None
4024,show v popular china maybe,5/31/2022 5:01,,en,0,0,0,[],[],0,0,,,,,,,,,,,None
4025,wait ur right thank u much delicious,5/31/2022 5:00,,en,1,0,1,[],[],0,0,,,,,,,,,,,None
4026,omg prettiest girl evr n ya totally noticeable dnt worry,5/31/2022 5:00,,en,0,0,0,[],[],0,0,,,,,,,,,,,None
4027,bae edtwt fruit vegetable calories count soft edtwt,5/28/2022 4:13,,en,0,0,6,[],[],0,0,,,,,,,,,,,Mild
4028,celebrities eating disorders thread,5/25/2022 2:52,,en,0,1,3,[],[],0,1,,,,,,,,,,,None
4029,feel like theres ppl edtwt theres like,5/25/2022 2:44,,en,0,1,2,[],[],0,0,,,,,,,,,,,Mild
4030,cadence,5/25/2022 2:43,,en,0,0,1,[],[],0,0,,,,,,,,,,,None
4031,story times maybe fire ash,5/25/2022 2:42,,en,1,0,8,[],[],0,0,,,,,,,,,,,None
4032,get pretty,5/24/2022 7:40,,en,0,0,1,[],[],0,0,,,,,,,,,,,None
4033,mmepaniki kama kapewa kazi tra,5/24/2022 5:53,,en,0,0,1,[],[],0,0,,,,,,,,,,,None
4034,thw pants give grunge vibe paired ir w nice sweather would actually look cute,5/24/2022 5:53,,en,0,0,0,[],[],0,0,,,,,,,,,,,None
4035,makes u feel better im currently hw,5/23/2022 20:02,,en,0,0,0,[],[],0,0,,,,,,,,,,,None
4036,one diet hariya yt chicken breast true beauty,5/23/2022 11:51,,en,0,0,2,[],[],0,0,,,,,,,,,,,None
4037,anyone remember went cyra,5/23/2022 1:59,,en,0,0,1,[],[],0,0,,,,,,,,,,,None
4038,one u guys want,5/22/2022 11:01,,en,0,0,2,[],[],0,0,,,,,,,,,,,None
4039,twt mess uo thread bad im gonna cry nwoni gotta redo,5/22/2022 3:04,,en,0,0,2,[],[],0,0,,,,,,,,,,,None
4040,wth put ghe conditioners box dye like good makes hair soft shiny,5/21/2022 3:05,,en,1,0,2,[],[],0,0,,,,,,,,,,,None
4041,noo im uve counted right,5/21/2022 2:58,,en,0,0,1,[],[],0,0,,,,,,,,,,,None
4042,noo okay u werent dramatic probably wouldve reacted,5/21/2022 2:14,,en,0,0,0,[],[],0,1,,,,,,,,,,,None
4043,wtf thats weird thing say general leave alone thw fact ure stupid read nutritional labels u also seemed happy,5/20/2022 9:16,,en,0,0,1,[],[],0,0,,,,,,,,,,,None
4044,whole watermelon weights kg,6/8/2022 1:32,,en,0,0,0,[],[],0,0,,,,,,,,,,,None
4045,used mutuals old acc,6/3/2022 4:50,,en,0,0,0,[],[],0,0,,,,,,,,,,,None
4046,die maxhen mich irgendwie happy,9/15/2019 6:25,,en,0,0,1,[],[],0,0,,,,,,,,,,,None
4047,rt grown male made uncomfortable u still minor,9/15/2019 6:24,,en,0,0,0,[],[],0,0,,,,,,,,,,,None
4048,yes different types eating disorders okay u opinion,3/26/2019 19:01,,en,0,0,0,[],[],0,0,,,,,,,,,,,None
4049,chile idc weight cant take serious name anorexia account,9/21/2018 17:57,,en,0,0,0,[],[],0,0,,,,,,,,,,,None
4050,chile acting like gay,9/21/2018 17:46,,en,0,0,0,[],[],0,0,,,,,,,,,,,None
4051,wait like fr edtwt heather,9/21/2018 17:41,,en,1,0,0,[],[],0,0,,,,,,,,,,,Mild
4052,idk ppl concept perfect anorexic im like menthol ewness,9/21/2018 17:39,,en,1,0,0,[],[],0,0,,,,,,,,,,,None
4053,okay friends talking pleasee please please retweet youre follow others follow lets friends,9/21/2018 17:35,,en,0,0,0,[],[],0,0,,,,,,,,,,,None
4054,wait best gift birthday october,9/21/2018 17:34,,en,1,0,0,[],[],0,0,,,,,,,,,,,None
4055,dear please send invite show featuring would love watch amazing models,9/21/2018 17:33,,en,0,0,1,[],[],0,0,,,,,,,,,,,None
4056,ahh entendi parece ser legal mas eu sei q pularia os finds pq zero condies de fazer exerccio com gente em casa haha se quiser posso te acompanhar durante os dias de seg sex,9/21/2018 17:27,,en,0,0,0,[],[],0,0,,,,,,,,,,,None
4057,ainda em hiatos e voltei rapidinho pra comentar prola de hj ce vai fazer r ducao al ntar ano q vem oh vei kk claro fdp vou sim r duc ao chama ficar sem comer,9/21/2018 17:26,,en,1,0,0,[],[],0,0,,,,,,,,,,,None
4058,ask things walk,1/6/2018 21:58,,en,0,0,7,[],[],0,0,,,,,,,,,,,None
4059,u confirm,1/6/2018 21:09,,en,0,0,1,[],[],0,0,,,,,,,,,,,None
4060,sort want kind research essay non academic correlation body dysmorphia eating disorders gender dysphoria,1/6/2018 21:01,,en,0,0,2,[],[],0,0,,,,,,,,,,,None
4061,daily happy birthday,12/10/2017 22:06,,en,0,0,2,[],[],0,0,,,,,,,,,,,None
4062,height,12/10/2017 22:03,,en,0,0,1,[],[],0,0,,,,,,,,,,,None
4063,witches edtwt want see money bowl,12/10/2017 22:03,,en,0,0,1,[],[],0,0,,,,,,,,,,,Mild
4064,fr joined edtwt around time someone made post calling sus blocked confused someone msged gave low like omg wtf k e still feel invalid shit,10/28/2017 10:17,,en,1,0,4,[],[],0,0,,,,,,,,,,,Mild
4065,long youve high res youll feel like shit faster low doesnt mean high res wont catch eventually sustainable absolutely dangerous could definitely still,10/28/2017 10:16,,en,0,0,0,[],[],0,0,,,,,,,,,,,None
4066,minnesota starvation experiment great source see restriction esp dont need lose weight affect physically mentally men put calories day,10/28/2017 10:16,,en,0,0,0,[],[],0,0,,,,,,,,,,,None
4067,well starters malnutrition still happen still become deficient vitamins deal anemia weakness dizziness fatigue lower bmis body still eat muscle youre deficient losing really depends bmi,10/14/2017 8:09,,en,0,0,3,[],[],0,1,,,,,,,,,,,None
4068,yes thats smart harm reduction best stay safe,10/14/2017 1:59,,en,1,1,0,[],[],0,0,,,,,,,,,,,None
4069,didnt lost lot weight yt talks ed lot think girl struggling sure still,10/14/2017 1:58,,en,0,0,0,[],[],0,0,,,,,,,,,,,None
4070,yeah tw instagram,10/13/2017 20:49,,en,0,0,4,[],[],0,0,,,,,,,,,,,None
4071,lmfao,10/13/2017 20:01,,en,0,1,6,[],[],0,1,,,,,,,,,,,None
4072,want bad theyre fucking adorable,10/13/2017 19:57,,en,0,2,2,[],[],0,1,,,,,,,,,,,None
4073,ahh ahh need,10/13/2017 19:47,,en,0,0,1,[],[],0,1,,,,,,,,,,,None
4074,shouldnt upset asf guess im masochist lol,10/13/2017 19:40,,en,0,2,2,[],[],0,1,,,,,,,,,,,None
4075,makes much sense ty,10/13/2017 8:44,,en,0,0,6,[],[],0,0,,,,,,,,,,,None
4076,youre life savior thank tips,10/13/2017 8:39,,en,0,0,0,[],[],0,0,,,,,,,,,,,None
4077,moot know also super helpful kindest obviously pressure,10/13/2017 8:37,,en,0,11,21,[],[],0,0,,,,,,,,,,,None
4078,denied first time around recently appealed extremely hard youre states definitely impossible mental health usually wont get hearing hate country,10/13/2017 8:31,,en,0,2,4,[],[],0,0,,,,,,,,,,,None
4079,also name literally,10/13/2017 8:30,,en,0,0,1,[],[],0,0,,,,,,,,,,,None
4080,tysm youre sweet hope migraine gets better,10/13/2017 8:29,,en,0,9,9,[],[],0,0,,,,,,,,,,,None
4081,noticing pattern everyone talks much,10/13/2017 8:24,,en,0,1,0,[],[],0,0,,,,,,,,,,,None
4082,love austin im close cities including dallas im def visit away,10/13/2017 8:23,,en,0,0,0,[],[],0,0,,,,,,,,,,,None
4083,im ok think normal tachycardia dumb,10/13/2017 7:52,,en,0,0,0,[],[],0,0,,,,,,,,,,,None
4084,still hot get colder,10/13/2017 7:51,,en,2,0,0,[],[],0,0,,,,,,,,,,,None
4085,miss cold weather bad always hot,10/12/2017 8:31,,en,0,1,3,[],[],0,1,,,,,,,,,,,None
4086,media ed communities like show extremely small percentage people emaciated underweight hospital bed reality see,6/9/2022 8:55,,en,0,0,2,[],[],0,0,,,,,,,,,,,None
4087,love u please safe,6/9/2022 1:08,,en,0,0,10,[],[],0,0,,,,,,,,,,,None
4088,haha yeah worries also people also grossed feet well didnt wanna either,6/3/2022 8:35,,en,0,0,0,[],[],0,0,,,,,,,,,,,None
4089,treating sexy lingerie taking pics man,6/3/2022 8:34,,en,0,0,1,[],[],0,0,,,,,,,,,,,None
4090,dont many friends would love,6/2/2022 6:34,,en,2,0,1,[],[],0,0,,,,,,,,,,,None
4091,know shes amazing tbh,5/28/2022 5:31,,en,0,0,1,[],[],0,0,,,,,,,,,,,None
4092,think watch lovely movie wine chocolate covered strawberries bath bath bombs candles,5/24/2022 11:25,,en,1,0,1,[],[],0,0,,,,,,,,,,,None
4093,looks good omg need make get somewhere im hungry lol,5/24/2022 11:22,,en,2,0,0,[],[],0,0,,,,,,,,,,,None
4094,drastic really depends persons body health like everyone ed wish everyone safe,5/23/2022 12:02,,en,1,0,1,[],[],0,0,,,,,,,,,,,None
4095,oh recognized actress im lame never leave house,5/15/2022 13:17,,en,0,0,0,[],[],0,0,,,,,,,,,,,None
4096,omg huge difference long take,5/13/2022 8:19,,en,0,0,0,[],[],0,0,,,,,,,,,,,None
4097,omg thank u smm,5/12/2022 8:00,,en,0,0,0,[],[],0,0,,,,,,,,,,,None
4098,people foot fetishes like ehh also toes ugly right unpainted lol,5/12/2022 0:43,,en,0,0,2,[],[],0,0,,,,,,,,,,,None
4099,thats short hope youre safe okay please take care,5/9/2022 5:57,,en,0,0,3,[],[],0,0,,,,,,,,,,,None
4100,trust tasted great got end day wanted gone,5/3/2022 23:36,,en,0,0,2,[],[],0,0,,,,,,,,,,,None
4101,looks really good,4/28/2022 13:27,,en,0,0,3,[],[],0,0,,,,,,,,,,,None
4102,made photo looks like came star restaurant im coming house dinner,4/27/2022 7:20,,en,0,0,1,[],[],0,0,,,,,,,,,,,None
4103,yo fun,4/26/2022 5:31,,en,0,0,6,[],[],0,0,,,,,,,,,,,None
4104,proud even though dont know post scared congrats,4/18/2022 21:24,,en,0,0,0,[],[],0,0,,,,,,,,,,,None
4105,saving money dont anything ugh cant wait till buy vape,4/18/2022 10:22,,en,1,0,2,[],[],0,0,,,,,,,,,,,None
4106,also makes easier go longer,4/18/2022 0:58,,en,0,0,1,[],[],0,0,,,,,,,,,,,None
4107,ew hate men,4/16/2022 2:04,,en,0,0,1,[],[],0,0,,,,,,,,,,,None
4108,im sure youre organic market called wegmans sushi bar make fresh package x,4/16/2022 1:49,,en,1,0,1,[],[],0,0,,,,,,,,,,,None
4109,nope correct called wegmans,4/16/2022 1:00,,en,1,2,6,[],[],0,0,,,,,,,,,,,None
4110,oh list calories,4/14/2022 4:34,,en,0,0,0,[],[],0,0,,,,,,,,,,,None
4111,oh haha sorry confusion yeah picked lot ed twt moots uk years yeah im us sadly,4/14/2022 3:56,,en,0,0,1,[],[],0,0,,,,,,,,,,,None
4112,said legs look like sausage projecting jealously tbh,4/14/2022 3:43,,en,1,0,1,[],[],0,0,,,,,,,,,,,None
4113,yall cant get right type help everything fucking virtual,4/12/2022 23:53,,en,0,0,0,[],[],0,0,,,,,,,,,,,None
4114,sent hospital urgent care ekg came back abnormal diagnosed atrial flutter idk yeah,4/12/2022 5:24,,en,0,0,1,[],[],0,0,,,,,,,,,,,None
4115,get hit truck terminal illness im sick suicidal also coward,4/12/2022 5:23,,en,1,0,2,[],[],0,0,,,,,,,,,,,None
4116,cant stop thinking im options theres hope,4/8/2022 13:14,,en,0,0,5,[],[],0,0,,,,,,,,,,,None
4117,crying throwing fear paranoia,4/6/2022 21:57,,en,0,0,0,[],[],0,0,,,,,,,,,,,None
4118,debating attempting suicide im feeling low tonight alone,4/6/2022 6:18,,en,0,0,1,[],[],0,0,,,,,,,,,,,None
4119,know much expensive swaps literally let children enjoy candy holiday,4/6/2022 6:14,,en,5,0,1,[],[],0,0,,,,,,,,,,,None
4120,dont feel like washing face like put much effort everyday multiple times day still end ugly,4/5/2022 3:21,,en,0,0,1,[],[],0,0,,,,,,,,,,,None
4121,miss dog spotify ad holy fuck drills head,3/29/2022 14:05,,en,0,0,1,[],[],0,0,,,,,,,,,,,None
4122,dreams overdosing dying lo lol lol lool,3/29/2022 6:41,,en,1,1,0,[],[],0,0,,,,,,,,,,,None
4123,tag million different things ed thread supposed find thread im specifically looking,3/28/2022 14:50,,en,0,0,3,[],[],0,0,,,,,,,,,,,None
4124,impulsive mask rash decisions self destruct reason,3/26/2022 9:54,,en,0,0,0,[],[],0,0,,,,,,,,,,,None
4125,cant open anyone whats going,3/26/2022 9:10,,en,0,0,3,[],[],0,0,,,,,,,,,,,None
4126,people make hallway pitch fucking black literally walked wall head first,3/24/2022 15:04,,en,0,0,0,[],[],0,0,,,,,,,,,,,None
4127,feel like biden president longer year,3/20/2022 13:36,,en,0,0,0,[],[],0,0,,,,,,,,,,,None
4128,whole state shut theres expected dusting snow lolol,3/20/2022 12:13,,en,2,0,0,[],[],0,0,,,,,,,,,,,None
4129,doesnt anyone tell anything like jesus,3/20/2022 8:50,,en,0,0,0,[],[],0,0,,,,,,,,,,,None
4130,happy day wanna die night,3/20/2022 8:43,,en,0,0,1,[],[],0,0,,,,,,,,,,,None
4131,worst part day deciding fuck im gonna omad,3/16/2022 11:57,,en,0,0,0,[],[],0,0,,,,,,,,,,,None
4132,yesterday theres way actually gained,3/16/2022 3:35,,en,0,0,0,[],[],0,0,,,,,,,,,,,None
4133,yo sad inpatient fucks much supposed help actually leaves afraid life,3/15/2022 1:18,,en,1,0,0,[],[],0,0,,,,,,,,,,,None
4134,ever feel left family like one tells anything keeps loop youre outsider,3/14/2022 23:08,,en,1,0,0,[],[],0,0,,,,,,,,,,,None
4135,guys get happy tweets blows social anxiety screaming rn lool,3/14/2022 12:45,,en,1,0,3,[],[],0,0,,,,,,,,,,,None
4136,put coma wake year,3/12/2022 5:29,,en,1,0,0,[],[],0,0,,,,,,,,,,,None
4137,waiting part unbearable tbh im impatient,3/12/2022 4:41,,en,1,0,0,[],[],0,0,,,,,,,,,,,None
4138,ah really need family reunion accounts gone good thing def different place mention huge community unfortunately,3/11/2022 8:28,,en,1,0,1,[],[],0,0,,,,,,,,,,,None
4139,think theyll stay dead tbh realized said ed challenges mentioned oops,3/10/2022 0:10,,en,1,0,0,[],[],0,0,,,,,,,,,,,None
4140,im still pregnant least im still mentally ill lmfao,3/8/2022 23:30,,en,0,0,0,[],[],0,0,,,,,,,,,,,None
4141,accounts solid colors profile picture usually poetic sad lol,3/6/2022 16:00,,en,0,0,2,[],[],0,0,,,,,,,,,,,None
4142,mean void good thing live inside void,3/6/2022 12:24,,en,0,0,1,[],[],0,0,,,,,,,,,,,None
4143,yeah pretty much havent changed either grown lot kinda thing vent vaguely kinda wish wasnt still years idk,3/6/2022 11:08,,en,0,0,2,[],[],0,0,,,,,,,,,,,None
4144,heard many people say best time life happiest also heard felt looked best,3/5/2022 15:45,,en,0,0,1,[],[],0,0,,,,,,,,,,,None
4145,one day wont hurt next day breakouts,3/5/2022 11:16,,en,1,0,3,[],[],0,0,,,,,,,,,,,None
4146,show us legs,3/4/2022 14:57,,en,0,0,1,[],[],0,0,,,,,,,,,,,None
4147,always wonder felice,3/4/2022 14:02,,en,1,0,5,[],[],0,0,,,,,,,,,,,None
4148,life lol,3/3/2022 15:09,,en,2,0,0,[],[],0,0,,,,,,,,,,,None
4149,welcome back hope youre well,3/2/2022 13:26,,en,0,0,0,[],[],0,0,,,,,,,,,,,None
4150,add tomorrow feel free rt people,3/1/2022 10:17,,en,0,0,0,[],[],0,0,,,,,,,,,,,None
4151,mine smelled like protein shakes,3/1/2022 9:11,,en,0,0,1,[],[],0,0,,,,,,,,,,,None
4152,hope lt,2/27/2022 16:48,,en,0,0,1,[],[],0,0,,,,,,,,,,,None
4153,im really glad youre getting help narcissism treatable lot work learn doesnt actually benefit long process im proud,2/25/2022 12:30,,en,0,0,0,[],[],0,0,,,,,,,,,,,None
4154,theres anything lmk hope feel better able talk someone,2/25/2022 11:19,,en,0,0,0,[],[],0,0,,,,,,,,,,,None
4155,heelp im stuck phone break,2/24/2022 9:35,,en,0,0,0,[],[],0,0,,,,,,,,,,,None
4156,need coffee usually cream milk coffee black coffee tastes like dirty water usually venti vanilla latte starbucks maybe coffee later evening x,2/23/2022 10:54,,en,1,0,5,[],[],0,0,,,,,,,,,,,None
4157,im poor right sadly maybe one day lt,2/20/2022 15:07,,en,0,0,8,[],[],0,1,,,,,,,,,,,None
4158,hard avoid make good choices lol,2/20/2022 2:21,,en,0,0,0,[],[],0,0,,,,,,,,,,,None
4159,tysm amazing,2/19/2022 13:41,,en,0,0,1,[],[],0,0,,,,,,,,,,,None
4160,idk im paranoid unfollowed lot people impulsive moment wanting start lot people ended losing lot moots couldnt even remember btw hi,2/19/2022 12:29,,en,2,0,0,[],[],0,0,,,,,,,,,,,None
4161,ickyy man alooneed,2/19/2022 10:27,,en,0,0,0,[],[],0,0,,,,,,,,,,,None
4162,going hospital waste time dont feel like going lmfao,2/19/2022 4:10,,en,1,2,2,[],[],0,0,,,,,,,,,,,None
4163,yeah im giving hours right im seen im gonna go home bc cant forever plus sick people w covid ugh,2/17/2022 10:33,,en,0,0,1,[],[],0,0,,,,,,,,,,,None
4164,yeah lmfaoo ill pass mean would feel like group chats would mature less dramatic guess im wrong,2/17/2022 8:47,,en,0,0,1,[],[],0,0,,,,,,,,,,,None
4165,lmfao mean say dangerous low gradually,2/14/2022 10:51,,en,0,0,0,[],[],0,0,,,,,,,,,,,None
4166,omg like everyone raids grocery stores schools shut even starts,4/15/2022 8:16,,en,0,0,0,[],[],0,0,,,,,,,,,,,None
4167,omg im dreams come true,10/8/2021 11:23,,en,0,0,0,[],[],0,0,,,,,,,,,,,None
4168,like leggings tight tight like little baggy still see outline legs,10/6/2021 7:36,,en,0,0,0,[],[],0,0,,,,,,,,,,,None
4169,scream miss rapidly losing sm honeymoon phase lt,9/18/2021 8:38,,en,0,1,0,[],[],0,0,,,,,,,,,,,None
4170,ugh kno killer,9/16/2021 8:38,,en,0,1,1,[],[],0,0,,,,,,,,,,,None
4171,ew thats gross behavior started one admin thats gonna slide,7/11/2021 14:51,,en,0,0,0,[],[],0,0,,,,,,,,,,,None
4172,one one fitness watches kindaj,3/29/2021 12:12,,en,0,0,0,[],[],0,0,,,,,,,,,,,None
4173,im happy inspiring,1/7/2021 7:55,,en,0,0,0,[],[],0,0,,,,,,,,,,,None
4174,bmi lol,12/24/2020 3:25,,en,0,0,0,[],[],0,0,,,,,,,,,,,None
4175,get anything looks wrong weird texture huge nope,12/24/2020 3:21,,en,0,0,1,[],[],0,0,,,,,,,,,,,None
4176,brand yeah supposed look like maybe try mixing make whipped,12/24/2020 3:18,,en,2,0,0,[],[],0,0,,,,,,,,,,,None
4177,think tammy lb sister around bmi think,12/24/2020 3:14,,en,1,0,0,[],[],0,0,,,,,,,,,,,None
4178,answer everyone mind fucking business stay things dont understand tbh like leave weight eating disorders separate one literal mental illness people annoying,12/22/2020 15:08,,en,0,0,0,[],[],0,0,,,,,,,,,,,None
4179,type people weekly occurrences ignore move rate yawn tbh,12/22/2020 15:06,,en,1,0,0,[],[],0,0,,,,,,,,,,,None
4180,cigs also way cheaper mind boggling like gov rather smoke rate yeah go max day,12/22/2020 15:03,,en,1,0,0,[],[],0,0,,,,,,,,,,,None
4181,itt people regulars coffee places always coming around doubt theyll think anything,12/22/2020 15:01,,en,1,0,0,[],[],0,0,,,,,,,,,,,None
4182,god would go back cigs didnt smell fucking bad linger clothes miss morning coffee cigs much,12/22/2020 14:56,,en,0,0,0,[],[],0,0,,,,,,,,,,,None
4183,proud yes always go giant ass nap eating x,12/22/2020 14:56,,en,1,0,0,[],[],0,0,,,,,,,,,,,None
4184,yeah used levothyroxine went stopped showing labs working going back x,12/22/2020 14:51,,en,1,0,0,[],[],0,0,,,,,,,,,,,None
4185,im hanging trying best okay struggling point norm thank sm checking,12/22/2020 14:47,,en,1,0,0,[],[],0,0,,,,,,,,,,,None
4186,cant fucking shut head ever please someone put,12/22/2020 14:43,,en,0,0,0,[],[],0,0,,,,,,,,,,,None
4187,family dying falling super ill short period time like feels cursed,12/22/2020 14:40,,en,2,0,0,[],[],0,0,,,,,,,,,,,None
4188,gentle reminder eating disorders deadly mental disorders recover always option,12/22/2020 14:38,,en,1,0,0,[],[],0,0,,,,,,,,,,,None
4189,ur guys day tell abt im ears,12/22/2020 13:48,,en,0,0,0,[],[],0,0,,,,,,,,,,,None
4190,rate favourite shoes,8/7/2020 2:28,,en,0,0,0,[],[],0,0,,,,,,,,,,,None
4191,new years resolutions,8/1/2020 2:22,,en,0,0,0,[],[],0,0,,,,,,,,,,,None
4192,would rather rt voting love seeing results,7/8/2020 5:04,,en,0,0,0,[],[],0,0,,,,,,,,,,,None
4193,cute,7/8/2020 5:02,,en,1,0,0,[],[],0,0,,,,,,,,,,,None
4194,feel time,7/8/2020 4:57,,en,1,0,0,[],[],0,0,,,,,,,,,,,None
4195,pov sleepover edtwt sleepover poll,7/8/2020 4:56,,en,1,0,1,[],[],0,0,,,,,,,,,,,Mild
4196,edtwt polls thread love,7/8/2020 4:53,,en,1,0,1,[],[],0,0,,,,,,,,,,,Mild
4197,polls distract retweet finished,7/8/2020 4:51,,en,1,0,1,[],[],0,0,,,,,,,,,,,None
4198,literally said,7/7/2020 23:03,,en,0,0,0,[],[],0,0,,,,,,,,,,,None
4199,edtwt toxic disgusting,7/7/2020 10:45,,en,1,0,0,[],[],0,0,,,,,,,,,,,Mild
4200,manifest  lock,6/10/2020 0:36,,en,0,0,0,[],[],0,0,,,,,,,,,,,None
4201,new accounts go interview process order join edtwt headed top three gcs edtwt hells kitchen mels mentos fai gc,6/10/2020 0:22,,en,0,0,0,[],[],0,0,,,,,,,,,,,Mild
4202,also dont mind layout rn ill fix later change case already found account,6/10/2020 0:16,,en,0,0,0,[],[],0,0,,,,,,,,,,,None
4203,also irls bragging unhealthy weight loss,5/20/2020 6:51,,en,1,0,0,[],[],0,0,,,,,,,,,,,None
4204,one edtwt dosen celebrate likes halloween see lot u panicking setting unrealistic gw halloween,5/20/2020 6:47,,en,1,0,0,[],[],0,0,,,,,,,,,,,Mild
4205,one,5/10/2020 2:09,,en,0,0,1,[],[],0,0,,,,,,,,,,,None
4206,america says suffer youre disabled deny make wait years get financial help,6/10/2022 16:33,,en,0,0,0,[],[],0,0,,,,,,,,,,,None
4207,edtwt meet giving forehead kisses lt,6/10/2022 13:14,,en,0,0,0,[],[],0,0,,,,,,,,,,,Mild
4208,constantly paranoid get cancelled edtwt somehow ruin entire life anxiety,6/8/2022 22:38,,en,0,0,1,[],[],0,0,,,,,,,,,,,Mild
4209,pfp,6/8/2022 22:18,,en,0,0,1,[],[],0,0,,,,,,,,,,,None
4210,vegan im even gonna try cause im gonna support company murders animals like,6/8/2022 13:17,,en,0,2,1,[],[],0,0,,,,,,,,,,,None
4211,leaving lady came double take pulls mask make wtf look loudly asks think knows wrong bathroom clapped back w right bathroom woman proceeds argue w cont,6/8/2022 12:52,,en,0,0,0,[],[],0,0,,,,,,,,,,,None
4212,ayo bee goning eat bee bee honey,6/7/2022 14:17,,en,0,0,1,[],[],0,0,,,,,,,,,,,None
4213,bitches come edtwt r dy gl res video like hey dont like look today eating disorder,6/7/2022 13:11,,en,1,0,2,[],[],0,0,,,,,,,,,,,Mild
4214,block chronostatics hes creep lurks edtwt find anorexic tendencies attractive,6/6/2022 1:45,,en,0,0,0,[],[],0,0,,,,,,,,,,,Mild
4215,breakfast burrito make backwards id eat tortillas,6/6/2022 1:41,,en,0,0,3,[],[],0,0,,,,,,,,,,,None
4216,bringen k schritte gegen skinnyfat oder ist das zuwenig,6/4/2022 18:51,,en,0,1,4,[],[],0,0,,,,,,,,,,,None
4217,bulimia fucking expensive fuck,9/13/2021 10:31,,en,0,0,0,[],[],0,0,,,,,,,,,,,None
4218,following confirming age aware post interact potentially triggering content relation eating disorders self harm suicide safe work nsfw,6/16/2020 2:31,,en,0,0,1,[],[],0,1,,,,,,,,,,,None
4219,edtwt like cals plus tax ur total calories,6/16/2020 2:31,,en,0,0,0,[],[],0,0,,,,,,,,,,,Mild
4220,edtwt like pooped poop,4/14/2020 1:58,,en,0,0,1,[],[],0,0,,,,,,,,,,,Mild
4221,edtwt rt really like yr old moots,4/13/2020 11:42,,en,0,0,0,[],[],0,0,,,,,,,,,,,Mild
4222,edtwt choose ur fighter,4/13/2020 11:39,,en,0,0,2,[],[],0,0,,,,,,,,,,,Mild
4223,edtwt christmas polls live together,4/10/2020 2:07,,en,0,0,1,[],[],0,0,,,,,,,,,,,Mild
4224,edtwt compliment baby challenge,4/10/2020 2:07,,en,0,0,0,[],[],0,0,,,,,,,,,,,Mild
4225,edtwt believe aliens extraterrestrial life,4/10/2020 2:07,,en,0,0,0,[],[],0,0,,,,,,,,,,,Mild
4226,edtwt consider tall least girl,4/10/2020 2:06,,en,0,0,0,[],[],0,0,,,,,,,,,,,Mild
4227,edtwt guys believe infatuation love first sight,4/9/2020 10:40,,en,0,0,0,[],[],0,0,,,,,,,,,,,Mild
4228,edtwt drop ur stan lists ill start blackp nk oona red vet p ppy gr mes anie martin z mars arg mar na jack staub r babymeta vide club ric nasty char dameli ker ker b nito dev n ki,4/9/2020 10:40,,en,0,0,0,[],[],0,0,,,,,,,,,,,Mild
4229,edtwt challange describe color eyes paragraph challange cant use name color eyes blue cant say blue describe like wattpad girl would describe romanticize fun,3/23/2020 15:17,,en,0,0,0,[],[],0,0,,,,,,,,,,,Mild
4230,edtwt wanna make snap gc drop ur snap dm flops aint tweet,12/9/2019 16:38,,en,0,0,1,[],[],0,0,,,,,,,,,,,Mild
4231,edtwt nutshell,11/1/2019 8:09,,en,0,0,0,[],[],0,0,,,,,,,,,,,Mild
4232,edtwt actually full sweeties encourage recovery healthy eating patterns medical help need think lot stereotypes abt community damaging bc almost everyone ive interacted really great,10/30/2019 15:39,,en,0,0,0,[],[],0,0,,,,,,,,,,,Mild
4233,edtwt fixated color math actually losing weight,10/28/2019 17:54,,en,0,0,0,[],[],0,0,,,,,,,,,,,Mild
4234,edtwt shit show lol sucks wanna go back tumblr dead,10/28/2019 17:54,,en,0,0,0,[],[],0,0,,,,,,,,,,,Mild
4235,edtwt moots might help,10/28/2019 6:58,,en,0,0,0,[],[],0,1,,,,,,,,,,,Mild
4236,edtwt needs watch rn fuck,10/28/2019 5:20,,en,0,0,1,[],[],0,0,,,,,,,,,,,Mild
4237,edtwt polls rt done,10/27/2019 11:52,,en,0,0,1,[],[],0,0,,,,,,,,,,,Mild
4238,edtwt rt parental issues tryna see sum,10/23/2019 18:00,,en,0,0,0,[],[],0,0,,,,,,,,,,,Mild
4239,edtwt rt get gw h lloween jack lantern,10/17/2019 10:09,,en,0,0,0,[],[],0,0,,,,,,,,,,,Mild
4240,edtwt rt ur want moots age,10/10/2019 14:04,,en,0,0,0,[],[],0,0,,,,,,,,,,,Mild
4241,edtwt tag unsent tweets,10/10/2019 11:05,,en,0,0,1,[],[],0,0,,,,,,,,,,,Mild
4242,edtwt tag unsent tweets,10/10/2019 10:41,,en,0,0,0,[],[],0,0,,,,,,,,,,,Mild
4243,edtwt r best ricecakes idc idc,10/10/2019 10:38,,en,0,0,1,[],[],0,0,,,,,,,,,,,Mild
4244,edtwt version last months yes yes yes yes yes yes yes yes yes yes yes yes emoji questions,10/10/2019 7:06,,en,1,0,1,[],[],0,1,,,,,,,,,,,Mild
4245,edtwt version last months yes yes yes yes yes yes yes yes yes yes yes yes yes yes yes yes yes yes drop emoji questions,10/10/2019 3:26,,en,0,0,1,[],[],0,0,,,,,,,,,,,Mild
4246,edtwt continent live see thread others,10/10/2019 3:24,,en,0,0,0,[],[],0,0,,,,,,,,,,,Mild
4247,edtwt u think omg,10/6/2019 7:10,,en,0,0,0,[],[],0,0,,,,,,,,,,,Mild
4248,edtwt age consent country curiosity,10/6/2019 7:09,,en,1,0,3,[],[],0,0,,,,,,,,,,,Mild
4249,edtwt someone edtwt someone speak evil monkey speak evil monkey speak evil monkey,7/27/2019 1:03,,en,0,0,1,[],[],0,0,,,,,,,,,,,Mild
4250,edtwt rt ill create little character based ur acc stolen idea,7/26/2019 7:22,,en,0,0,0,[],[],0,0,,,,,,,,,,,Mild
4251,edtwt like rt rate account get butthurted honest flops never tweeted,7/25/2019 10:38,,en,0,0,1,[],[],0,0,,,,,,,,,,,Mild
4252,edtwt something,7/24/2019 11:09,,en,0,0,0,[],[],0,0,,,,,,,,,,,Mild
4253,edtwt colour paint nails,7/21/2019 4:23,,en,1,0,1,[],[],0,0,,,,,,,,,,,Mild
4254,edtwt thoughts,7/20/2019 15:48,,en,1,0,0,[],[],0,0,,,,,,,,,,,Mild
4255,lt gt,7/20/2019 14:31,,en,0,0,0,[],[],0,0,,,,,,,,,,,None
4256,feeling sad tonight idk maybe ill workout forget emotions,7/20/2019 14:30,,en,0,0,1,[],[],0,0,,,,,,,,,,,None
4257,finally got promoted cook job ive server months despite asked cook nearly every single day cause many cooks quit better get pay raise,6/4/2022 9:32,,en,0,0,0,[],[],0,0,,,,,,,,,,,None
4258,finally got wear christmas shirt got clearance last year since live super conservative kinda racist small town go super well eh probably going delete later idk,5/31/2022 12:13,,en,1,0,0,[],[],0,0,,,,,,,,,,,None
4259,finally upped meds hope wanna die less maybe fear,5/31/2022 12:12,,en,0,0,0,[],[],0,0,,,,,,,,,,,None
4260,first thing day pm love,5/31/2022 12:06,,en,2,0,1,[],[],0,0,,,,,,,,,,,None
4261,fr turned already feel old edtwt,5/31/2022 11:59,,en,1,0,0,[],[],0,0,,,,,,,,,,,Mild
4262,fuck antivaxers non mask wearing people youre literally ruining life rn,5/31/2022 11:23,,en,1,0,1,[],[],0,0,,,,,,,,,,,None
4263,fuck hate hurting people one believes im fine,5/23/2022 5:40,,en,0,0,0,[],[],0,0,,,,,,,,,,,None
4264,fuck im scared im reaching end,5/18/2022 10:26,,en,1,0,0,[],[],0,0,,,,,,,,,,,None
4265,god im better alone everyone else better im alone,5/14/2022 7:43,,en,0,0,0,[],[],0,0,,,,,,,,,,,None
4266,gonna mins exercise later shower hopefully get sleep,4/29/2022 6:53,,en,0,0,0,[],[],0,0,,,,,,,,,,,None
4267,gonna live sugar free canned peaches nuclear bunker lt canned food mono,4/14/2022 4:35,,en,0,0,0,[],[],0,0,,,,,,,,,,,None
4268,gonna throw building dont fall sleep soon,11/27/2021 12:49,,en,0,0,0,[],[],0,0,,,,,,,,,,,None
4269,goodnight edtwt lt,10/28/2021 8:50,,en,0,0,0,[],[],0,0,,,,,,,,,,,Mild
4270,got new disposable vape tastes yummy yes yes,10/16/2021 15:23,,en,0,0,0,[],[],0,0,,,,,,,,,,,None
4271,gotta say impressed mature responsible responses got edtwt got good heads shoulders comes toxic relationships,10/5/2021 1:25,,en,0,0,0,[],[],0,0,,,,,,,,,,,Mild
4272,great ad peddling poor weak vulnerable edtwt advertise starving children get fuck outta,9/29/2021 0:21,,en,0,0,0,[],[],0,0,,,,,,,,,,,Mild
4273,green purple start life healthy relationship food,9/27/2021 6:22,,en,0,0,0,[],[],0,0,,,,,,,,,,,None
4274,guess im gonna awake awhile gonna iced coffee suffer,9/27/2021 1:56,,en,0,0,0,[],[],0,0,,,,,,,,,,,None
4275,guys please stop already asked,9/20/2021 2:53,,en,1,0,0,[],[],0,0,,,,,,,,,,,None
4276,hard edtwt calling dark edtwt lmaoo,9/6/2021 5:41,,en,0,0,0,[],[],0,0,,,,,,,,,,,Mild
4277,hard edtwt trying nice soft edtwt moots gain mwah,8/23/2021 7:41,,en,0,0,0,[],[],0,0,,,,,,,,,,,Mild
4278,bpd sucks mental health professionals think youre non compliant youre fucking struggling,8/22/2021 0:26,,en,0,0,0,[],[],0,0,,,,,,,,,,,None
4279,heads please get twinbody going proana members watching ed twt one co founders aware situation saw app feed,8/21/2021 22:26,,en,1,0,0,[],[],0,0,,,,,,,,,,,None
4280,hehe made bf,8/12/2021 0:02,,en,0,0,0,[],[],0,0,,,,,,,,,,,None
4281,hello im bubbles im new minor pinky sparks transmasc nonbinary pansexual looking mutuals,8/11/2021 12:50,,en,0,0,0,[],[],0,0,,,,,,,,,,,None
4282,hey guys found see evil monkey,8/6/2021 11:40,,en,0,0,0,[],[],0,0,,,,,,,,,,,None
4283,hey new maybe rt moots,8/6/2021 10:48,,en,0,0,0,[],[],0,0,,,,,,,,,,,None
4284,hi rly want moots edtwt thats close age ur rt,8/6/2021 10:45,,en,0,0,0,[],[],0,0,,,,,,,,,,,Mild
4285,homo transphobic racist bi erasure lack communication listening shared interests never lets pay remember important things inconsiderate rude super lazy never cleans cheating controlling tracks stalks untreated severe mental illness always phone guilts x,7/14/2021 1:44,,en,0,0,0,[],[],0,0,,,,,,,,,,,None
4286,honestly bc point im december alrdy bye,7/4/2021 7:36,,en,0,0,0,[],[],0,0,,,,,,,,,,,None
4287,meanspo work guys call fat pig literally sit ass laugh behind screen,7/4/2021 7:36,,en,0,0,0,[],[],0,0,,,,,,,,,,,None
4288,locals think edtwt like,7/4/2021 7:24,,en,1,0,0,[],[],0,0,,,,,,,,,,,Mild
4289,old never never reply emoji send questions,6/28/2021 2:40,,en,0,0,0,[],[],0,0,,,,,,,,,,,None
4290,tired man want rough times,6/3/2021 6:16,,en,0,0,0,[],[],0,0,,,,,,,,,,,None
4291,appealed disability im annoyed process unbearable,6/3/2021 5:15,,en,2,0,2,[],[],0,0,,,,,,,,,,,None
4292,wanna imagine smell opened legs wide like,5/26/2021 11:31,,en,0,0,0,[],[],0,0,,,,,,,,,,,None
4293,dont agree w fatspo gal cmon one talking abt u like u keep mentioning edtwt ur k followers whore probs kids pls stop,3/15/2021 14:37,,en,0,0,0,[],[],0,0,,,,,,,,,,,Mild
4294,dont doubt become homeless disability claim taking ages,3/3/2021 11:07,,en,0,0,0,[],[],0,0,,,,,,,,,,,None
4295,dont understand im still alive havent killed self yet shocking,2/16/2021 14:25,,en,0,0,0,[],[],0,0,,,,,,,,,,,None
4296,get see bf today screaming crying,2/16/2021 10:19,,en,0,0,0,[],[],0,0,,,,,,,,,,,None
4297,get theyre trying say whos favorite character edtwt fandom j,2/1/2021 15:27,,en,0,0,0,[],[],0,0,,,,,,,,,,,Mild
4298,picture pfp want say im pulling eye im touching face,1/25/2021 11:37,,en,0,0,0,[],[],0,0,,,,,,,,,,,None
4299,idea whats going happen today scream,1/25/2021 4:17,,en,0,0,0,[],[],0,0,,,,,,,,,,,None
4300,noone feel alone help literally safe space feel like everyone someone im alone social anxiety makes even worse wanna go w ppl stops going ppl go socialize um sad abt,1/16/2021 4:59,,en,0,0,0,[],[],0,0,,,,,,,,,,,None
4301,havent around much im sorry idk mind bleh,1/11/2021 15:25,,en,0,0,0,[],[],0,0,,,,,,,,,,,None
4302,realized mia stands bulimia last three letters bulimia mia,1/8/2021 15:29,,en,0,0,0,[],[],0,0,,,,,,,,,,,None
4303,wanna fall asleep never wake hate life,1/7/2021 7:25,,en,0,0,0,[],[],0,0,,,,,,,,,,,None
4304,wanna know people gonna understand eating disorders determined many calories eat rather mindset relationship food feels guilt eating balanced meal someone healthy relationship food,12/25/2020 3:19,,en,0,0,0,[],[],0,0,,,,,,,,,,,None
4305,want someone genuinely care abt,12/17/2020 11:47,,en,0,0,0,[],[],0,0,,,,,,,,,,,None
4306,love fall hate halloween lmao like im christmas person,12/7/2020 10:52,,en,0,0,0,[],[],0,0,,,,,,,,,,,None
4307,love hooni soo muchh im cryin hes fjfjfngn,12/6/2020 15:36,,en,0,0,0,[],[],0,0,,,,,,,,,,,None
4308,love hooni soo muchh im cryin hes fjfjfngn,12/3/2020 11:28,,en,0,0,0,[],[],0,0,,,,,,,,,,,None
4309,made edtwt anxious anus im sorry,12/3/2020 9:10,,en,1,0,2,[],[],0,0,,,,,,,,,,,Mild
4310,made picrew wowie,11/29/2020 5:28,,en,0,0,0,[],[],0,0,,,,,,,,,,,None
4311,miss feeling like life worth living miserable cycle chronic pain neverending depression,11/12/2020 11:53,,en,0,0,0,[],[],0,0,,,,,,,,,,,None
4312,need get back track,11/3/2020 7:06,,en,0,0,0,[],[],0,0,,,,,,,,,,,None
4313,never thought life would worse mental illness progressed much cant even process mind whats really wrong anymore,10/26/2020 7:00,,en,0,0,1,[],[],0,0,,,,,,,,,,,None
4314,played soccer cos every mexican kid play least years rec soccer adolescence sort hispanic unspoken rule,4/1/2020 11:53,,en,0,0,0,[],[],0,0,,,,,,,,,,,None
4315,really wanna edtwt moots retweet,2/24/2020 11:29,,en,0,0,0,[],[],0,0,,,,,,,,,,,Mild
4316,ripped nipple piercing sleep didnt wake didnt know wrong red swollen bleeding went piercer like wake,1/24/2020 14:38,,en,0,0,0,[],[],0,0,,,,,,,,,,,None
4317,scroll thru edtwt public school normal,10/29/2019 12:45,,en,0,0,0,[],[],0,0,,,,,,,,,,,Mild
4318,slept like absolute crap wanna call sleep lol,9/14/2019 9:30,,en,0,0,0,[],[],0,0,,,,,,,,,,,None
4319,slept pretty much whole day im drenched sweat feeling good mentally physically,8/26/2019 12:33,,en,0,0,0,[],[],0,0,,,,,,,,,,,None
4320,still use eyeliner powder ngl theyre amazing,8/14/2019 12:39,,en,1,0,0,[],[],0,0,,,,,,,,,,,None
4321,think cause took giant dump anyways ive given second chance cant screw anymore lt,7/21/2019 0:52,,en,0,0,0,[],[],0,0,,,,,,,,,,,None
4322,try keep cool work really business back lady went reported manager almost got written explained whole situation fucking bitch,7/19/2019 11:48,,en,0,0,0,[],[],0,0,,,,,,,,,,,None
4323,wanna buy fat cucumber later cut eat cant sleep want taste bit seasoned,4/17/2019 3:12,,en,0,0,0,[],[],0,0,,,,,,,,,,,None
4324,want everyone happy healthy,2/10/2019 11:57,,en,0,0,4,[],[],0,0,,,,,,,,,,,None
4325,ok always get back depressive state idk anymore,1/8/2019 9:01,,en,0,0,0,[],[],0,0,,,,,,,,,,,None
4326,passing away,1/1/2019 2:47,,en,0,0,0,[],[],0,0,,,,,,,,,,,None
4327,wish could cry im empty shell,10/27/2018 6:42,,en,0,0,0,[],[],0,0,,,,,,,,,,,None
4328,wish could go back change every fucking thing ill also say thing years,9/26/2018 11:05,,en,0,0,0,[],[],0,0,,,,,,,,,,,None
4329,im asking interact need validation youre sad see young ppl edtwt,7/10/2018 4:56,,en,0,0,0,[],[],0,0,,,,,,,,,,,Mild
4330,im drinking second monster pm,5/30/2018 11:18,,en,0,0,0,[],[],0,0,,,,,,,,,,,None
4331,im kimkcals ig please follow lets share cool pics gt,5/18/2018 4:46,,en,0,0,0,[],[],0,0,,,,,,,,,,,None
4332,im new edtwt,5/18/2018 4:15,,en,0,0,0,[],[],0,0,,,,,,,,,,,Mild
4333,im seeking attention really want know something im thinking leaving edtwt good feel like nobody would really care would also miss bunch ppl please honest kinda need help decision,5/2/2018 11:33,,en,0,0,0,[],[],0,0,,,,,,,,,,,Mild
4334,im sure night tbh never sleep sit scrolling ed twt mpa juul hours pathetic,5/2/2018 11:11,,en,1,0,0,[],[],0,0,,,,,,,,,,,None
4335,im depressed absolutely energy,4/29/2018 11:31,,en,1,0,0,[],[],0,0,,,,,,,,,,,None
4336,im suicidal mentally fucked im pretty much financially fucked whats point living,4/28/2018 11:45,,en,0,0,0,[],[],0,0,,,,,,,,,,,None
4337,im sorry edtwt dont understand eating problem eating like good like eat already something love food dont understand ed yummy,4/25/2018 5:20,,en,0,0,0,[],[],0,0,,,,,,,,,,,Mild
4338,im starting one anyone fucks make new one without like added,2/4/2017 14:29,,en,0,11,0,[],[],0,0,,,,,,,,,,,None
4339,im taking mansion would sell mansion pay lipo rich think big disordered babies,2/4/2017 14:29,,en,0,0,0,[],[],0,0,,,,,,,,,,,None
4340,ive non stop suicidal half life day come right,2/1/2017 9:19,,en,0,0,0,[],[],0,0,,,,,,,,,,,None
4341,ive decided lease im leaving shitty texas moving colorado,1/11/2017 14:13,,en,0,0,0,[],[],0,0,,,,,,,,,,,None
4342,idk one wants deal dont wanna deal,1/11/2017 14:09,,en,0,0,0,[],[],0,0,,,,,,,,,,,None
4343,friends eating disorders friends apart red band society,1/11/2017 14:06,,en,0,0,0,[],[],0,1,,,,,,,,,,,None
4344,yall followers even care im deleting accound bcz complicated shit wanna text go insta drawing cuzynot,1/11/2017 13:59,,en,0,0,0,[],[],0,0,,,,,,,,,,,None
4345,anything happen meatball would kill everyone edtwt,1/11/2017 13:58,,en,1,0,0,[],[],0,0,,,,,,,,,,,Mild
4346,u read far wanna remind u eating disorders mental illness matter one u u look like u valid matter lt,1/9/2017 23:02,,en,0,0,0,[],[],0,0,,,,,,,,,,,None
4347,post edtwt confession calling someone racist sexist transphobic homophobic dont drop proof literally stir shit hate,1/9/2017 23:00,,en,0,0,0,[],[],0,0,,,,,,,,,,,Mild
4348,put minor bio frustrate much huge difference even though minors would feel uncomfortable interacting actual fetuses edtwt,1/9/2017 22:57,,en,0,0,0,[],[],0,1,,,,,,,,,,,Mild
4349,support trump please unfollow block horrible person want interacting thank,1/9/2017 22:56,,en,0,0,0,[],[],0,0,,,,,,,,,,,None
4350,edtwt weeb automatically friends,1/9/2017 22:56,,en,0,0,0,[],[],0,0,,,,,,,,,,,Mild
4351,carby boy cancer coke minus smoking,1/9/2017 22:56,,en,0,0,0,[],[],0,0,,,,,,,,,,,None
4352,like look like,1/9/2017 22:55,,en,0,0,0,[],[],0,0,,,,,,,,,,,None
4353,im exhausted want fall asleep forever,1/9/2017 22:54,,en,0,0,0,[],[],0,0,,,,,,,,,,,None
4354,ignoring irl friends instead try get attention people regularly interact edtwt shows alot sort person value,1/9/2017 22:53,,en,0,0,0,[],[],0,0,,,,,,,,,,,Mild
4355,new n know anyone like rt mutuals lt,1/9/2017 22:51,,en,0,0,0,[],[],0,0,,,,,,,,,,,None
4356,im none,1/9/2017 22:50,,en,3,0,0,[],[],0,0,,,,,,,,,,,None
4357,yet dont really retweet anything get involved drama wanna moots,1/9/2017 22:46,,en,0,0,0,[],[],0,0,,,,,,,,,,,None
4358,im glad recovering tweets positive messages really inspire love thank much love,1/9/2017 22:45,,en,0,0,0,[],[],0,0,,,,,,,,,,,None
4359,dumbest person ever meet,1/9/2017 22:45,,en,0,0,0,[],[],0,0,,,,,,,,,,,None
4360,im gc ppl school theyre spamming majes anxiety bad dont want leave id feel left aa,1/9/2017 22:41,,en,0,0,0,[],[],0,1,,,,,,,,,,,None
4361,good news taxes changed address license working renewing health insurance psych appointment today didnt chicken,1/9/2017 22:38,,en,0,0,0,[],[],0,0,,,,,,,,,,,None
4362,makes secretly glad couple coworkers immediate team male usually use gender neutral family bathroom available bc trans also social awkwardness,1/9/2017 22:37,,en,0,0,0,[],[],0,0,,,,,,,,,,,None
4363,always big accs ugly layouts lol gotta act like theyre people edtwt,1/9/2017 22:35,,en,0,0,0,[],[],0,0,,,,,,,,,,,Mild
4364,irls fake care mental health one day,1/9/2017 22:34,,en,0,0,0,[],[],0,0,,,,,,,,,,,None
4365,sad seeing everyone furthering eating disorders ruining health could cry cause like deserve feel okay deserve healthy,1/9/2017 22:33,,en,0,0,0,[],[],0,0,,,,,,,,,,,None
4366,im playing necraft assume bunch year olds listening asmr p rn sort half achrolling edtwt life come,1/9/2017 22:33,,en,0,0,0,[],[],0,0,,,,,,,,,,,Mild
4367,never one one ever taught even basics makeup hands steady,1/9/2017 22:31,,en,0,0,0,[],[],0,0,,,,,,,,,,,None
4368,wanna help people cant even help,1/9/2017 22:31,,en,0,0,0,[],[],0,0,,,,,,,,,,,None
4369,k supposed,1/9/2017 22:31,,en,2,0,0,[],[],0,0,,,,,,,,,,,None
4370,left treatment medical advice bc suck everything weak,1/9/2017 22:30,,en,0,0,0,[],[],0,0,,,,,,,,,,,None
4371,leg check im admitted hospital today,1/9/2017 22:30,,en,0,0,0,[],[],0,0,,,,,,,,,,,None
4372,like id kms noone would notice except family,1/9/2017 22:29,,en,0,0,0,[],[],0,0,,,,,,,,,,,None
4373,lmaoo expect fat funny seems like joke actually serious,1/9/2017 22:29,,en,0,0,0,[],[],0,0,,,,,,,,,,,None
4374,lmfao mental breakdown prob going treatment im fighting fucking,1/9/2017 16:04,,en,0,0,0,[],[],0,0,,,,,,,,,,,None
4375,local dodgy accounts block please feel free add accounts come across sara stupidbxtch robbin,1/9/2017 16:01,,en,0,0,0,[],[],0,0,,,,,,,,,,,None
4376,locals like dont romanticize eating disorders omg thats disgusting go watch reasons,1/9/2017 15:58,,en,0,0,0,[],[],0,0,,,,,,,,,,,None
4377,locals edtwt shtwt terrible toxic edtwt guys want kiss eat cotton balls maybe shtwt haha guys carved dick lmao make sure know properly care cuts insanely helpful thread uneducated,1/9/2017 15:54,,en,0,0,0,[],[],0,0,,,,,,,,,,,Mild
4378,looking new moots ily follow ill follow back lt,1/9/2017 15:54,,en,1,0,0,[],[],0,0,,,,,,,,,,,None
4379,made little something edtwt,1/9/2017 15:54,,en,0,0,1,[],[],0,1,,,,,,,,,,,Mild
4380,making new sh edtwt gc one full make sure rt reply follow added dms must open cant add closing rts,1/9/2017 15:47,,en,0,0,0,[],[],0,0,,,,,,,,,,,Mild
4381,making bed exhausting everything god damn exhausting,1/9/2017 15:45,,en,0,0,1,[],[],0,1,,,,,,,,,,,None
4382,coming across edtwt account yaoi porn,1/9/2017 15:40,,en,0,0,0,[],[],0,1,,,,,,,,,,,Mild
4383,morning edtwt scroll,1/9/2017 14:51,,en,0,0,0,[],[],0,0,,,,,,,,,,,Mild
4384,logging edtwt little melt last night,1/9/2017 14:50,,en,0,0,0,[],[],0,0,,,,,,,,,,,Mild
4385,going following like edtwt accounts wow look new followers wonder happened,1/9/2017 14:43,,en,0,0,0,[],[],0,0,,,,,,,,,,,Mild
4386,social media break cleanse soul cuz wanna kms logging straight onto edtwt vent everybody,1/9/2017 11:16,,en,0,0,0,[],[],0,0,,,,,,,,,,,Mild
4387,mfs say stupidest shit trying prove theyre best anorexic,1/9/2017 11:00,,en,0,0,0,[],[],0,1,,,,,,,,,,,None
4388,monster ultra paradises maybe diet zero sprite,1/9/2017 10:54,,en,0,0,0,[],[],0,0,,,,,,,,,,,None
4389,account slowly dying rt moots edtwt,1/9/2017 10:30,,en,0,0,0,[],[],0,0,,,,,,,,,,,Mild
4390,boyfriend legitimately convinced birds reptiles even arguing college biology book like birds feathers warm blooded scales reptiles beaks,1/9/2017 10:11,,en,0,0,0,[],[],0,0,,,,,,,,,,,None
4391,boyfriend really sick nd think threw feel upset want help baby said touch much right bathroom think got sick im jhst sitting alone feel sad want help,1/9/2017 9:58,,en,0,0,0,[],[],0,0,,,,,,,,,,,None
4392,cats audacity kick litter place cleaned,1/9/2017 9:51,,en,0,0,0,[],[],0,0,,,,,,,,,,,None
4393,country fucking stupid full homophobic ppl omg fuuck wanna kms,1/9/2017 9:41,,en,0,0,0,[],[],0,0,,,,,,,,,,,None
4394,cousin got admitted anorexia last year though eveeyone thinks shes recovered know shes im wondering shes,1/9/2017 9:32,,en,0,0,0,[],[],0,0,,,,,,,,,,,None
4395,giant urge protect minors like fucking job skshsks anyway minors anyone else needs edtwt parent back,1/9/2017 9:25,,en,0,0,0,[],[],0,0,,,,,,,,,,,Mild
4396,grocery store fit bought psa,1/9/2017 9:24,,en,0,0,0,[],[],0,0,,,,,,,,,,,None
4397,hairs bit longer curly,1/2/2017 15:35,,en,0,0,0,[],[],0,0,,,,,,,,,,,None
4398,hunger like clockwork hits evening im starving,6/11/2022 11:22,,en,1,0,1,[],[],0,0,,,,,,,,,,,None
4399,irl mafe loose safe space even tho doesnt know feels uncomfortable fuckkdgffbf,6/10/2022 15:33,,en,0,0,5,[],[],0,0,,,,,,,,,,,None
4400,past unforgiving haunted,6/10/2022 14:27,,en,0,0,2,[],[],0,0,,,,,,,,,,,None
4401,need non triggering triggering serial killer stuff documentary suggestions,6/10/2022 14:11,,en,10,0,43,[],[],0,1,,,,,,,,,,,None
4402,need avoid every phone call today lfmao,6/10/2022 6:42,,en,1,0,1,[],[],0,0,,,,,,,,,,,None
4403,need feel good happening rn,6/8/2022 19:54,,en,0,0,2,[],[],0,0,,,,,,,,,,,None
4404,never cutting hair going grow long,6/3/2022 17:59,,en,2,12,50,[],[],0,0,,,,,,,,,,,None
4405,ngl cancel culture edtwt rlly annoying theyre genuinely shitty person ill unf dumb shit n properly apologized n shit idc leave em n let learn mistakes,5/22/2022 7:40,,en,1,2,25,[],[],0,0,,,,,,,,,,,Mild
4406,listen despite factual statements,5/9/2022 19:59,,en,0,0,0,[],[],0,0,,,,,,,,,,,None
4407,normalize interacting small edtwt accounts nice cute funny really get happy someone interact big small acc end still accounts,5/8/2022 0:29,,en,0,0,0,[],[],0,0,,,,,,,,,,,Mild
4408,ed related thought cute funny wanted share,5/7/2022 16:56,,en,0,0,7,[],[],0,0,,,,,,,,,,,None
4409,edtwt related ayoo,4/29/2022 11:53,,en,1,0,3,[],[],0,0,,,,,,,,,,,Mild
4410,edtwt related anytime mom sneezes triggers something idk literally infuriates,4/27/2022 10:22,,en,1,0,0,[],[],0,0,,,,,,,,,,,Mild
4411,infamous edtwt followers,4/26/2022 13:04,,en,0,0,2,[],[],0,0,,,,,,,,,,,Mild
4412,scrolling edtwt dont interview german teacher two hours,4/26/2022 12:56,,en,1,0,1,[],[],0,0,,,,,,,,,,,Mild
4413,really wish pees would interact post,4/26/2022 12:54,,en,1,0,2,[],[],0,0,,,,,,,,,,,None
4414,dramatic anything edtwt like days would die moots,4/26/2022 10:05,,en,4,40,82,[],[],0,0,,,,,,,,,,,Mild
4415,nothing help get better im always going sick worthless,4/20/2022 20:12,,en,1,0,19,[],[],0,0,,,,,,,,,,,None
4416,ofc look nothing underweight bodies thinspo bonespo healthy weight going skewed healthy weight never fat ever,4/14/2022 10:54,,en,1,0,20,[],[],0,1,,,,,,,,,,,None
4417,ok sk dont hate never really listened kp p today heard like edtwt big surprise wondering anyone recommendations,4/6/2022 8:09,,en,0,2,5,[],[],0,0,,,,,,,,,,,Mild
4418,okay absolutely none deserve suffering matter ed however never gives excuse fatphobic roast trash fucking want fuck shit,6/2/2022 4:57,,en,1,0,2,[],[],0,0,,,,,,,,,,,None
4419,omg def extreme anxiety rn im sorry elle texts,4/27/2022 6:02,,en,1,0,0,[],[],0,0,,,,,,,,,,,None
4420,omg ur anorexic shoves u wall whats ur favorite diet shoves knee ur thighs u restrictionwhore fastingslut licks stripe ur neck wanna skinny little ana gf bf partner,4/27/2022 6:01,,en,1,0,3,[],[],0,0,,,,,,,,,,,None
4421,high dose seroquel cant even stay away hours day,4/27/2022 6:00,,en,1,0,4,[],[],0,0,,,,,,,,,,,None
4422,note really glad lot businesses switching two three family gender neutral bathrooms instead usual designated big bathrooms several stalls,4/27/2022 6:00,,en,1,0,5,[],[],0,0,,,,,,,,,,,None
4423,one irls posted sh ig close friends story bitch wtf,4/17/2022 2:54,,en,0,0,1,[],[],0,0,,,,,,,,,,,None
4424,oop maybe tweeted getting turned cousin severely underage body bullied edtwt,4/12/2022 22:45,,en,0,0,1,[],[],0,0,,,,,,,,,,,Mild
4425,penis people edtwt flex thing please answer dont want google,4/12/2022 20:05,,en,1,0,1,[],[],0,0,,,,,,,,,,,Mild
4426,people say edtwt promotes eds locals go viral saying omg ate one meal today dont talk make make sense,4/11/2022 4:28,,en,0,0,0,[],[],0,0,,,,,,,,,,,Mild
4427,people underestimate mental ill truly im really good hiding shit,4/11/2022 4:22,,en,1,0,1,[],[],0,1,,,,,,,,,,,None
4428,please leave edtwt safeplace also good,4/5/2022 6:04,,en,0,0,2,[],[],0,0,,,,,,,,,,,Mild
4429,please let sleep today brain lt muwah,4/2/2022 22:21,,en,0,0,5,[],[],0,0,,,,,,,,,,,None
4430,polls edtwt rt voting pls,3/23/2022 0:26,,en,1,0,2,[],[],0,0,,,,,,,,,,,Mild
4431,quit portraying eating disorders tragically beautiful yall ugly shit thats okay,3/23/2022 0:17,,en,1,0,3,[],[],0,1,,,,,,,,,,,None
4432,remeber bitches would thank onision curing eating disorders depression,3/23/2022 0:16,,en,0,0,1,[],[],0,0,,,,,,,,,,,None
4433,retweeting followers,3/23/2022 0:13,,en,1,0,2,[],[],0,0,,,,,,,,,,,None
4434,roommate live boyfriend tested positive covid fucking reason manager wanted stay work like need quarantine,2/27/2022 11:24,,en,0,0,0,[],[],0,0,,,,,,,,,,,None
4435,shut mouth smell anorexia breath,2/9/2022 0:37,,en,1,0,1,[],[],0,0,,,,,,,,,,,None
4436,since one seems know anorexia definition emotional disorder characterized obsessive desire lose weight refusing eat indicate much u lose gain simply states desire lose weight think,1/29/2022 11:58,,en,0,0,0,[],[],0,0,,,,,,,,,,,None
4437,sleeping daytime easier idk im nocturnal think,1/29/2022 7:49,,en,0,0,1,[],[],0,0,,,,,,,,,,,None
4438,guess going spy drama late august edtwt crisis month ok need put schedule,6/11/2022 4:42,,en,0,0,2,[],[],0,0,,,,,,,,,,,Mild
4439,tried beyond plantbased chicken nuggets kfc actually super good rave heard day wanted try never actually looked menu anything occured cont,6/10/2022 8:22,,en,0,1,1,[],[],0,0,,,,,,,,,,,None
4440,getting fuckproanas account block sign status edtwt community hmm make happen look pretty easy wind lol,6/8/2022 1:53,,en,1,0,16,[],[],0,1,,,,,,,,,,,Mild
4441,soft edtwt okay ate cals minutes smiling cat face heart eyes binging normal,6/8/2022 1:02,,en,12,28,495,[],[],0,0,,,,,,,,,,,Mild
4442,yall think ur regina george edtwt nah ur lewbert icarly,6/7/2022 23:57,,en,0,0,0,[],[],0,0,,,,,,,,,,,Mild
4443,feel like celebrity gross youre edtwt ffs thats embarrassing,6/7/2022 23:40,,en,1,0,19,[],[],0,0,,,,,,,,,,,Mild
4444,somebody tell log edtwt whilst drunk,6/7/2022 1:37,,en,0,0,1,[],[],0,0,,,,,,,,,,,Mild
4445,sorry havent tweeted much today sleepy sad ugh,6/4/2022 2:43,,en,0,0,1,[],[],0,0,,,,,,,,,,,None
4446,sorry break one irls probably edtwt,6/3/2022 6:58,,en,0,1,6,[],[],0,1,,,,,,,,,,,Mild
4447,sp e accs like new edtwt cw ugw,6/3/2022 6:11,,en,1,0,2,[],[],0,0,,,,,,,,,,,Mild
4448,stolen tl lt im cm next giant tall short tiny,6/1/2022 12:15,,en,0,0,4,[],[],0,0,,,,,,,,,,,None
4449,take need rt next person edtwt edition,6/1/2022 4:39,,en,9,3,46,[],[],0,0,,,,,,,,,,,Mild
4450,one picture dead anorexic girl died binge eating like kg worth food still haunts,5/31/2022 11:39,,en,0,0,5,[],[],0,0,,,,,,,,,,,None
4451,thats nice day,5/28/2022 10:45,,en,1,0,1,[],[],0,0,,,,,,,,,,,None
4452,attention whore inside sobs accept crack head energy tho,5/28/2022 10:44,,en,1,0,3,[],[],0,0,,,,,,,,,,,None
4453,good thing people wanna anorexic wont see results bc cheat time get bored give within couple weeks months,5/25/2022 8:46,,en,2,20,138,[],[],0,0,,,,,,,,,,,None
4454,meanspo fatspo tags full weird obscure porn idk feel,5/25/2022 1:08,,en,0,0,2,[],[],0,0,,,,,,,,,,,None
4455,dodgy account edtwt random name followed numbers vauge description follows acc followers vauge bio tweets likes banner thing account made august yall must think stupid something check followers,5/23/2022 4:22,,en,0,0,2,[],[],0,1,,,,,,,,,,,Mild
4456,whos sickest competition getting nerves,5/21/2022 13:34,,en,0,1,10,[],[],0,0,,,,,,,,,,,None
4457,theoretically wrote shtwt edtwt fanfiction smut would anyone like read,5/19/2022 7:14,,en,0,0,3,[],[],0,0,,,,,,,,,,,Mild
4458,mfs go edtwt tags get shocked traumatized cos saw ed related things,5/18/2022 22:27,,en,1,0,1,[],[],0,1,,,,,,,,,,,Mild
4459,think many people develop eating disorders relapse due sharing community around anorexia deadly mental disorder kills like developed concider many people going get sick die,5/17/2022 5:44,,en,0,0,4,[],[],0,0,,,,,,,,,,,None
4460,thinking reporter dmed asking could interview article edtwt hope shes suffering lt whole article shaming us pro basically zero mention anyway optional ways us get help complete bs,5/15/2022 10:53,,en,2,0,1,[],[],0,0,,,,,,,,,,,Mild
4461,funny edtwt,5/15/2022 9:59,,en,0,0,1,[],[],0,0,,,,,,,,,,,Mild
4462,implies people healthy friendships outside edtwt happen get,5/15/2022 4:54,,en,0,0,0,[],[],0,0,,,,,,,,,,,Mild
4463,get smoking kief grinder lol,5/15/2022 4:54,,en,0,0,9,[],[],0,0,,,,,,,,,,,None
4464,made laugh wanted share could use laughs edtwt,5/15/2022 1:34,,en,10,2,133,[],[],0,0,,,,,,,,,,,Mild
4465,thoughts dark loud everything tragic,5/14/2022 1:20,,en,0,0,12,[],[],0,0,,,,,,,,,,,None
4466,tl boring would eat poo reach ugw,5/12/2022 0:35,,en,0,1,7,[],[],0,0,,,,,,,,,,,None
4467,tl dead edtwt rt age want new moots,5/11/2022 23:40,,en,1,0,8,[],[],0,0,,,,,,,,,,,Mild
4468,tomorrow clean messy rooms depressive episode shower hair finish laundry thats unfolded week,5/11/2022 23:28,,en,0,1,10,[],[],0,1,,,,,,,,,,,None
4469,tw food ed please trigger warn food eating disorders deadliest mental illness trigger warning food help people eds lot wanted specify one see people noe trigger warn food time,5/11/2022 22:55,,en,2,1,20,[],[],0,0,,,,,,,,,,,None
4470,tw fatshaming reason people think edtwt bunch mean bitches,5/11/2022 13:55,,en,1,0,3,[],[],0,1,,,,,,,,,,,Mild
4471,tw transphobia bigot transwoman women restroom today work phone voice fairly low pitched gave away amab even though wearing dress makeup etc cont,5/10/2022 11:39,,en,0,0,3,[],[],0,0,,,,,,,,,,,None
4472,tw implications abuse long thread trauma core pls rt u like got pictures pinterest,5/10/2022 8:28,,en,0,0,3,[],[],0,0,,,,,,,,,,,None
4473,tw goretwt shtwt edtwt im gore twt tbh,5/10/2022 5:59,,en,0,0,14,[],[],0,0,,,,,,,,,,,Mild
4474,tweeting non stop void bc im lonely rn,5/10/2022 0:24,,en,0,0,2,[],[],0,0,,,,,,,,,,,None
4475,twitter place vent literally friends,5/8/2022 6:59,,en,1,2,12,[],[],0,0,,,,,,,,,,,None
4476,unless symptoms like psychosis splitting self harm suicidal ideation substance abuse monsters right right,5/7/2022 23:52,,en,0,0,1,[],[],0,1,,,,,,,,,,,None
4477,update got almost right away french according google words google translate regardless something white whiteness case congratulations noticing anon,5/6/2022 12:55,,en,1,0,11,[],[],0,0,,,,,,,,,,,None
4478,uses either r word conversation insult vastly different political religious views try shoving throat physical ab se insults intelligence calls crazy psycho etc bc mental health issues let see friends family fuck describing bf,5/6/2022 10:54,,en,0,0,1,[],[],0,0,,,,,,,,,,,None
4479,wait ok wtf know two people edtwt one ig mutual another played among us weird,5/6/2022 10:21,,en,4,8,65,[],[],0,0,,,,,,,,,,,Mild
4480,warning potentially like repost following porn self harm gore meanspo proana potentially triggering content warning take responsibility know could triggering hot interact,5/6/2022 6:16,,en,1,0,1,[],[],0,0,,,,,,,,,,,None
4481,got someone selling suicide kits sewn onto soft toys god edtwt match maker fuming,5/3/2022 1:25,,en,1,6,111,[],[],0,1,,,,,,,,,,,Mild
4482,edtwt tea party december st holidays roll show yummy tea cute mugs,5/2/2022 23:49,,en,0,0,1,[],[],0,0,,,,,,,,,,,Mild
4483,think something,5/1/2022 2:00,,en,0,2,13,[],[],0,1,,,,,,,,,,,None
4484,back idk noticed gone back sorry ignoring dms,4/30/2022 1:50,,en,0,0,1,[],[],0,0,,,,,,,,,,,None
4485,made one anything help every morning already pls dont make flop lol thanks yall,4/29/2022 23:07,,en,1,0,3,[],[],0,0,,,,,,,,,,,None
4486,pls ur thing,4/29/2022 13:02,,en,0,1,2,[],[],0,0,,,,,,,,,,,None
4487,rt layout rating gorgeous kinkpogs,4/29/2022 11:10,,en,0,0,2,[],[],0,0,,,,,,,,,,,None
4488,rt moots youre male nonbinary racist homophobic idk word religion neutral edtwt ani edtwt active dont mind interacting every tweet make annoying fuck,4/29/2022 11:09,,en,0,0,1,[],[],0,0,,,,,,,,,,,Mild
4489,skin hands really fragile recently tore open thumb last week strumming ukulele ripped skin finger tying shoe happening,4/29/2022 9:41,,en,1,0,1,[],[],0,0,,,,,,,,,,,None
4490,various polls get day continuous thread lt,4/29/2022 9:07,,en,2,0,27,[],[],0,1,,,,,,,,,,,None
4491,go energy drink rt like others see,4/29/2022 9:00,,en,2,0,31,[],[],0,0,,,,,,,,,,,None
4492,u havd tips scar fading pls pls,4/29/2022 8:58,,en,8,10,126,[],[],0,0,,,,,,,,,,,None
4493,okay im usually edtwt wanted know bad consider scars,4/28/2022 10:25,,en,1,0,2,[],[],0,0,,,,,,,,,,,Mild
4494,bed wetting idiot scared shadow,4/28/2022 1:55,,en,0,2,15,[],[],0,1,,,,,,,,,,,None
4495,tell irls like force baby know kinda habit thats gunna bring,4/27/2022 0:15,,en,0,0,6,[],[],0,0,,,,,,,,,,,None
4496,repost bc picture get pornhub take anorexia content theyre profiting deeply disturbing videos near death women make change please sign link bio x amount signs write pornhub,4/26/2022 7:33,,en,1,0,4,[],[],0,0,,,,,,,,,,,None
4497,think bad boys,4/23/2022 8:36,,en,0,0,0,[],[],0,0,,,,,,,,,,,None
4498,quick note received book christmas present due back library today,4/23/2022 3:28,,en,0,0,1,[],[],0,0,,,,,,,,,,,None
4499,want clout edtwt go stantwt babe thanks,4/23/2022 1:44,,en,2,5,22,[],[],0,0,,,,,,,,,,,Mild
4500,nsfw gore saw someone cut dick,4/22/2022 0:32,,en,1,1,3,[],[],0,0,,,,,,,,,,,None
4501,sh hairy legs ew heres scars,4/21/2022 1:43,,en,0,0,1,[],[],0,0,,,,,,,,,,,None
4502,sh thigh scars woo woo woo,4/21/2022 1:21,,en,0,0,1,[],[],0,0,,,,,,,,,,,None
4503,slight nsfw loves edtwt toxic omg block edtwt accounts report edtwt freaking guys dick,4/20/2022 23:25,,en,1,0,7,[],[],0,0,,,,,,,,,,,Mild
4504,slight nsfw loves edtwt toxic omg block edtwt accounts report edtwt freaking guys dick,4/20/2022 0:17,,en,0,0,1,[],[],0,0,,,,,,,,,,,Mild
4505,third one today think,4/20/2022 0:16,,en,1,2,14,[],[],0,1,,,,,,,,,,,None
4506,edtwt poll thread repost voting,4/18/2022 13:19,,en,0,0,1,[],[],0,0,,,,,,,,,,,Mild
4507,moots oomfs rt rhis u want join edtwt zoom call december th pm est pm gmt pm cst add u gc ill send u link time rules respectful kick u rude anyone,4/18/2022 4:53,,en,0,0,1,[],[],0,0,,,,,,,,,,,Mild
4508,reminder feeling invalid like youre faking disorder part disorder recovery come easily able eat normally without guilt periods time part disorder remember worthy recovery love,4/17/2022 3:05,,en,0,0,1,[],[],0,0,,,,,,,,,,,None
4509,edtwt polls retweet done,4/16/2022 2:21,,en,0,0,2,[],[],0,1,,,,,,,,,,,Mild
4510,edtwt account likely account person ed fetish please careful interact,4/16/2022 2:13,,en,1,0,2,[],[],0,1,,,,,,,,,,,Mild
4511,forced recovery lead eating disorders furtehr unhealthy relationship food,4/15/2022 8:23,,en,0,0,2,[],[],0,1,,,,,,,,,,,None
4512,edtwt advent calendar tap tree proceed,4/14/2022 4:06,,en,0,4,15,[],[],0,1,,,,,,,,,,,Mild
4513,ed without fatphobic proana,4/14/2022 4:03,,en,0,4,18,[],[],0,1,,,,,,,,,,,None
4514,welcome profile ghost edtwt shtwt mainly shtwt rt msg moots,4/13/2022 0:49,,en,1,0,3,[],[],0,0,,,,,,,,,,,Mild
4515,thread kitties food edtwt positive affirmations validation eating kinda okay actually,4/13/2022 0:49,,en,0,0,0,[],[],0,0,,,,,,,,,,,Mild
4516,open,4/12/2022 13:12,,en,1,0,7,[],[],0,0,,,,,,,,,,,None
4517,bulimia anorexia eating disorders many different types eating disorders valid,4/12/2022 9:41,,en,0,0,1,[],[],0,0,,,,,,,,,,,None
4518,edtwt think think mind goddamn business stop pretending like right give opinion someone elses body dumbass b tch,6/9/2022 1:42,,en,0,0,3,[],[],0,0,,,,,,,,,,,Mild
4519,im starving days longer course best anorexic yup yup,6/9/2022 1:40,,en,1,1,2,[],[],0,0,,,,,,,,,,,None
4520,edtwt threads ongoing thread,6/9/2022 1:22,,en,4,6,6,[],[],0,0,,,,,,,,,,,Mild
4521,aargh late want gc old ones dead hey edtwt anyone else wanna make gc enough followers make one,6/9/2022 1:21,,en,1,2,8,[],[],0,0,,,,,,,,,,,Mild
4522,acab joke stop making eating disorders real peoples lives,6/9/2022 0:53,,en,2,1,9,[],[],0,0,,,,,,,,,,,None
4523,acne nose used insecure eyes small people used make fun love,6/9/2022 0:50,,en,3,4,17,[],[],0,0,,,,,,,,,,,None
4524,actually im gonna sleep bit hope well,6/9/2022 0:36,,en,0,0,5,[],[],0,0,,,,,,,,,,,None
4525,adadcaczsczfxs dies,6/8/2022 22:59,,en,0,0,7,[],[],0,0,,,,,,,,,,,None
4526,adele getting double us uk vogue feature everyone scared,6/8/2022 22:57,,en,1,0,1,[],[],0,0,,,,,,,,,,,None
4527,new oomfs came bc platinum level tweet dummies dont read bios b gone post pathetic baby cuts couple days lol,6/8/2022 21:44,,en,1,0,1,[],[],0,0,,,,,,,,,,,None
4528,edtwt next month,6/7/2022 6:10,,en,1,0,5,[],[],0,0,,,,,,,,,,,Mild
4529,shakey juice slicey dicey edible styrofoam,6/4/2022 2:49,,en,1,0,1,[],[],0,0,,,,,,,,,,,None
4530,taehyung say something weverse wouldve publicly wished death press meeting hes better,6/4/2022 2:09,,en,1,0,4,[],[],0,0,,,,,,,,,,,None
4531,also reminded males eating disorders,5/31/2022 5:30,,en,0,0,3,[],[],0,1,,,,,,,,,,,None
4532,also met guy coffee shop flirted bit hes eye minor said questionable things like im trying get groomed ty sir lt u still live mind rent free tho hmu months,5/30/2022 23:33,,en,0,0,7,[],[],0,1,,,,,,,,,,,None
4533,also im sorry im missing ur notifs im grateful support u ilysm,5/29/2022 5:55,,en,1,0,1,[],[],0,0,,,,,,,,,,,None
4534,also anyone else edtwt wants moots hmu,5/28/2022 3:40,,en,0,4,11,[],[],0,0,,,,,,,,,,,Mild
4535,also fat shaming random ktokers exposed world idea many impressionable teens going end many going get eating disorders potentially die,5/27/2022 23:49,,en,0,0,7,[],[],0,0,,,,,,,,,,,None
4536,also rip edtwt rt moots arent like,5/27/2022 20:57,,en,0,0,1,[],[],0,0,,,,,,,,,,,Mild
4537,also fuck improving gut mean,5/27/2022 7:27,,en,0,0,0,[],[],0,0,,,,,,,,,,,None
4538,one edtwt loves pears wtf,5/27/2022 7:19,,en,0,0,1,[],[],0,0,,,,,,,,,,,Mild
4539,person edtwt doesnt listen kpop know anything groups,5/27/2022 5:35,,en,1,0,1,[],[],0,0,,,,,,,,,,,Mild
4540,ur welcome putting ur whole cock internet jackson,5/25/2022 12:38,,en,0,12,16,[],[],0,0,,,,,,,,,,,None
4541,guess,5/25/2022 12:11,,en,0,0,4,[],[],0,0,,,,,,,,,,,None
4542,end,5/25/2022 7:11,,en,0,0,2,[],[],0,0,,,,,,,,,,,None
4543,anorexia fancy word scared cheese,5/25/2022 6:55,,en,1,0,1,[],[],0,0,,,,,,,,,,,None
4544,anorexia eating disorder btw,5/25/2022 3:34,,en,0,0,2,[],[],0,0,,,,,,,,,,,None
4545,indian people edtwt get medicine need cheap unprescribed keep finding indian sites register phone number rupees anyone wanna help,5/24/2022 3:14,,en,0,0,1,[],[],0,0,,,,,,,,,,,Mild
4546,anybody else eva pickle mono,5/24/2022 2:01,,en,0,0,1,[],[],0,0,,,,,,,,,,,None
4547,anyone know name style skirt wanna buy one reach ugw,5/24/2022 1:54,,en,3,0,7,[],[],0,1,,,,,,,,,,,None
4548,anyone edtwt pets please drop pics esp cats birds lt love pets sm pls,5/22/2022 21:32,,en,1,0,0,[],[],0,0,,,,,,,,,,,Mild
4549,anything even sounds slightly like proana meanspo gonna another language translate risk,5/22/2022 21:31,,en,1,2,3,[],[],0,0,,,,,,,,,,,None
4550,anyway imma b bc friends r ignoring main things school sad,5/21/2022 6:37,,en,0,0,10,[],[],0,1,,,,,,,,,,,None
4551,anyways edtwt comes u search name core pinterest,5/21/2022 6:08,,en,2,6,10,[],[],0,0,,,,,,,,,,,Mild
4552,anywayss got new lw still sick fuck,5/21/2022 5:46,,en,1,0,1,[],[],0,0,,,,,,,,,,,None
4553,top friends hanjispo spearlbs yanderepuffz kairexic lmhkgs leebitdiet skzveil,5/21/2022 4:42,,en,1,0,1,[],[],0,0,,,,,,,,,,,None
4554,edtwt poll thread rt voting,5/21/2022 2:46,,en,1,0,3,[],[],0,0,,,,,,,,,,,Mild
4555,food related polls edtwt,5/21/2022 2:46,,en,2,1,4,[],[],0,0,,,,,,,,,,,Mild
4556,apparently followers eating disorders would choose eat burger,5/21/2022 2:28,,en,0,0,3,[],[],0,0,,,,,,,,,,,None
4557,arey yall seeing,5/21/2022 2:27,,en,0,0,1,[],[],0,0,,,,,,,,,,,None
4558,least know im making tomorrow,6/9/2022 3:50,,en,0,0,0,[],[],0,0,,,,,,,,,,,None
4559,lets go cafe date polls edtwt,5/24/2022 8:59,,en,0,0,0,[],[],0,0,,,,,,,,,,,Mild
4560,awake ready metab day,4/8/2022 4:59,,en,0,0,1,[],[],0,0,,,,,,,,,,,None
4561,berry joghurt dont rlly havw fear food,4/8/2022 4:43,,en,1,0,1,[],[],0,0,,,,,,,,,,,None
4562,berry literally faints also berry im okay,4/8/2022 4:33,,en,1,0,1,[],[],0,0,,,,,,,,,,,None
4563,bf casually said yeah breakfast lunch today heating dinner immediately said best anorexic gave look help,2/10/2022 11:37,,en,0,0,1,[],[],0,0,,,,,,,,,,,None
4564,bila aku dengar orang bercerai sebab pasangan dia curang aku rasa marah dan sedih lagi lagi yang ada anak kecil ni,10/22/2021 11:22,,en,0,0,1,[],[],0,0,,,,,,,,,,,None
4565,bila dengar orang ramai bercerai aku plan tak kahwin pun takpe la afford lose anybody close afford another heartbreak hurts much jom la stay single sampai mampus let plan single fun crazy rich bad bitch forever,9/7/2021 7:01,,en,0,0,0,[],[],0,0,,,,,,,,,,,None
4566,bilinguals edtwt say kill men language see evil monkey,6/24/2021 11:17,,en,0,0,1,[],[],0,0,,,,,,,,,,,Mild
4567,bitches w ednos like u go one day without starving urself morning convincing u love eat healthier go ahead binge night,5/7/2021 13:23,,en,0,0,0,[],[],0,1,,,,,,,,,,,None
4568,bitches call anorexia mental illness go keto,4/24/2021 11:47,,en,0,0,1,[],[],0,0,,,,,,,,,,,None
4569,bitches eating disorders annoying,4/24/2021 11:40,,en,1,1,2,[],[],0,1,,,,,,,,,,,None
4570,boleh tak nak doakan orang yang curang ni kena panah petir biar dia terbakar dekat dunia ni sebelum terbakar hangus dekat neraka nanti tak pun doa dia tak bahagia sampai ke sudah biar merana seumur hidup orang perangai tahi ni tak layak hidup bahagia dalam dunia ni pun,4/15/2021 17:01,,en,0,0,0,[],[],0,1,,,,,,,,,,,None
4571,boleh tak nak minta korang doakan mira boleh rehat dekat ward seminggu dua pun jadi la,4/15/2021 16:59,,en,0,0,0,[],[],0,1,,,,,,,,,,,None
4572,bollywood rohit shetty car crashing type music,1/14/2021 8:15,,en,0,0,0,[],[],0,0,,,,,,,,,,,None
4573,bored asf im gonna,11/11/2020 17:29,,en,0,0,0,[],[],0,0,,,,,,,,,,,None
4574,boys get abused boys get raped boys suicidal boys eating disorders boys commit suicide boys mental health issues boys depressed boys self harm boys cry sleep boys get cheated boys get heartbroken boys feel alone boys get judged,11/9/2020 16:29,,en,0,0,0,[],[],0,0,,,,,,,,,,,None
4575,brkfast,10/17/2020 15:34,,en,0,0,0,[],[],0,1,,,,,,,,,,,None
4576,bro fuck ill want fans want casual sex literally fuck right get edtwt fucking vulture,10/14/2020 8:23,,en,0,0,0,[],[],0,0,,,,,,,,,,,Mild
4577,bro imagine real name ana mia youre edtwt lmao,10/8/2020 13:52,,en,0,0,0,[],[],0,0,,,,,,,,,,,Mild
4578,bruh literally butthole barn haudusjshsjdjsj,8/1/2020 19:24,,en,0,0,0,[],[],0,0,,,,,,,,,,,None
4579,bruhh please,7/22/2020 17:19,,en,0,0,1,[],[],0,1,,,,,,,,,,,None
4580,btw love edtwt want moots pls rt,7/21/2020 11:56,,en,0,0,0,[],[],0,1,,,,,,,,,,,Mild
4581,btw worded wrong like someone saying starting ed idk else word sorry,7/16/2020 16:31,,en,0,0,0,[],[],0,1,,,,,,,,,,,None
4582,btw sorry dissapearing lol im like vv bad sorry,6/22/2020 9:53,,en,0,0,0,[],[],0,1,,,,,,,,,,,None
4583,btw dont know comfortable following minors consider acc eating disorders accidentally follow youre uncomfy let know,6/22/2020 9:48,,en,0,0,0,[],[],0,1,,,,,,,,,,,None
4584,bunniez r cute aa,6/4/2020 4:29,,en,0,0,0,[],[],0,0,,,,,,,,,,,None
4585,burberry swimsuits r nice wish wasnt fucking scarred everywhere could get one,6/3/2020 5:23,,en,0,0,1,[],[],0,0,,,,,,,,,,,None
4586,one explain edtwt filled one multiple monster cocks,6/3/2020 4:23,,en,1,2,12,[],[],0,0,,,,,,,,,,,Mild
4587,bye wish one nobody talks,5/30/2020 8:54,,en,0,0,0,[],[],0,0,,,,,,,,,,,None
4588,comecei dieta vo hj e esqueci q quarta aka nico dia da semana q n posso recusar janta,4/25/2020 7:54,,en,0,0,0,[],[],0,0,,,,,,,,,,,None
4589,edtwt rt older would like mutuals around age,4/20/2020 12:09,,en,0,0,0,[],[],0,1,,,,,,,,,,,Mild
4590,edtwt choose fighter,12/29/2019 4:59,,en,0,0,0,[],[],0,0,,,,,,,,,,,Mild
4591,edtwt u feel like surge popularity kpop contributed eating disorders becoming popular rt u answer pls im tryin see somethin,12/20/2019 4:43,,en,0,0,2,[],[],0,0,,,,,,,,,,,Mild
4592,edtwt doesnt want partners edtwt wants cute sanrio character weight scales,12/19/2019 19:01,,en,0,0,0,[],[],0,0,,,,,,,,,,,Mild
4593,edtwt dont attck want date n,12/19/2019 15:14,,en,0,0,0,[],[],0,0,,,,,,,,,,,Mild
4594,edtwt gonna hate white monster tastes like cough syrup,12/4/2019 10:33,,en,0,0,0,[],[],0,1,,,,,,,,,,,Mild
4595,edtwt group pic look good guys,11/24/2019 11:22,,en,0,0,0,[],[],0,0,,,,,,,,,,,Mild
4596,edtwt history either know breadboy lolita girl amelia racist melody person dont,11/20/2019 5:46,,en,0,0,0,[],[],0,0,,,,,,,,,,,Mild
4597,edtwt dog barking tv calories,11/14/2019 4:12,,en,0,0,0,[],[],0,1,,,,,,,,,,,Mild
4598,edtwt hogwarts watching hunger games together literally cutest thing ever hehe,1/18/2022 22:45,,en,0,0,0,[],[],0,0,,,,,,,,,,,Mild
4599,edtwt much getting,12/4/2021 10:17,,en,0,1,1,[],[],0,0,,,,,,,,,,,Mild
4600,edtwt begging take multivitamin,11/14/2021 4:48,,en,0,0,0,[],[],0,0,,,,,,,,,,,Mild
4601,edtwt made discord server rules rt added start dming people link starting sunday,10/20/2021 16:05,,en,0,0,8,[],[],0,0,,,,,,,,,,,Mild
4602,edtwt know always joke around yall like ed sheeran,7/8/2021 8:47,,en,0,0,1,[],[],0,0,,,,,,,,,,,Mild
4603,edtwt made meme,4/29/2021 3:40,,en,0,0,0,[],[],0,1,,,,,,,,,,,Mild
4604,edtwt need cop hating moots retweet acab,4/1/2021 11:59,,en,0,0,3,[],[],0,0,,,,,,,,,,,Mild
4605,edtwt need help might know disabled ehlers danlos syndrome pots acnes lately body failing therefore ive looking buying pair crutches suit needs came pair smartcrutches,2/8/2021 14:08,,en,0,0,1,[],[],0,0,,,,,,,,,,,Mild
4606,edtwt want know abt kpop idk start please talk,2/8/2021 14:03,,en,1,0,2,[],[],0,0,,,,,,,,,,,Mild
4607,edtwt ur rt moots need active moots r age lololol,2/5/2021 1:06,,en,0,2,8,[],[],0,1,,,,,,,,,,,Mild
4608,edtwt new want younger moots rt,1/16/2021 5:18,,en,0,0,0,[],[],0,0,,,,,,,,,,,Mild
4609,edtwt group therapy therapist,1/8/2021 15:22,,en,0,0,4,[],[],0,1,,,,,,,,,,,Mild
4610,edtwt like body want white girls tiny waists,1/5/2021 16:16,,en,1,1,19,[],[],0,1,,,,,,,,,,,Mild
4611,edtwt slowly turning shitshow cant wait mpa make comeback,1/3/2021 14:58,,en,0,0,0,[],[],0,0,,,,,,,,,,,Mild
4612,edtwt funny u could scrolling someones fatspo thread see another one posts like take care urself deserve sbfjsbdj,12/9/2020 16:30,,en,0,0,7,[],[],0,1,,,,,,,,,,,Mild
4613,edtwt safe nontoxic place someone recovery still working past disordered behaviors,12/4/2020 17:27,,en,0,0,2,[],[],0,1,,,,,,,,,,,Mild
4614,edtwt keeps replying byee going recovery,12/4/2020 17:27,,en,1,0,6,[],[],0,0,,,,,,,,,,,Mild
4615,edtwt looking food,11/19/2020 8:45,,en,0,0,8,[],[],0,1,,,,,,,,,,,Mild
4616,edtwt make urself,11/10/2020 15:17,,en,0,0,0,[],[],0,1,,,,,,,,,,,Mild
4617,edtwt may seem toxic ive never felt supported strangers life,11/9/2020 11:38,,en,1,0,0,[],[],0,0,,,,,,,,,,,Mild
4618,edtwt monster zero appreciation gc must follow dms open funny n active n cute layout lets besties rt reply join,5/20/2020 13:19,,en,1,0,0,[],[],0,0,,,,,,,,,,,Mild
4619,edtwt rt whats happening america right updating things happen summary trump supporting terrorists storming u capitol building attempt force congress stop counting electoral college votes would confirm bidens victory,4/27/2020 15:15,,en,0,0,0,[],[],0,0,,,,,,,,,,,Mild
4620,edtwt time come,4/27/2020 14:53,,en,0,0,1,[],[],0,0,,,,,,,,,,,Mild
4621,edtwt peeing every ten mins pooping month,3/28/2020 8:07,,en,0,0,0,[],[],0,0,,,,,,,,,,,Mild
4622,edtwt polls general questions n shit x,11/7/2019 14:49,,en,0,0,3,[],[],0,0,,,,,,,,,,,Mild
4623,edtwt polls distract spend day edition rt like,10/23/2019 1:43,,en,0,0,0,[],[],0,0,,,,,,,,,,,Mild
4624,edtwt polls rt u enjoyed,2/21/2019 12:01,,en,1,0,3,[],[],0,0,,,,,,,,,,,Mild
4625,edtwt random poll thread,2/9/2019 16:20,,en,1,0,1,[],[],0,0,,,,,,,,,,,Mild
4626,edtwt remember dont count cals youre valid youve never hospitalised youre valid bed youre valid youre underweight youre valid havent diagnosed youre valid high restrict youre valid,11/17/2018 6:34,,en,2,0,1,[],[],0,0,,,,,,,,,,,Mild
4627,edtwt reveluv gc rt like join active open dms idk thats think,10/30/2018 14:39,,en,1,1,1,[],[],0,0,,,,,,,,,,,Mild
4628,edtwt rt u like grocery shopping v much im tryna see sum,10/23/2018 8:51,,en,0,1,0,[],[],0,0,,,,,,,,,,,Mild
4629,edtwt rt want layout rated,10/13/2018 14:40,,en,0,0,0,[],[],0,0,,,,,,,,,,,Mild
4630,edtwt rt youre kpop stan wanna see sum,9/28/2018 13:37,,en,1,0,1,[],[],0,0,,,,,,,,,,,Mild
4631,edtwt rt ill give u monster based ur acc,9/28/2018 13:32,,en,1,0,2,[],[],0,0,,,,,,,,,,,Mild
4632,edtwt rt u live europe asia want moots closer timezone tl always dead day lt,9/7/2018 21:06,,en,0,0,1,[],[],0,0,,,,,,,,,,,Mild
4633,edtwt rt u smoke weed want stoner moots,8/5/2018 8:28,,en,1,1,1,[],[],0,0,,,,,,,,,,,Mild
4634,edtwt shade room omg revival era yass audience,7/27/2018 10:46,,en,0,0,0,[],[],0,0,,,,,,,,,,,Mild
4635,edtwt sleepover thread,7/24/2018 12:48,,en,0,0,0,[],[],0,0,,,,,,,,,,,Mild
4636,edtwt stay lying october month,7/11/2018 3:39,,en,0,0,0,[],[],0,0,,,,,,,,,,,Mild
4637,edtwt stoners rt help find weed lovers thank stay high,6/11/2022 10:26,,en,0,0,2,[],[],0,0,,,,,,,,,,,Mild
4638,edtwt tag moots dn claire wanna make claire gc lmfaoo,6/11/2022 6:45,,en,1,0,1,[],[],0,1,,,,,,,,,,,Mild
4639,edtwt tag,6/11/2022 3:28,,en,0,0,0,[],[],0,0,,,,,,,,,,,Mild
4640,edtwt reminder moisturize knees elbows please go moisturize knees elbows,6/11/2022 2:17,,en,1,0,1,[],[],0,0,,,,,,,,,,,Mild
4641,edtwt tryna take shit,6/10/2022 17:23,,en,0,0,0,[],[],0,0,,,,,,,,,,,Mild
4642,edtwt twitter poll thread inspire,6/10/2022 16:58,,en,1,0,6,[],[],0,0,,,,,,,,,,,Mild
4643,edtwt user constantly changes layout commitment issues,6/10/2022 15:31,,en,0,0,0,[],[],0,0,,,,,,,,,,,Mild
4644,edtwt user massive crush moot,6/10/2022 12:35,,en,0,0,0,[],[],0,0,,,,,,,,,,,Mild
4645,edtwt user spends much time worrying nothing,6/10/2022 12:34,,en,0,0,1,[],[],0,0,,,,,,,,,,,Mild
4646,edtwt usernames like kgs skinnycals lbs starvingpretty babydiet cmon get creative yall boring,6/10/2022 10:50,,en,1,0,6,[],[],0,0,,,,,,,,,,,Mild
4647,edtwt version last months yes yes yes yes yes yes yes yes yes yes yes yes yes yes drop emoji questions,6/10/2022 10:07,,en,1,0,0,[],[],0,1,,,,,,,,,,,Mild
4648,edtwt version last months bit yes yes yea yeah yea yea yeah haha yea yea yes yes yea yes two think drop emoji questions,6/10/2022 9:11,,en,1,0,2,[],[],0,1,,,,,,,,,,,Mild
4649,edtwt version last months yes yes yes yes sorta yes yes oh boy yes yes yes yup uh huh sorta yes really drop emoji questions,6/10/2022 7:37,,en,0,0,0,[],[],0,0,,,,,,,,,,,Mild
4650,edtwt thoughts month later,6/10/2022 7:35,,en,0,0,1,[],[],0,0,,,,,,,,,,,Mild
4651,edtwt ur pronouns go,6/10/2022 6:21,,en,0,0,0,[],[],0,0,,,,,,,,,,,Mild
4652,edtwt planning would like ur older say dead im sure want like yeah im tryna see smth,6/10/2022 4:08,,en,0,0,1,[],[],0,0,,,,,,,,,,,Mild
4653,edtwt think,6/10/2022 2:24,,en,0,0,1,[],[],0,1,,,,,,,,,,,Mild
4654,edtwt drink best,6/10/2022 2:16,,en,0,0,0,[],[],0,0,,,,,,,,,,,Mild
4655,edtwt whats ur biggest secret thats non ed related mines smutbook wattpad k reads lmao,6/9/2022 18:19,,en,0,0,1,[],[],0,0,,,,,,,,,,,Mild
4656,edtwt whats ur fave sanrio character rt voting,6/9/2022 18:18,,en,0,0,1,[],[],0,0,,,,,,,,,,,Mild
4657,edtwt whats favourite rt voting pls,6/9/2022 16:36,,en,0,0,0,[],[],0,0,,,,,,,,,,,Mild
4658,edtwt whats one song dont hear often enough call favourite fall love,6/9/2022 16:28,,en,0,0,1,[],[],0,0,,,,,,,,,,,Mild
4659,edtwt whats comfort song one mine,6/9/2022 16:25,,en,1,0,1,[],[],0,0,,,,,,,,,,,Mild
4660,edtwt someone bigger w ed ppl valid valid edtwt see random bigger tiktoker fatty ugly omg look fat u guys realize damaging people eds body type,6/9/2022 14:09,,en,1,0,3,[],[],0,0,,,,,,,,,,,Mild
4661,edtwt get long ass mirrors,6/9/2022 13:44,,en,0,0,2,[],[],0,0,,,,,,,,,,,Mild
4662,edtwt impulse shoppers waving hand medium dark skin tone,6/9/2022 9:58,,en,0,0,0,[],[],0,0,,,,,,,,,,,Mild
4663,edtwt ones ur fave,6/9/2022 8:27,,en,0,0,1,[],[],0,0,,,,,,,,,,,Mild
4664,edtwt pee neon yellow like really neon scary,6/9/2022 8:18,,en,1,0,1,[],[],0,0,,,,,,,,,,,Mild
4665,edtwt would rather thread please rt voting want,6/9/2022 7:08,,en,0,0,2,[],[],0,0,,,,,,,,,,,Mild
4666,edtwt anyone else rock without realising,6/9/2022 6:56,,en,0,0,0,[],[],0,0,,,,,,,,,,,Mild
4667,edtwt drop bingo cards comments bored,6/9/2022 6:39,,en,0,0,1,[],[],0,0,,,,,,,,,,,Mild
4668,edtwt drop bingo cards replies bored,6/9/2022 6:30,,en,1,0,1,[],[],0,0,,,,,,,,,,,Mild
4669,edtwt need tips deal unbearable self hatred oversharing drunkenly,6/9/2022 5:38,,en,0,0,0,[],[],0,0,,,,,,,,,,,Mild
4670,edtwt like youre dog person rt youre catperson comment youre wanna see sum feel free reply pictures animals bc cute,6/9/2022 5:38,,en,0,0,1,[],[],0,0,,,,,,,,,,,Mild
4671,edtwt food edition,6/8/2022 18:28,,en,1,0,1,[],[],0,0,,,,,,,,,,,Mild
4672,edtwt big foreheads right right,6/8/2022 18:26,,en,0,0,0,[],[],0,0,,,,,,,,,,,Mild
4673,edtwt genderqueer adult moots rt follow,6/8/2022 18:24,,en,0,0,1,[],[],0,0,,,,,,,,,,,Mild
4674,edtwt stop telling people emojis use challenge,6/8/2022 17:29,,en,2,0,0,[],[],0,0,,,,,,,,,,,Mild
4675,edtwt want,6/8/2022 16:22,,en,0,0,1,[],[],0,1,,,,,,,,,,,Mild
4676,eja answer jadi unser lagi mahu sound orang aku tepuk mulut pompuan eja gini dengan selipar jepun jugak jap lagi,6/8/2022 14:54,,en,0,0,0,[],[],0,0,,,,,,,,,,,None
4677,ela n presta ateno mesmo pq n tem lgica mano,6/8/2022 14:03,,en,0,0,0,[],[],0,0,,,,,,,,,,,None
4678,eu n suporto mais olhar espelho e odiar cada pedacinho de mim,6/8/2022 14:03,,en,0,0,0,[],[],0,0,,,,,,,,,,,None
4679,eu queria morrer eu aguento mais,6/8/2022 11:54,,en,3,0,0,[],[],0,1,,,,,,,,,,,None
4680,even tho didnt wanna go w im never someones first choice feels horrible want best friends someone whod care abt noone cares im sorry,6/8/2022 11:48,,en,2,0,2,[],[],0,0,,,,,,,,,,,None
4681,falling love harder love yet,6/8/2022 7:24,,en,0,2,3,[],[],0,0,,,,,,,,,,,None
4682,fatphobia fatphobic thoughts sprout eating disorders obviously aisha knew therefore created second account nobody would triggered ed mention b saddened tweets c notice fatphobic patterns,6/8/2022 7:10,,en,0,0,0,[],[],0,0,,,,,,,,,,,None
4683,finally use,6/8/2022 7:05,,en,0,0,2,[],[],0,0,,,,,,,,,,,None
4684,fodase q disse q nunca ia competir com minha namorada em questo de corpo dieta ou peso essa porra virou uma competio e eu vou ganhar,6/8/2022 7:04,,en,0,0,1,[],[],0,0,,,,,,,,,,,None
4685,everyone reports edtwt shade room rt stay day clean everyone,6/8/2022 6:46,,en,1,1,2,[],[],0,0,,,,,,,,,,,Mild
4686,ppl mentally ill extremely unhealthy edtwt take drinking water sleeping enough seriously,6/8/2022 6:44,,en,1,0,2,[],[],0,0,,,,,,,,,,,Mild
4687,real starve urself stfu,6/8/2022 6:43,,en,1,0,2,[],[],0,0,,,,,,,,,,,None
4688,sure wen ever ear options soo limited,6/8/2022 6:39,,en,5,0,6,[],[],0,0,,,,,,,,,,,None
4689,forced take shot ensure fucking nasty,6/8/2022 6:36,,en,0,0,2,[],[],0,1,,,,,,,,,,,None
4690,found reason live,6/8/2022 5:46,,en,0,0,0,[],[],0,0,,,,,,,,,,,None
4691,friendly reminder shame anyone edtwt gaining weight especially since going seasonal depression holiday months binging normal halloween thanksgiving christmas etc dont dickheads thanks,6/8/2022 4:54,,en,0,0,0,[],[],0,0,,,,,,,,,,,Mild
4692,fuck since edtwt layout awards terrible im making new one seriously wtf first one time nominated others nominate tag posts nominating others following categories,6/8/2022 2:35,,en,0,0,2,[],[],0,0,,,,,,,,,,,Mild
4693,fuck im educating oomfs force please rt edtwt dont want get mass reported dr mc tchers concept cultural appropriation thread actual indigenous person,6/8/2022 2:16,,en,1,0,11,[],[],0,0,,,,,,,,,,,Mild
4694,fuck laxatives homies hate laxatives,6/7/2022 18:59,,en,0,0,0,[],[],0,0,,,,,,,,,,,None
4695,fuck sangwoo actually idc hes dilf,6/7/2022 18:59,,en,0,0,0,[],[],0,0,,,,,,,,,,,None
4696,fuck fuck fuck fuck fuck fuck fuck fuck fuck,6/7/2022 18:58,,en,0,0,0,[],[],0,0,,,,,,,,,,,None
4697,fuck fuck fuxk fuck fuck son bitch,6/7/2022 18:15,,en,0,0,0,[],[],0,0,,,,,,,,,,,None
4698,funny people make boring depression jokes one person jokes ed demon trying lure yo becoming anorexic,6/7/2022 18:07,,en,0,0,0,[],[],0,0,,,,,,,,,,,None
4699,fyi men fetishize anorexia want control dominate let weirdo men twitter dont eds try ana coach stay away,6/7/2022 16:28,,en,0,0,0,[],[],0,1,,,,,,,,,,,None
4700,gay gang shit gay gang shit gay gang shit gay gang shit rt join cursed gc gore ed sh see evil monkey,6/7/2022 14:49,,en,0,0,7,[],[],0,0,,,,,,,,,,,None
4701,getting bs cs depression anxiety ednos insomnia sometimes straight much ask thread,6/7/2022 14:40,,en,1,0,2,[],[],0,0,,,,,,,,,,,None
4702,girll need remember drake said dont even treat good smiling,6/7/2022 14:32,,en,0,0,7,[],[],0,0,,,,,,,,,,,None
4703,giving studios flops make bad music,6/7/2022 13:36,,en,0,0,1,[],[],0,0,,,,,,,,,,,None
4704,glad twitter accounts completely unrelated one cause look pretty sometimes outfits cute fuck theres way pic getting bitches r crazy,6/7/2022 13:18,,en,0,0,7,[],[],0,0,,,,,,,,,,,None
4705,gm wish u great day x x,6/7/2022 10:22,,en,0,0,0,[],[],0,0,,,,,,,,,,,None
4706,gm sexc mutuals,6/7/2022 10:21,,en,0,0,2,[],[],0,0,,,,,,,,,,,None
4707,god fucking people chevy,6/7/2022 9:50,,en,0,0,1,[],[],0,1,,,,,,,,,,,None
4708,god ppl behind meanspo accounts really gonna regret posting hateful content turn develop empathy,6/7/2022 7:33,,en,0,0,1,[],[],0,0,,,,,,,,,,,None
4709,god im,6/6/2022 17:24,,en,1,0,1,[],[],0,0,,,,,,,,,,,None
4710,going back era everyone mothers snapchat,6/6/2022 17:14,,en,0,0,0,[],[],0,0,,,,,,,,,,,None
4711,going sleep link juicy edtwt confessions miss,6/6/2022 16:01,,en,0,0,0,[],[],0,0,,,,,,,,,,,Mild
4712,going mosque city regularly get health back keep practicing braille,6/6/2022 11:01,,en,0,0,1,[],[],0,0,,,,,,,,,,,None
4713,going tune aespa girls anyways,6/6/2022 10:59,,en,1,0,0,[],[],0,0,,,,,,,,,,,None
4714,gonna make mental note convert dollars say quid quid quid quid,6/6/2022 8:18,,en,0,0,0,[],[],0,0,,,,,,,,,,,None
4715,gonna start using acc art coding stuff making seperate acc edtwt lmao unfollow want longer edtwt acc ilyg,6/6/2022 8:02,,en,4,0,0,[],[],0,0,,,,,,,,,,,Mild
4716,gonna take shower eat coleslaw laterr yess,6/6/2022 2:37,,en,0,0,0,[],[],0,0,,,,,,,,,,,None
4717,gonna tune txt boys concert putting moa hat sorry everyone,6/5/2022 10:19,,en,0,0,1,[],[],0,0,,,,,,,,,,,None
4718,good afternoon edtwt,6/5/2022 10:14,,en,0,0,3,[],[],0,0,,,,,,,,,,,Mild
4719,good morning lets get breakfast,6/5/2022 9:55,,en,0,0,0,[],[],0,0,,,,,,,,,,,None
4720,got megan lisa megan bts tracks like wow smiling lot sorry,6/5/2022 6:02,,en,0,0,2,[],[],0,0,,,,,,,,,,,None
4721,got youu nice pick movie genre,6/4/2022 18:56,,en,0,0,0,[],[],0,1,,,,,,,,,,,None
4722,great choice weather beautiful,6/4/2022 18:48,,en,0,0,0,[],[],0,0,,,,,,,,,,,None
4723,grew day stockholm syndrome effect aespa,6/4/2022 5:02,,en,0,0,4,[],[],0,0,,,,,,,,,,,None
4724,guys dgsgs socialreject tiktok folowed ig cries,6/3/2022 12:49,,en,0,0,0,[],[],0,1,,,,,,,,,,,None
4725,guys dont respond leave u seen dont text u bc hate u pls,6/3/2022 11:54,,en,1,0,5,[],[],0,0,,,,,,,,,,,None
4726,guys im sorry overtaken hogwarts stuff today ill back usual soft edtwt bullshit tomorrow dont worry,6/3/2022 9:00,,en,0,0,1,[],[],0,0,,,,,,,,,,,Mild
4727,guys better thanksgiving food mcdonalds help idk eat tomorrow menu replies,6/3/2022 6:43,,en,0,0,0,[],[],0,0,,,,,,,,,,,None
4728,first sip monster ever last night edtwt want,6/3/2022 6:00,,en,2,0,9,[],[],0,0,,,,,,,,,,,Mild
4729,half bullying year old like shut,6/3/2022 5:47,,en,0,0,0,[],[],0,0,,,,,,,,,,,None
4730,happy birthday hope u pretty pink beautiful day ur birthday wishes may come true love u much n miss lt,6/3/2022 5:45,,en,0,0,2,[],[],0,0,,,,,,,,,,,None
4731,bed dont eat anorexia eat youre welcome,6/3/2022 5:43,,en,0,0,3,[],[],0,0,,,,,,,,,,,None
4732,crying first time weeks guilt god ever serious like deep,6/3/2022 5:02,,en,0,0,1,[],[],0,0,,,,,,,,,,,None
4733,cried lot week first time months waterworks opened shutting,6/3/2022 4:57,,en,2,0,0,[],[],0,0,,,,,,,,,,,None
4734,fasting long superiority mindset lets decide music tastes good ones arent,6/3/2022 4:55,,en,2,0,3,[],[],0,0,,,,,,,,,,,None
4735,guys ever thought maybe real proanas use proana agenda coping mechanism like ppl stockholm syndrome convince abuser good,6/3/2022 4:53,,en,1,0,1,[],[],0,0,,,,,,,,,,,None
4736,hair tied today playing hair,6/3/2022 4:49,,en,0,0,0,[],[],0,0,,,,,,,,,,,None
4737,finnee ill sad hes mask fisher,6/3/2022 4:47,,en,2,0,4,[],[],0,0,,,,,,,,,,,None
4738,might girlfriend voted picture photography,6/2/2022 17:23,,en,0,0,5,[],[],0,0,,,,,,,,,,,None
4739,verge bankruptcy wait years picked wdym everyone work hard give,6/2/2022 15:42,,en,0,0,1,[],[],0,1,,,,,,,,,,,None
4740,hes white guy blue eyes double homicide,6/2/2022 14:11,,en,0,0,1,[],[],0,0,,,,,,,,,,,None
4741,heard ed tumbler lurked,6/2/2022 12:19,,en,0,0,3,[],[],0,0,,,,,,,,,,,None
4742,hello bad bitches polls please rt voting,6/2/2022 12:17,,en,4,0,3,[],[],0,0,,,,,,,,,,,None
4743,hello hello edtwt pls interact easy replies tho,6/2/2022 12:16,,en,0,0,1,[],[],0,0,,,,,,,,,,,Mild
4744,hello im marlowe im new shtwt lets friends pls comment rt mutuals lt edtwt okay u shing abt years dms always open feel free dm abt anything would rlly love get know yall,6/2/2022 10:04,,en,1,1,7,[],[],0,0,,,,,,,,,,,Mild
4745,hello sexy people polls please rt voting,6/2/2022 8:42,,en,0,0,5,[],[],0,0,,,,,,,,,,,None
4746,hello u invalidate eating disorders bed anorexia bulimia etc pls block want see dummies timeline,6/2/2022 5:53,,en,0,0,0,[],[],0,0,,,,,,,,,,,None
4747,help fuck jiust said arethe best anorexic joke mum,6/2/2022 4:27,,en,1,1,11,[],[],0,0,,,,,,,,,,,None
4748,help got mail twitter ive violated russian federation laws wtf helpp,6/2/2022 4:26,,en,1,1,0,[],[],0,1,,,,,,,,,,,None
4749,help guys,6/1/2022 17:49,,en,0,0,0,[],[],0,0,,,,,,,,,,,None
4750,heres poetry edtwt,6/1/2022 17:48,,en,0,0,0,[],[],0,0,,,,,,,,,,,Mild
4751,heres daily reminder interact youre edtwt account,6/1/2022 17:43,,en,0,0,1,[],[],0,0,,,,,,,,,,,Mild
4752,heres little reminder think anorexia eating disorder exists lt,6/1/2022 17:00,,en,0,0,3,[],[],0,0,,,,,,,,,,,None
4753,hes posted four tweets tf even going,6/1/2022 11:14,,en,0,0,1,[],[],0,0,,,,,,,,,,,None
4754,hey youre apart edtwt shtwt pls vote srs,6/1/2022 7:41,,en,0,0,0,[],[],0,0,,,,,,,,,,,Mild
4755,hey edtwt pls interact u like kpop anime w cats,5/31/2022 13:10,,en,0,1,3,[],[],0,1,,,,,,,,,,,Mild
4756,hey edtwt uh need moots gore fatphobia tho please rt,5/31/2022 12:52,,en,0,0,0,[],[],0,0,,,,,,,,,,,Mild
4757,hey edtwt kind worm r u,5/31/2022 12:52,,en,1,0,2,[],[],0,1,,,,,,,,,,,Mild
4758,hey edtwt laugh,5/31/2022 6:35,,en,0,0,1,[],[],0,0,,,,,,,,,,,Mild
4759,hey edtwt retweet help find moots smiling face heart eyes,5/31/2022 6:33,,en,0,0,0,[],[],0,0,,,,,,,,,,,Mild
4760,hey guys x x ill b taking little break social media focus mental health since got rlly bad past weeks hope u understand pls try take care urselfs lt,5/31/2022 4:49,,en,0,0,0,[],[],0,1,,,,,,,,,,,None
4761,hey guys im actually schlatt im lily schlatt edtwt dick balls eh see im schlatt lily,5/30/2022 18:39,,en,0,0,0,[],[],0,0,,,,,,,,,,,Mild
4762,hey guys wanted give advice anorexia eat bed stop eating simple hope helps,5/30/2022 15:44,,en,0,0,0,[],[],0,0,,,,,,,,,,,None
4763,hey hot stuff polls please rt voting,5/30/2022 14:08,,en,1,0,4,[],[],0,0,,,,,,,,,,,None
4764,hey ur edtwt pls rt help em find moots,5/30/2022 12:59,,en,0,0,0,[],[],0,0,,,,,,,,,,,Mild
4765,hey im kinda new im jet minor kinnie rt moots,5/30/2022 12:33,,en,10,0,11,[],[],0,0,,,,,,,,,,,None
4766,hey new rt friends moots,5/30/2022 8:14,,en,0,0,8,[],[],0,0,,,,,,,,,,,None
4767,hey mais cette personne est malade elle bloque tout le monde mfiez vous elle de,5/30/2022 3:21,,en,1,0,1,[],[],0,0,,,,,,,,,,,None
4768,hey never apologize edtwt sad safe place right feel emotions feel need put fake image happy place let true emotions valid,5/30/2022 2:31,,en,1,0,0,[],[],0,0,,,,,,,,,,,Mild
4769,hey im new edtwt new ed pro recovery dni shtwt,5/30/2022 2:16,,en,0,0,0,[],[],0,0,,,,,,,,,,,Mild
4770,hey im new edtwt new ed pro recovery dni shtwt,5/30/2022 2:14,,en,0,0,2,[],[],0,0,,,,,,,,,,,Mild
4771,hey edtwt people starting pro ana faking pro ana normal telling people faking going motivate go integrate disordered eating deeper mind,5/30/2022 1:54,,en,0,0,4,[],[],0,1,,,,,,,,,,,Mild
4772,heyy yall know edtiktok mf wanting raid edtwt,5/30/2022 1:36,,en,1,0,1,[],[],0,0,,,,,,,,,,,Mild
4773,heyy name starts j youre th hour youre junior bro im single dont know though,5/29/2022 18:35,,en,0,0,0,[],[],0,0,,,,,,,,,,,None
4774,heyy know fatspo meanspo like ends tl know haha well,5/29/2022 15:25,,en,1,0,1,[],[],0,0,,,,,,,,,,,None
4775,heyy,5/29/2022 14:35,,en,2,0,1,[],[],0,0,,,,,,,,,,,None
4776,hi im new ed twt rt mutuals perish,5/29/2022 12:11,,en,1,0,1,[],[],0,0,,,,,,,,,,,None
4777,hi thanks love fkkskdks want make another interactive thread reply recommendations please,5/29/2022 12:05,,en,0,0,0,[],[],0,0,,,,,,,,,,,None
4778,hi anyone wanna watch movie netfiix p rty,5/29/2022 12:05,,en,2,0,4,[],[],0,0,,,,,,,,,,,None
4779,hi downloaded douyin reply peoples account codes usernames follow pls,5/29/2022 10:48,,en,9,0,24,[],[],0,0,,,,,,,,,,,None
4780,hi jhjdhj created carrd aah good yea,5/29/2022 8:16,,en,4,0,10,[],[],0,0,,,,,,,,,,,None
4781,hi pls follow,5/28/2022 8:39,,en,2,0,3,[],[],0,0,,,,,,,,,,,None
4782,hi new ed twt rlly sure works mostly using kind diary rt moots,5/28/2022 8:27,,en,1,0,1,[],[],0,0,,,,,,,,,,,None
4783,hi stop gatekeeping fucking anorexia youre still anorexic eat calories day youre still anorexic youre underweight youre still anorexic youre guy anorexia white girls weigh lbs eat cals day,5/28/2022 8:25,,en,1,0,1,[],[],0,0,,,,,,,,,,,None
4784,hi ed twt pls retweet need moots lt,5/28/2022 8:17,,en,0,1,1,[],[],0,0,,,,,,,,,,,None
4785,hi edtwt took,5/28/2022 8:15,,en,1,0,1,[],[],0,0,,,,,,,,,,,Mild
4786,hi edtwt im making gcs based mbtis lt rules send ur mbti dont bitch dont let die rt,5/28/2022 8:11,,en,1,0,0,[],[],0,0,,,,,,,,,,,Mild
4787,hi edtwt jdkskska thread check uwu,5/27/2022 9:40,,en,0,0,3,[],[],0,1,,,,,,,,,,,Mild
4788,hi im new ive accounts im back summer skinny hehe minor rt help find moots lt,5/27/2022 7:27,,en,0,0,7,[],[],0,0,,,,,,,,,,,None
4789,hi u see pls follow new acc,5/27/2022 6:54,,en,1,0,4,[],[],0,0,,,,,,,,,,,None
4790,hi ur still followinf follow,5/27/2022 6:41,,en,0,0,0,[],[],0,0,,,,,,,,,,,None
4791,hi im new rt like become mutuals,5/27/2022 6:33,,en,2,0,7,[],[],0,0,,,,,,,,,,,None
4792,hi please rt like looking mutuals feel lonely almost edtwt please help,5/26/2022 12:40,,en,0,0,4,[],[],0,0,,,,,,,,,,,Mild
4793,hi please get little bit motivation,5/26/2022 10:10,,en,1,0,0,[],[],0,0,,,,,,,,,,,None
4794,hi rt u edtwt follow pls,5/26/2022 7:35,,en,3,0,13,[],[],0,0,,,,,,,,,,,Mild
4795,hi im rose im new ed twt n want mutuals lt yo live midwest p lesbian xoxo,5/26/2022 7:31,,en,1,0,2,[],[],0,0,,,,,,,,,,,None
4796,hi im owen im im new ed twitter dont know much dont want meanspo toxic stuff etc im looking mutuals im open casual friendships tambin hablo espaol okay thats rt mutuals nice meet,5/26/2022 3:58,,en,0,0,0,[],[],0,0,,,,,,,,,,,None
4797,hi created friendship application form want friends use link,5/26/2022 3:58,,en,1,0,1,[],[],0,0,,,,,,,,,,,None
4798,hi im new edtwt shtwt made new acc looking mutuals name leo preferred pronouns dont mind love music art rt mutuals,5/26/2022 3:35,,en,1,0,7,[],[],0,0,,,,,,,,,,,Mild
4799,hi looking friends jhjdh created friendship form ill message everyone completes heres link,5/26/2022 3:02,,en,0,0,1,[],[],0,0,,,,,,,,,,,None
4800,hii created discord server lt necessarily eds theres also academic gaming channel etc little bit everything heres link join,5/25/2022 19:04,,en,4,0,9,[],[],0,0,,,,,,,,,,,None
4801,hii anyone subliminal creators trust rlly affective,5/25/2022 19:03,,en,0,0,0,[],[],0,0,,,,,,,,,,,None
4802,hii ive lurking shtwt finally joining lol like rt mutuals minor girl liker lol locals pls edtwt follow dont follow post images sh always tagged mentions sh wont,5/25/2022 19:00,,en,0,0,1,[],[],0,0,,,,,,,,,,,Mild
4803,hii made group chat rt join lt,5/25/2022 18:59,,en,0,0,0,[],[],0,0,,,,,,,,,,,None
4804,hii could please reply photos coffee shop places found pinterest places even took,5/25/2022 18:40,,en,4,0,4,[],[],0,0,,,,,,,,,,,None
4805,hii im new edtwt pls rt help find moots,5/25/2022 14:56,,en,0,0,3,[],[],0,0,,,,,,,,,,,Mild
4806,hii im looking moots star struck pls interact bump already moots meanspo fatphobia ignorance general pls,5/25/2022 14:44,,en,0,0,2,[],[],0,0,,,,,,,,,,,None
4807,hii im new edtwt pls like rt ppl follow uwu,5/25/2022 14:41,,en,0,0,3,[],[],0,0,,,,,,,,,,,Mild
4808,hoes asking meanspo got whole ass mirror,5/25/2022 14:28,,en,0,0,9,[],[],0,0,,,,,,,,,,,None
4809,homemade vegetable ramen backhand index pointing right medium light skin tone backhand index pointing left medium light skin tone okay know lot,5/25/2022 14:27,,en,0,0,0,[],[],0,0,,,,,,,,,,,None
4810,honestly makes mad yall feel like u right invalidate ppl ed almost club rather disorder yeah take best anorexic card go,5/25/2022 9:41,,en,0,2,4,[],[],0,0,,,,,,,,,,,None
4811,hopefully shows first someones tl keep scrolling edtwt extremely triggering rn please get away need spend today things u love u deserve happy love u heres free serotonin,5/25/2022 9:36,,en,1,0,2,[],[],0,0,,,,,,,,,,,Mild
4812,horny h rny horny h word time every scroll account turn brightness oh god edtwt nsfwtwt,5/25/2022 8:39,,en,1,5,18,[],[],0,0,,,,,,,,,,,Mild
4813,gonna overweight anorexic bisexual girl male lean pick invalid struggle babe,5/25/2022 8:34,,en,0,0,0,[],[],0,1,,,,,,,,,,,None
4814,gna say well im fatphobic fat people unhealthy make bonespo threads lmao bye,5/25/2022 8:30,,en,0,0,5,[],[],0,1,,,,,,,,,,,None
4815,come edtwt good bakers like wtf gonna eat,5/25/2022 8:16,,en,0,0,0,[],[],0,1,,,,,,,,,,,Mild
4816,manage fail many attempts year hh pls cant even right lt,5/25/2022 8:11,,en,0,0,4,[],[],0,0,,,,,,,,,,,None
4817,new ppl edtwt gain followers moots fast omg want moots,3/25/2018 2:43,,en,0,0,0,[],[],0,0,,,,,,,,,,,Mild
4818,edtwt get many steps u going,3/25/2018 2:32,,en,1,0,1,[],[],0,0,,,,,,,,,,,Mild
4819,bitches know people anorexia overweight healthy weight know anything disorder,2/24/2018 16:33,,en,1,0,1,[],[],0,0,,,,,,,,,,,None
4820,pronounce edtwt head say ee dee twit,2/22/2018 8:06,,en,0,0,0,[],[],0,0,,,,,,,,,,,Mild
4821,dumb think everyone ed twt anorexia,12/29/2017 12:18,,en,0,1,26,[],[],0,0,,,,,,,,,,,None
4822,hard edtwt ugw take advice,12/14/2017 18:36,,en,0,0,1,[],[],0,0,,,,,,,,,,,Mild
4823,tf romanticize bulimia way throws breakfast makes horny shit,11/26/2017 12:59,,en,0,0,3,[],[],0,0,,,,,,,,,,,None
4824,fuck anorexia real ahaha eat,11/22/2017 1:48,,en,1,0,2,[],[],0,0,,,,,,,,,,,None
4825,statistical reports anorexia diagnoses straight upper class white girls seeing majority people color lgbt lower class really makes wonder inaccessibility mental health resources diagnosis bias sways doctors,11/19/2017 3:36,,en,0,0,4,[],[],0,0,,,,,,,,,,,None
4826,yall think adults edtwt age,11/9/2017 7:47,,en,0,0,8,[],[],0,1,,,,,,,,,,,Mild
4827,hoyeon jung squid game star reveals recent interview vogue korea lately shes obsessed chaos chapter freeze tommorow together think something world needs right whenever listen mood changes better,11/2/2017 8:31,,en,0,0,1,[],[],0,0,,,,,,,,,,,None
4828,accidentally put bday year earlier bad date acc reason rt help find moots,11/2/2017 8:31,,en,0,0,0,[],[],0,0,,,,,,,,,,,None
4829,actually like short like skinny id look way petite tall skinny person,10/25/2017 6:40,,en,0,0,1,[],[],0,0,,,,,,,,,,,None
4830,also want hot chocolate tbh im period biggest craving sweet stuff chocolate godd,10/22/2017 9:54,,en,0,0,13,[],[],0,0,,,,,,,,,,,None
4831,woman raising hand medium dark skin tone excuses,10/14/2017 6:41,,en,0,1,23,[],[],0,0,,,,,,,,,,,None
4832,constantly refreshing edtwt tag hype ppl give safe encouraging tips feel like mother,10/11/2017 12:12,,en,0,0,5,[],[],0,0,,,,,,,,,,,Mild
4833,asking mutuals edtwt rt moots flops u didnt see,10/10/2017 8:50,,en,0,0,0,[],[],0,0,,,,,,,,,,,Mild
4834,reading replies thank u sm replying lt,10/10/2017 3:50,,en,0,0,14,[],[],0,0,,,,,,,,,,,None
4835,thing keeping edtwt alive tweets carry app,10/5/2017 6:39,,en,0,0,0,[],[],0,0,,,,,,,,,,,Mild
4836,bet british ppl ednos like eyy deyy twi ah,10/4/2017 7:03,,en,0,0,7,[],[],0,1,,,,,,,,,,,None
4837,cant one stalked edtwt joining,6/11/2022 5:04,,en,0,0,0,[],[],0,1,,,,,,,,,,,Mild
4838,cant stress enough edtwt shtwt please put bio even tho two close theyre different things everybody wants see sh content without knowing,6/11/2022 4:46,,en,0,0,3,[],[],0,1,,,,,,,,,,,Mild
4839,changed bc dont get lot interactions yk,6/11/2022 4:38,,en,0,0,0,[],[],0,1,,,,,,,,,,,None
4840,coudlve athena,6/9/2022 20:39,,en,1,0,1,[],[],0,0,,,,,,,,,,,None
4841,dont like either okay sobs internally,6/9/2022 14:25,,en,0,0,1,[],[],0,0,,,,,,,,,,,None
4842,dont think ive ever seen single ugly person edtwt,6/9/2022 11:28,,en,0,0,1,[],[],0,0,,,,,,,,,,,Mild
4843,dont trust bitches use edtwt everything post,6/9/2022 11:20,,en,2,1,7,[],[],0,0,,,,,,,,,,,Mild
4844,dont want cs js reaching thanks,6/9/2022 9:05,,en,0,0,2,[],[],0,0,,,,,,,,,,,None
4845,feel like im giving much berries creams today,6/8/2022 19:20,,en,0,0,0,[],[],0,0,,,,,,,,,,,None
4846,feel like life falling apart meet million different people college see even fucking graduate suck failure living anymore,6/8/2022 18:33,,en,0,0,1,[],[],0,0,,,,,,,,,,,None
4847,feel ugly hardly post random anyways feel like ive made progress like im stagnant progress rn frustrating,6/8/2022 9:55,,en,0,0,1,[],[],0,0,,,,,,,,,,,None
4848,feel weird rn reason dont mean like pain somethn every time look around everything weird,6/8/2022 9:53,,en,0,1,1,[],[],0,0,,,,,,,,,,,None
4849,find funny people get pressed interactions edtwt like babe deep,6/8/2022 9:45,,en,1,1,1,[],[],0,0,,,,,,,,,,,Mild
4850,forgot say happy birthday love unconditionally lt,6/4/2022 6:23,,en,7,0,4,[],[],0,0,,,,,,,,,,,None
4851,found lgbtq girl japanese edtwt,6/3/2022 18:32,,en,1,0,6,[],[],0,0,,,,,,,,,,,Mild
4852,got sick second vaccination swallowing anything feels like im inhaling broken glass feel weak fuck eating less alr lost weight fucking hate feel kinda want last little ill lose,6/3/2022 14:54,,en,1,0,1,[],[],0,0,,,,,,,,,,,None
4853,got work,6/11/2022 0:24,,en,0,2,8,[],[],0,0,,,,,,,,,,,None
4854,alcohol poisoning last night guess alcohol poisoning really count bc threw lol,6/10/2022 23:29,,en,1,0,0,[],[],0,0,,,,,,,,,,,None
4855,hate myslef much andi miss mu ex bad,6/10/2022 23:04,,en,0,4,15,[],[],0,1,,,,,,,,,,,None
4856,hate im jealous hate hate hate hate hate hate,6/10/2022 8:50,,en,0,0,11,[],[],0,0,,,,,,,,,,,None
4857,hate think imm close oomf wake bffs w someone else like thought smt special,6/10/2022 7:17,,en,1,1,12,[],[],0,0,,,,,,,,,,,None
4858,hate people casually use phrase slightly anorexic,6/9/2022 23:20,,en,1,2,12,[],[],0,1,,,,,,,,,,,None
4859,hav nothing better might wel exercise,6/9/2022 7:19,,en,1,1,7,[],[],0,0,,,,,,,,,,,None
4860,hav rlly seen zero skz content mean,6/9/2022 3:35,,en,0,1,13,[],[],0,0,,,,,,,,,,,None
4861,admired work long time exception,6/8/2022 23:10,,en,0,6,33,[],[],0,1,,,,,,,,,,,None
4862,never listened kpop honestly know nothing somehow makes feel fake edtwt,6/8/2022 10:05,,en,0,6,13,[],[],0,0,,,,,,,,,,,Mild
4863,irls apart mom older brother lil sisters zero twitter,6/8/2022 6:12,,en,0,0,8,[],[],0,1,,,,,,,,,,,None
4864,assume shes joking pleaserhfhdhe,6/8/2022 4:11,,en,0,0,3,[],[],0,0,,,,,,,,,,,None
4865,jus realized ppl edtwt dont know ab reginas,6/8/2022 2:00,,en,0,2,6,[],[],0,0,,,,,,,,,,,Mild
4866,camt get away j names,6/7/2022 23:28,,en,0,2,20,[],[],0,1,,,,,,,,,,,None
4867,deleted tweet dealing shit,6/7/2022 8:44,,en,1,1,9,[],[],0,0,,,,,,,,,,,None
4868,found yall eating disorders eat hard,6/7/2022 7:46,,en,0,4,7,[],[],0,0,,,,,,,,,,,None
4869,sent application transfer colleges something ive wanted since first week freshman year please please please let work,6/7/2022 7:14,,en,0,1,7,[],[],0,0,,,,,,,,,,,None
4870,keep forgetting im lactose,6/6/2022 23:19,,en,0,3,23,[],[],0,1,,,,,,,,,,,None
4871,know im ia thsi account yall break arm make seem like mistake pls help srs,6/6/2022 7:19,,en,0,1,7,[],[],0,0,,,,,,,,,,,None
4872,know edtwt everything people struggling things might know resources ill leave,6/5/2022 20:35,,en,0,5,17,[],[],0,0,,,,,,,,,,,Mild
4873,love besties edtwt get happy called bestie,6/5/2022 12:02,,en,0,0,6,[],[],0,0,,,,,,,,,,,Mild
4874,love choice dont shower pick bathroom,6/5/2022 6:52,,en,0,3,14,[],[],0,0,,,,,,,,,,,None
4875,love lets choose place watch,6/4/2022 10:49,,en,0,2,5,[],[],0,0,,,,,,,,,,,None
4876,made phat ass oatmeal bowl sister u cant even see oats omds,6/4/2022 6:55,,en,1,0,4,[],[],0,0,,,,,,,,,,,None
4877,may drink whole thing,6/4/2022 2:01,,en,0,0,0,[],[],0,0,,,,,,,,,,,None
4878,mean insist,6/3/2022 23:27,,en,0,2,17,[],[],0,1,,,,,,,,,,,None
4879,met really cool girl yesterday baggy shirt could hide body asked like white monster deadass said yeah pink one sure edtwt pls rt might see girl red dress,6/3/2022 9:10,,en,0,2,10,[],[],0,0,,,,,,,,,,,Mild
4880,miss july august edtwt could bully people peace,6/3/2022 6:53,,en,2,2,20,[],[],0,0,,,,,,,,,,,Mild
4881,need friends follow dm please,6/2/2022 23:05,,en,0,2,19,[],[],0,1,,,,,,,,,,,None
4882,need edtwt moots please rt like,6/30/2020 6:25,,en,0,0,4,[],[],0,1,,,,,,,,,,,Mild
4883,need motivation,6/26/2020 4:13,,en,0,0,1,[],[],0,0,,,,,,,,,,,None
4884,need new moots say sumn lost majority cause inactive im back,6/20/2020 1:23,,en,0,0,2,[],[],0,0,,,,,,,,,,,None
4885,need upload one picture pinterest im hot,6/19/2020 5:27,,en,0,0,1,[],[],0,0,,,,,,,,,,,None
4886,prefer edtwt compared personal least lot interact talk upside face,6/16/2020 2:12,,en,0,1,2,[],[],0,0,,,,,,,,,,,Mild
4887,promise one wants meanspo tl today,6/10/2020 22:23,,en,0,0,1,[],[],0,0,,,,,,,,,,,None
4888,read n write spanish level year old actually funny,6/10/2020 21:29,,en,0,0,0,[],[],0,0,,,,,,,,,,,None
4889,see exact hit tweets edtwt every three months istg,6/9/2020 5:38,,en,0,0,4,[],[],0,0,,,,,,,,,,,Mild
4890,slipped many times embarrassed literally jus wiped middle street,6/9/2020 5:35,,en,0,1,4,[],[],0,0,,,,,,,,,,,None
4891,spent ah lot time making dream fridge pls,6/9/2020 0:41,,en,0,0,3,[],[],0,0,,,,,,,,,,,None
4892,stepped house n immediately fell stairs,6/8/2020 5:02,,en,1,0,1,[],[],0,0,,,,,,,,,,,None
4893,still cannot process song iz exactly feel always,6/7/2020 19:47,,en,0,0,4,[],[],0,0,,,,,,,,,,,None
4894,strongly recommend reading tweet educated made feel much better,6/7/2020 3:43,,en,0,1,6,[],[],0,0,,,,,,,,,,,None
4895,swear everyone edtwt real name fake name im tripping,6/6/2020 20:51,,en,1,0,1,[],[],0,0,,,,,,,,,,,Mild
4896,swear theres average weight people edtwt yall either underweight overweight,6/6/2020 4:24,,en,1,0,0,[],[],0,0,,,,,,,,,,,Mild
4897,think might girlboss bit close sun,6/6/2020 4:21,,en,1,0,0,[],[],0,0,,,,,,,,,,,None
4898,think need find used trampoline pros cons kills time might fun expensive great exercise fresh air literal hours entertainment helps calm adhd,6/6/2020 3:34,,en,1,0,0,[],[],0,0,,,,,,,,,,,None
4899,think ill go coffee shop weekend cake study work assignments,6/6/2020 3:15,,en,0,0,0,[],[],0,0,,,,,,,,,,,None
4900,think im interested guy bc partner said longer want talk least bit thjs coping,6/6/2020 3:11,,en,1,0,0,[],[],0,0,,,,,,,,,,,None
4901,think disappeared tomorrow universe really notice,6/6/2020 2:53,,en,2,0,1,[],[],0,0,,,,,,,,,,,None
4902,think edtwt cat admin offline,1/7/2022 18:23,,en,0,0,0,[],[],0,1,,,,,,,,,,,Mild
4903,think might sign stop liking white guy,1/7/2022 18:21,,en,0,0,0,[],[],0,1,,,,,,,,,,,None
4904,thought someone might appreciate,6/9/2022 14:19,,en,0,0,1,[],[],0,1,,,,,,,,,,,None
4905,wanna follow people edtwt like retweet follow ignore flops,5/31/2022 10:26,,en,0,0,1,[],[],0,1,,,,,,,,,,,Mild
4906,wanna follow lgbt ed accs could yall rt yall lgbt edtwt,5/12/2022 4:40,,en,0,0,0,[],[],0,0,,,,,,,,,,,Mild
4907,wanna make small ed gc actual close friends ok like friends n hype others tweets besties uk anyone interested,4/28/2022 11:17,,en,0,0,1,[],[],0,0,,,,,,,,,,,None
4908,wanna make edtwt gc ppl europe jfjfkgkg bc timezoones,4/20/2022 4:14,,en,0,0,1,[],[],0,0,,,,,,,,,,,Mild
4909,want make friends making gc need follow ur dm open added reblog added,3/14/2022 13:33,,en,0,0,0,[],[],0,1,,,,,,,,,,,None
4910,abt realised dream appearance,3/4/2022 10:40,,en,0,0,2,[],[],0,0,,,,,,,,,,,None
4911,listening left brain right brain mom walked said like oreos pussy rest peace,3/3/2022 5:04,,en,0,0,1,[],[],0,0,,,,,,,,,,,None
4912,personally go everyone edtwt house deep condition hair,2/3/2022 5:41,,en,0,0,0,[],[],0,0,,,,,,,,,,,Mild
4913,wnat take pic w cardi b inside cardigan,2/3/2022 4:20,,en,0,0,0,[],[],0,0,,,,,,,,,,,None
4914,wonder many ppl edtwt died nobody knows werent alive say hey guys died,12/19/2021 10:53,,en,0,0,0,[],[],0,0,,,,,,,,,,,Mild
4915,would like extensive study brains people lie clout edtwt,12/13/2021 4:59,,en,0,0,2,[],[],0,1,,,,,,,,,,,Mild
4916,id fr walk plastic surgeons office put whole trust let thing,10/21/2021 12:08,,en,0,0,1,[],[],0,0,,,,,,,,,,,None
4917,id problem cutting irl friends would literally take bullet edtwt moots ive known days,9/15/2021 23:11,,en,0,0,4,[],[],0,1,,,,,,,,,,,Mild
4918,im almost certain cramps period cramps lord give strength kill wake find ive started period,9/15/2021 10:37,,en,0,0,4,[],[],0,1,,,,,,,,,,,None
4919,im confused singing attract aliens,8/20/2021 7:27,,en,0,0,4,[],[],0,0,,,,,,,,,,,None
4920,im going bed goodnight thank u playing im planning follow lt end thread stay safe drink water,7/13/2021 11:07,,en,0,0,1,[],[],0,0,,,,,,,,,,,None
4921,im new rt moots lt,6/26/2021 12:35,,en,0,0,7,[],[],0,1,,,,,,,,,,,None
4922,im ren kinda new im like anime manga also draw photography rt mutuals,6/26/2021 8:26,,en,0,0,0,[],[],0,1,,,,,,,,,,,None
4923,im sick misconceptions around eating disorders anorexics eat yes wow every person ed underweight every ed restrictive die non restrictive ed weight severity purge bulimic,6/1/2021 13:40,,en,0,0,7,[],[],0,1,,,,,,,,,,,None
4924,im sorry youre giving meanspo make typo dont take seriously,4/26/2021 11:45,,en,0,1,1,[],[],0,0,,,,,,,,,,,None
4925,ive crying stupid stuff im bed crying reason feel better ive talked parents time also still cant stop crying,6/9/2022 23:32,,en,0,0,0,[],[],0,0,,,,,,,,,,,None
4926,ive losing many followers since put blm name wtf racist edtwt go eat rice cake stfu,6/9/2022 23:29,,en,0,0,2,[],[],0,0,,,,,,,,,,,Mild
4927,ive decided turn ed account bit sexual stuff,6/9/2022 23:28,,en,0,0,3,[],[],0,0,,,,,,,,,,,None
4928,ive entered seasonal depression wanted let anyone reading know ive n might b active b cant let yall go akai lt,6/8/2022 23:22,,en,4,3,55,[],[],0,0,,,,,,,,,,,None
4929,ive really crappy mental health day im kidding u say look exactly like,6/8/2022 23:14,,en,0,0,1,[],[],0,0,,,,,,,,,,,None
4930,ive lurked edtwt much go ahead make acc lmao,6/8/2022 21:44,,en,1,0,0,[],[],0,0,,,,,,,,,,,Mild
4931,ich schreib heutw nwt und weiss nuch deann kommt er meinte es kommt einf alles drann und ich bin eh scjeisse dem thema icj vwrrd gar nicjts hin kriegen,6/8/2022 21:13,,en,9,4,114,[],[],0,1,,,,,,,,,,,None
4932,idc youre proana invalidating peoples mental health issues dont act like cunts cover dont want get fat actually soft edtwt still place people real eating disorders really need shut tuna mouth,6/6/2022 1:31,,en,1,1,20,[],[],0,0,,,,,,,,,,,Mild
4933,idg people attacking nice girl someone found happiness faith used save smth killing amazing work u okay jus move b happy okay,6/6/2022 0:04,,en,0,0,8,[],[],0,0,,,,,,,,,,,None
4934,idk talking,6/5/2022 7:54,,en,1,0,0,[],[],0,0,,,,,,,,,,,None
4935,idk year old needs hear anorexia ed people binge eating disorders gross anorexics better people fat shaming people,6/5/2022 4:45,,en,0,0,1,[],[],0,0,,,,,,,,,,,None
4936,idk ate youd swear full lax omg idk whats going,6/4/2022 23:30,,en,0,2,2,[],[],0,1,,,,,,,,,,,None
4937,idk u mfs expect decide investigate us like crime scene think gonna happen,6/4/2022 19:10,,en,0,1,5,[],[],0,0,,,,,,,,,,,None
4938,idk needs hear youre failure ed anorexia promise,6/4/2022 8:10,,en,2,0,38,[],[],0,0,,,,,,,,,,,None
4939,idk needs hear meanspo proana u make meanspo thread proana pro thats,6/1/2022 19:42,,en,1,1,5,[],[],0,1,,,,,,,,,,,None
4940,idk theyre called ignorant racism,6/1/2022 6:21,,en,1,0,12,[],[],0,0,,,,,,,,,,,None
4941,fuck,5/31/2022 5:35,,en,0,0,9,[],[],0,0,,,,,,,,,,,None
4942,hav partner chances r tht wouldve met acc anyway yeah,5/30/2022 22:29,,en,1,0,24,[],[],0,0,,,,,,,,,,,None
4943,get fake confessed one goddamn time,5/29/2022 4:20,,en,4,5,137,[],[],0,0,,,,,,,,,,,None
4944,one day parents end finding edtwt account ill say ed sheeran stan acc,5/29/2022 4:13,,en,4,6,126,[],[],0,0,,,,,,,,,,,Mild
4945,allowed cut n dye hair,5/29/2022 0:43,,en,1,0,1,[],[],0,0,,,,,,,,,,,None
4946,people truly understood eating disorders horrific toll take diet culture talk would banned schools athletics children media medical offices without,5/28/2022 21:12,,en,0,0,14,[],[],0,0,,,,,,,,,,,None
4947,homestucks shtwt edtwt retweet reply im curious,5/28/2022 20:45,,en,0,4,22,[],[],0,0,,,,,,,,,,,Mild
4948,u anorexia dont lol,5/28/2022 4:59,,en,0,1,8,[],[],0,1,,,,,,,,,,,None
4949,u invalidate claim anorexia without knowing please favor jump ur nearest cliff rather sl wrists associate,5/28/2022 4:38,,en,0,0,9,[],[],0,1,,,,,,,,,,,None
4950,u shame people edtwt counting calories birthdays im gonna assume never get invited parties,5/28/2022 4:33,,en,0,0,9,[],[],0,1,,,,,,,,,,,Mild
4951,u want ed u already disordered thoughts beg u leave edtwt rn u avoid making thoughts stronger srs,5/27/2022 22:41,,en,0,2,11,[],[],0,0,,,,,,,,,,,Mild
4952,ur igbt ed twt interact tweet pls,5/27/2022 22:38,,en,1,4,25,[],[],0,1,,,,,,,,,,,None
4953,ur overweight obese n edtwt ur valid love u muah muah cmere gimme kiss,5/23/2022 22:44,,en,0,0,0,[],[],0,0,,,,,,,,,,,Mild
4954,ur proana unfollow rn,5/23/2022 21:45,,en,1,5,86,[],[],0,1,,,,,,,,,,,None
4955,assume everyone anorexia news u,5/23/2022 20:39,,en,0,0,1,[],[],0,0,,,,,,,,,,,None
4956,dont recognise anorexia weight please unfollow,5/20/2022 20:00,,en,0,1,11,[],[],0,0,,,,,,,,,,,None
4957,ednos bed bullimia valid pls dont let asshole tell otherwise,5/20/2022 17:00,,en,1,3,39,[],[],0,0,,,,,,,,,,,None
4958,invalidate bed binge eating disorders deserve fall worst binge cycle ever,5/19/2022 7:44,,en,2,0,5,[],[],0,0,,,,,,,,,,,None
4959,refer anorexia best friend ana etc personally punch face tumblr get together,5/28/2022 5:58,,en,0,0,0,[],[],0,0,,,,,,,,,,,None
4960,think eating disorders choice diet block,5/28/2022 5:57,,en,1,0,0,[],[],0,0,,,,,,,,,,,None
4961,use girl thinspo please take shes good friend mine currently recovery anorexia asks photos used respect everyone recovery thank lt pls spread,5/19/2022 23:50,,en,1,0,0,[],[],0,0,,,,,,,,,,,None
4962,youre edtwt please rt need moots lonely,5/19/2022 23:49,,en,0,0,0,[],[],0,0,,,,,,,,,,,Mild
4963,youre edtwt pls retweet like bc wanna interact moots age lt,2/18/2022 20:38,,en,0,0,1,[],[],0,0,,,,,,,,,,,Mild
4964,youre gonna call everything ed twt proana triggering tbh mute triggering words leave join recovery community like point yall getting mad people post eat eating disorder twitter,2/14/2022 14:24,,en,1,0,0,[],[],0,0,,,,,,,,,,,None
4965,youre ok people genuinely telling ppl edtwt anyone rlly kill hurt unfollow unfollow right,2/12/2022 14:55,,en,0,0,1,[],[],0,0,,,,,,,,,,,Mild
4966,youre overweight obese edtwt youre valid everyone else ily,2/7/2022 12:09,,en,0,0,0,[],[],0,0,,,,,,,,,,,Mild
4967,youre edtwt pls rt ill stalk page prob follow u bc want ppl around age tl pls thank u,2/2/2022 15:56,,en,0,0,0,[],[],0,0,,,,,,,,,,,Mild
4968,dude edtwt let friends wtf especially got xbox,1/29/2022 17:17,,en,1,0,1,[],[],0,0,,,,,,,,,,,Mild
4969,tik tok open thread,1/23/2022 12:57,,en,1,0,1,[],[],0,0,,,,,,,,,,,None
4970,ignoring ignoring ignoring,1/23/2022 0:00,,en,0,0,2,[],[],0,0,,,,,,,,,,,None
4971,im good person god turn,1/22/2022 5:10,,en,0,0,1,[],[],0,0,,,,,,,,,,,None
4972,im actually fun edtwt twt,1/22/2022 5:08,,en,1,0,1,[],[],0,0,,,,,,,,,,,Mild
4973,im bored wanna share ptsd story year grandma passed away got see like year close hearing news broke heart depression least two months death gave terrible ptsd faiye,1/17/2022 15:30,,en,1,0,1,[],[],0,0,,,,,,,,,,,None
4974,constantly convincing people around eating disorders,1/13/2022 9:12,,en,0,0,0,[],[],0,1,,,,,,,,,,,None
4975,im convinced theres actual spies omegle everyone part edtwt trying fool,1/8/2022 3:58,,en,0,0,0,[],[],0,0,,,,,,,,,,,Mild
4976,im gonna name top one creamer nightmare bc love coffee,1/6/2022 23:03,,en,0,1,1,[],[],0,1,,,,,,,,,,,None
4977,im edtwt around weeks feel comfy hehwhsjs,12/26/2021 10:06,,en,0,0,1,[],[],0,0,,,,,,,,,,,Mild
4978,im late happiest birthday cherry hope sweetest birthday yet lt also miss sm,12/11/2021 2:41,,en,0,0,0,[],[],0,0,,,,,,,,,,,None
4979,im literally bored edtwt gc edtwt funny pro ana yall nasty thats rt join,12/11/2021 2:39,,en,0,0,0,[],[],0,0,,,,,,,,,,,Mild
4980,new mind rt possibly get mutuals,12/10/2021 0:44,,en,0,0,0,[],[],0,0,,,,,,,,,,,None
4981,new could rt get moots b happy,12/7/2021 0:27,,en,0,0,0,[],[],0,0,,,,,,,,,,,None
4982,new ed twt want people follow rt pro stan acc kpop twit post rt fashion models luxe high fashion aes follow many ppl,12/5/2021 5:26,,en,1,0,1,[],[],0,0,,,,,,,,,,,None
4983,im cyberbully tiktok mfers need stop pushing buttons hard,12/3/2021 17:34,,en,0,0,1,[],[],0,0,,,,,,,,,,,None
4984,im saying everyone qrted minor majority edtwt,11/28/2021 21:54,,en,0,0,1,[],[],0,0,,,,,,,,,,,Mild
4985,im screaming,11/24/2021 3:23,,en,0,0,0,[],[],0,0,,,,,,,,,,,None
4986,im seein lot posts sayin use edtwt tag saw n im also new n dumb comes twitter im sory didnt knooio,11/20/2021 17:38,,en,0,0,2,[],[],0,0,,,,,,,,,,,Mild
4987,grateful people met community,11/13/2021 6:00,,en,0,0,1,[],[],0,0,,,,,,,,,,,None
4988,im sorry edtwt community freaking cuz know lowkey everybody minor maybe even lower,11/12/2021 19:40,,en,0,1,0,[],[],0,0,,,,,,,,,,,Mild
4989,sorry luvies post gore please block makes super uncomfortable uneasy lt sorry ilyg please gore,11/12/2021 5:50,,en,1,0,0,[],[],0,0,,,,,,,,,,,None
4990,sorry person anymore problem,11/12/2021 5:40,,en,1,0,2,[],[],0,1,,,,,,,,,,,None
4991,imagine drinking water,11/11/2021 13:03,,en,1,0,0,[],[],0,0,,,,,,,,,,,None
4992,imagine going blind date tht turns phone swap find ur edtwt,11/9/2021 8:25,,en,0,0,1,[],[],0,1,,,,,,,,,,,Mild
4993,imagine indirectly shit talking bitches called told us go back starving fucking edtwt could never,11/7/2021 20:34,,en,0,0,0,[],[],0,0,,,,,,,,,,,Mild
4994,imagine indirectly talking bitches called drama fucking edtwt could never,11/7/2021 20:27,,en,0,0,0,[],[],0,0,,,,,,,,,,,Mild
4995,imagine making movie spread awareness anorexia encourage recovery triggering people w eds use motivation massive l,11/7/2021 20:12,,en,0,0,0,[],[],0,0,,,,,,,,,,,None
4996,imagine running meanspo account find one moots died due starvation fuckin nerve cry abt pity points acc helped friend starve first place continuing post meanspo,11/5/2021 14:21,,en,0,0,0,[],[],0,0,,,,,,,,,,,None
4997,insult one white anorexic comes rest pack wheat thins,11/5/2021 14:19,,en,1,0,1,[],[],0,0,,,,,,,,,,,None
4998,interactive thread edtwt shtwt youre going date special someone coffee shop okay youre single imagine went w crush please retweet lt,10/23/2021 14:05,,en,1,0,0,[],[],0,0,,,,,,,,,,,Mild
4999,interactive thread going picnic please retweet lt remember look photos voting,6/11/2022 9:06,,en,0,0,1,[],[],0,0,,,,,,,,,,,None
5000,interactive thread going picnic please retweet lt polls edtwt remember look photos voting,3/18/2022 1:13,,en,0,0,6,[],[],0,0,,,,,,,,,,,Mild
5001,iriscals pinned tweet dms always open dni edtwt,2/23/2022 8:50,,en,0,0,1,[],[],0,0,,,,,,,,,,,Mild
5002,irl boys edtwt boys smiling face heart eyes smiling face heart eyes,2/14/2022 1:00,,en,0,0,3,[],[],0,0,,,,,,,,,,,Mild
5003,irls talking eating disorders gc drop twitter right,2/5/2022 1:55,,en,0,0,1,[],[],0,0,,,,,,,,,,,None
5004,bad havent eaten days im really trying eat hard every tiktok anorexic ever,2/2/2022 6:15,,en,0,0,1,[],[],0,0,,,,,,,,,,,None
5005,new face edtwt,1/25/2022 4:00,,en,0,0,0,[],[],0,0,,,,,,,,,,,Mild
5006,kind seems like ur using aisha thing clout makes uncomfortable especially gc imagin im way using aisha clout edtwt going band together organized,1/19/2022 9:06,,en,0,0,1,[],[],0,0,,,,,,,,,,,Mild
5007,never ends,1/16/2022 5:39,,en,0,0,0,[],[],0,0,,,,,,,,,,,None
5008,edtwt way someone laugh,1/15/2022 6:18,,en,0,0,5,[],[],0,0,,,,,,,,,,,Mild
5009,cultural difference shitting ur food bitch shut put butter oatmeal fucking disgusting,1/8/2022 7:12,,en,0,0,3,[],[],0,0,,,,,,,,,,,None
5010,absolutely fine sometimes might dry texter hard talk new people shtwt edtwt,12/19/2021 16:09,,en,0,0,4,[],[],0,0,,,,,,,,,,,Mild
5011,always anorexic bitches sing anaconda loudest bitch u hear nicki say tell aint missing meals,12/11/2021 3:47,,en,0,0,2,[],[],0,0,,,,,,,,,,,None
5012,always proana accounts like followers,12/7/2021 10:23,,en,0,0,2,[],[],0,0,,,,,,,,,,,None
5013,jimin day,11/11/2021 23:03,,en,1,1,3,[],[],0,0,,,,,,,,,,,None
5014,literally couldnt sleep tried whole wardrobe different outfit combinations im working assignment,11/8/2021 4:02,,en,0,0,5,[],[],0,0,,,,,,,,,,,None
5015,birthday im trying best count hard,10/30/2021 3:40,,en,0,0,1,[],[],0,0,,,,,,,,,,,None
5016,never last time,10/21/2021 5:20,,en,0,0,0,[],[],0,0,,,,,,,,,,,None
5017,taylors fault havent done appropriate amount reading comprehension school,10/21/2021 0:35,,en,0,0,3,[],[],0,0,,,,,,,,,,,None
5018,annoying lot u r pretending hunger part anorexia like,10/17/2021 16:55,,en,0,0,2,[],[],0,0,,,,,,,,,,,None
5019,way havent watched since going round ed twt years ago still recite every single word along,10/14/2021 6:08,,en,0,0,3,[],[],0,0,,,,,,,,,,,None
5020,fault,10/13/2021 10:46,,en,0,0,0,[],[],0,0,,,,,,,,,,,None
5021,rina fuck struggle acc im pissing plss one tho doorzens edtwt,10/9/2021 3:04,,en,0,1,3,[],[],0,0,,,,,,,,,,,Mild
5022,taking cold showers last song plays playlist mins hot minutes cold feels good time always dread gotta psych,10/6/2021 11:01,,en,0,0,2,[],[],0,0,,,,,,,,,,,None
5023,ive made tweet twice enough half edtwt underage doxx us child endangerment get arrested try doxx taking legal action id recommend stopping get lawsuit,10/6/2021 9:34,,en,1,0,11,[],[],0,1,,,,,,,,,,,Mild
5024,join,10/2/2021 7:05,,en,0,0,1,[],[],0,0,,,,,,,,,,,None
5025,jus shirt shorts r,9/30/2021 4:00,,en,1,0,4,[],[],0,0,,,,,,,,,,,None
5026,reminder eating disorders always come body dysmorphia areallowed know skinny,1/23/2021 11:21,,en,0,0,2,[],[],0,0,,,,,,,,,,,None
5027,ate couple little chocolates,1/7/2021 15:32,,en,0,0,0,[],[],0,0,,,,,,,,,,,None
5028,bought pack amazon folded hands medium light skin tone,1/7/2021 7:39,,en,0,1,6,[],[],0,0,,,,,,,,,,,None
5029,finished squid game episode worst hour life dont deserve pain,12/30/2020 4:55,,en,0,1,0,[],[],0,0,,,,,,,,,,,None
5030,case arent aware tom holland carries life,12/28/2020 11:43,,en,0,0,7,[],[],0,0,,,,,,,,,,,None
5031,absolute worst mood ever today,11/29/2020 16:05,,en,0,0,3,[],[],0,0,,,,,,,,,,,None
5032,kidding still ed acc lmaoo didi think could leave edtwt,11/27/2020 8:56,,en,0,0,4,[],[],0,0,,,,,,,,,,,Mild
5033,painted nails chanel red finally feeling like hot girl,4/19/2020 5:25,,en,0,1,14,[],[],0,0,,,,,,,,,,,None
5034,picked store excited lunch,3/27/2020 11:46,,en,0,0,0,[],[],0,0,,,,,,,,,,,None
5035,saw joined january edtwt account still processing,3/10/2020 7:14,,en,0,0,5,[],[],0,0,,,,,,,,,,,Mild
5036,stocking snack box binge box speak evil monkey whatever,2/10/2020 13:28,,en,0,1,26,[],[],0,1,,,,,,,,,,,None
5037,thinking say uwg instead ugw like weight goal goal weight ugw supposed underweight goal weight seems,1/11/2020 6:33,,en,0,0,10,[],[],0,0,,,,,,,,,,,None
5038,clarify im neither hard soft ed twt idc one still moots interact dont send pro stuff meanspo without consent thats ask,12/27/2019 7:34,,en,0,0,9,[],[],0,0,,,,,,,,,,,None
5039,wanna let know ur perfect ily k bye,6/7/2022 1:07,,en,0,0,1,[],[],0,0,,,,,,,,,,,None
5040,wanted say youre tik tok investigate ed twitter community please stop safe space us place research please keep privacy consideration people like please respect us,5/29/2022 2:52,,en,0,0,2,[],[],0,0,,,,,,,,,,,None
5041,justin bieber really light skin days sung confident,5/28/2022 1:11,,en,1,0,1,[],[],0,0,,,,,,,,,,,None
5042,k listen ur british u gotta try eggfree cakebox aight amazing light cause use fresh whipped cream buttercream frosting shit gets vacuumed easyy,5/28/2022 1:01,,en,1,0,2,[],[],0,0,,,,,,,,,,,None
5043,kadang kadang risau tengok style aku berdoa dekat tuhan sekarang ni mintanya yang bukan bukan je,5/27/2022 23:35,,en,1,0,4,[],[],0,0,,,,,,,,,,,None
5044,kalau ada sesiapa nak jual laptop secondhand bagitahu mira please tapi kalau ada yang nak let go secara free pun alhamdulillah,5/20/2022 8:23,,en,1,0,1,[],[],0,0,,,,,,,,,,,None
5045,kalau berat badan kita turun jari kita ni ikut kurus sekali ke,5/3/2022 22:19,,en,0,0,1,[],[],0,0,,,,,,,,,,,None
5046,karinas video starting eyes black mamba eye thing mv omg,5/1/2022 7:55,,en,1,0,0,[],[],0,0,,,,,,,,,,,None
5047,kind tired invalidating people bulimia use exercise form purging,5/1/2022 5:44,,en,0,0,0,[],[],0,0,,,,,,,,,,,None
5048,kinda wished used cat ears people keep telling look like puppy,5/1/2022 5:36,,en,1,0,1,[],[],0,1,,,,,,,,,,,None
5049,kinda ig definitely pro recovery,5/1/2022 4:51,,en,0,0,1,[],[],0,0,,,,,,,,,,,None
5050,lets honest one edtwt likes oatmeal shit tastes like vomit,5/1/2022 4:44,,en,0,0,1,[],[],0,0,,,,,,,,,,,Mild
5051,lets real weight loss successful sadly isnt enough might ever eating disorders real thing stop asking tips become anorexic arent already keep way woman shrugging medium dark skin tone,5/1/2022 4:43,,en,2,0,2,[],[],0,0,,,,,,,,,,,None
5052,lets fuck around friends u get vibe,4/30/2022 9:40,,en,1,0,1,[],[],0,0,,,,,,,,,,,None
5053,lets rent air b b evening house,4/30/2022 7:49,,en,0,0,1,[],[],0,1,,,,,,,,,,,None
5054,let try ugh know many hashtags,4/30/2022 7:33,,en,1,0,1,[],[],0,0,,,,,,,,,,,None
5055,liebe das fertig suppen wenig kalorien haben,4/30/2022 7:27,,en,1,0,2,[],[],0,0,,,,,,,,,,,None
5056,like sure bet mom helped hard mom feels like uses words discounts daughters experience feelings idk im daughter knows feels little weird,4/30/2022 7:26,,en,0,0,1,[],[],0,0,,,,,,,,,,,None
5057,like thats disordered behaviour dont see anyone else outside edtwt excluding models displaying stats,4/30/2022 7:26,,en,1,0,1,[],[],0,0,,,,,,,,,,,Mild
5058,like rt interact join edtwt gc eds welcome fatphobes,4/30/2022 7:25,,en,1,0,1,[],[],0,0,,,,,,,,,,,Mild
5059,lisa talking edtwt,4/30/2022 7:25,,en,1,0,2,[],[],0,0,,,,,,,,,,,Mild
5060,lisas solo debut weirdest thing ever even sm artists better,4/30/2022 7:21,,en,2,0,1,[],[],0,0,,,,,,,,,,,None
5061,listening ly th time today,4/28/2022 2:35,,en,0,0,0,[],[],0,0,,,,,,,,,,,None
5062,listening melanie martinez make pain go away,4/28/2022 2:00,,en,1,0,1,[],[],0,0,,,,,,,,,,,None
5063,literally opinions tweet anymore,4/26/2022 10:21,,en,2,0,0,[],[],0,0,,,,,,,,,,,None
5064,little psa ur good outing ppl edtwt parents extremely hurtful fuckin dick move makes everyone one paranoid bcs thought outed,4/22/2022 7:20,,en,1,0,1,[],[],0,1,,,,,,,,,,,Mild
5065,lmao guess everyone edtwt suddenly trans,4/22/2022 7:18,,en,1,0,2,[],[],0,0,,,,,,,,,,,Mild
5066,lmaoo need see scrolling thru twt getting ready gts nite yall take puff stay medicated nitee,4/21/2022 3:49,,en,1,0,2,[],[],0,0,,,,,,,,,,,None
5067,locals get mad edtwt exists post mental health awareness mental illness shouldnt stigmatised,4/17/2022 1:32,,en,1,0,1,[],[],0,0,,,,,,,,,,,Mild
5068,locals edtwt fucking disgusting vile edtwt ed sheeran star struck meme helping math hw ate apple kitty smiling cat face heart eyes bunny arianna grande lana taking walks hear evil monkey hyping moots water horny,4/17/2022 1:21,,en,1,0,5,[],[],0,0,,,,,,,,,,,Mild
5069,locals edtwt toxic edtwt,3/31/2022 1:15,,en,1,0,2,[],[],0,0,,,,,,,,,,,Mild
5070,locals edtwt toxic us hehe answer questions thread make hehehe,3/28/2022 22:35,,en,1,0,2,[],[],0,0,,,,,,,,,,,Mild
5071,locals e saw thinspo hashtag convinced entirety edtwt toxic actual edtwt,3/24/2022 3:29,,en,0,0,1,[],[],0,0,,,,,,,,,,,Mild
5072,logging back onto edtwt like feud walking today,3/24/2022 3:03,,en,2,0,5,[],[],0,0,,,,,,,,,,,Mild
5073,lol try,3/21/2022 12:58,,en,0,0,2,[],[],0,1,,,,,,,,,,,None
5074,look think ugly however also god yes exist,3/21/2022 12:50,,en,1,0,1,[],[],0,0,,,,,,,,,,,None
5075,looking back old tweets melodramatic like sadder deal spicy way ignoring emotions,3/21/2022 12:49,,en,1,0,1,[],[],0,1,,,,,,,,,,,None
5076,looking people follow edtwt close age please like retweet follow thanks,3/20/2022 3:35,,en,0,0,3,[],[],0,0,,,,,,,,,,,Mild
5077,looks like shes going steal diamonds like oceans idk havent watched movie,3/19/2022 11:14,,en,1,0,1,[],[],0,1,,,,,,,,,,,None
5078,lowkey want type change,3/10/2022 17:07,,en,1,0,3,[],[],0,0,,,,,,,,,,,None
5079,lunch time eat,6/10/2022 4:20,,en,0,0,5,[],[],0,1,,,,,,,,,,,None
5080,lunchtime coming,6/5/2022 1:13,,en,1,0,1,[],[],0,0,,,,,,,,,,,None
5081,makanan apa yang best dekat mytown cheras tu eh,6/4/2022 3:42,,en,0,0,2,[],[],0,0,,,,,,,,,,,None
5082,making gc edtwt age dont weird funny selective kinda talk rt join,6/4/2022 1:47,,en,0,0,2,[],[],0,0,,,,,,,,,,,Mild
5083,making edtwt groupchat rules must must following screenshotting drama lets actually friends rt added,6/3/2022 8:53,,en,1,0,3,[],[],0,0,,,,,,,,,,,Mild
5084,man depression bugging time year,6/2/2022 7:48,,en,1,0,4,[],[],0,0,,,,,,,,,,,None
5085,mandando foto da balana pra competio sabendo q sou mais gorda mas pelo menos mandando com figurinha pq pack de pe de graa n rola,6/1/2022 20:34,,en,0,0,1,[],[],0,0,,,,,,,,,,,None
5086,mars edtwt hilarious get hit tweets left n right pfp remember right dn name irl hes never found irls,5/27/2022 22:45,,en,1,0,1,[],[],0,0,,,,,,,,,,,Mild
5087,math students edtwt crying numbers,5/25/2022 8:40,,en,1,0,3,[],[],0,0,,,,,,,,,,,Mild
5088,mcyt edtwt shtwt groupchat play minecraft together bodychecks weigh ins etc trolls okay respect others boundaries rt like comment join,5/21/2022 6:07,,en,0,0,0,[],[],0,0,,,,,,,,,,,Mild
5089,quarantine,5/20/2022 5:20,,en,0,0,0,[],[],0,0,,,,,,,,,,,None
5090,collecting theys edtwt putting room would happen,5/19/2022 3:59,,en,0,0,1,[],[],0,0,,,,,,,,,,,Mild
5091,joining edtwt june,5/10/2022 7:35,,en,0,0,0,[],[],0,0,,,,,,,,,,,Mild
5092,edtwt acc would bully stan acc bye,5/8/2022 23:08,,en,0,0,3,[],[],0,0,,,,,,,,,,,Mild
5093,pesei pra ver estrago dos ltimos meses e gente eu sou uma vergonha n,5/5/2022 8:39,,en,0,0,4,[],[],0,0,,,,,,,,,,,None
5094,saving im gonna send ex point even tho doesnt even follow instagram anymore lmao,4/26/2022 8:11,,en,1,0,1,[],[],0,0,,,,,,,,,,,None
5095,talking mental illness fnaf,4/26/2022 4:02,,en,1,0,1,[],[],0,0,,,,,,,,,,,None
5096,shoulders cute lt petite ily linebacker lookin ass ihy look like ex bf,4/26/2022 3:46,,en,1,0,2,[],[],0,0,,,,,,,,,,,None
5097,joined edtwt,4/24/2022 3:59,,en,0,0,0,[],[],0,0,,,,,,,,,,,Mild
5098,think anorexia eating disorder even besides theres also thing called height difference different activity levels,4/21/2022 22:04,,en,0,0,1,[],[],0,0,,,,,,,,,,,None
5099,big pharma evil pharmaceutical industry feeds people mental physical issues stuck cycles worsening recovery government blame regulating also pills plz back tomorrow,4/21/2022 5:21,,en,0,0,0,[],[],0,0,,,,,,,,,,,None
5100,meanspo dont work bc would year old kpop fan calling fat hurt feelings,4/14/2022 2:14,,en,0,0,1,[],[],0,0,,,,,,,,,,,None
5101,meet katrina cook know hacked dumb bitch likes harass minors starving hurting shes bully likes wear people like skin suit thread,4/9/2022 4:48,,en,1,0,1,[],[],0,0,,,,,,,,,,,None
5102,men shut fuck challenge also thanks king,4/3/2022 8:55,,en,0,0,0,[],[],0,0,,,,,,,,,,,None
5103,metab day tmr bc ive got swim prac hour gym sesh lt excited,3/31/2022 11:53,,en,0,0,0,[],[],0,0,,,,,,,,,,,None
5104,mf stressing shut pls,6/11/2022 0:01,,en,0,0,0,[],[],0,0,,,,,,,,,,,None
5105,mf n il crust tikt k fyp get hoe,6/10/2022 13:59,,en,0,0,2,[],[],0,0,,,,,,,,,,,None
5106,mfs see one boy edtwt get knees,6/10/2022 2:49,,en,0,0,0,[],[],0,0,,,,,,,,,,,Mild
5107,misusing tone indicators genuinely confusing lol,6/10/2022 0:01,,en,0,0,0,[],[],0,0,,,,,,,,,,,None
5108,mm anyway posting edtwt cuz,6/9/2022 12:18,,en,0,0,1,[],[],0,0,,,,,,,,,,,Mild
5109,mm anyway posting edtwt cuz,6/9/2022 0:01,,en,0,0,0,[],[],0,0,,,,,,,,,,,Mild
5110,mm hi edtwt jfksdj reply talking scrolling ur account please dont let flop ah,6/8/2022 23:34,,en,0,0,0,[],[],0,0,,,,,,,,,,,Mild
5111,mm hi edtwt jfksdj reply record scrolling account please dont let flop ah,6/8/2022 23:34,,en,0,0,1,[],[],0,0,,,,,,,,,,,Mild
5112,moonbyul anorexia anorexia characterized distorted body image unwarranted fear overweight,6/8/2022 6:38,,en,0,0,0,[],[],0,0,,,,,,,,,,,None
5113,info pro ana fatphobic etc dni pro local pls dont report block try follow back dont rt posts edtwt lt,6/8/2022 2:06,,en,0,0,0,[],[],0,0,,,,,,,,,,,Mild
5114,relatable spongebob pictureframe,6/8/2022 0:01,,en,0,0,0,[],[],0,0,,,,,,,,,,,None
5115,best friends fr,6/7/2022 12:58,,en,0,0,0,[],[],0,0,,,,,,,,,,,None
5116,birthday weekend want eat starting fast rn someone please please keep fucking accountable dm something begging,6/7/2022 12:55,,en,0,0,0,[],[],0,0,,,,,,,,,,,None
5117,brother wants walk buy chips cause covid said getting cause trump supporter feel bad,6/7/2022 0:01,,en,0,0,0,[],[],0,0,,,,,,,,,,,None
5118,clinical instructor made comment shape fingernails ever since ive hated,6/6/2022 0:01,,en,0,0,0,[],[],0,0,,,,,,,,,,,None
5119,friends want go eat crepes literallywhy,6/5/2022 15:46,,en,0,0,1,[],[],0,0,,,,,,,,,,,None
5120,head hurts sm dont ibuprofen,6/5/2022 15:43,,en,0,0,0,[],[],0,0,,,,,,,,,,,None
5121,irl like oh anorexia eat lt oh bulimia dont purge lt oh binge eating disorder try eat less lt oh suicide thoughts happy lt hard lt,6/5/2022 0:01,,en,0,0,0,[],[],0,0,,,,,,,,,,,None
5122,life quite literally never,6/4/2022 0:01,,en,0,0,0,[],[],0,0,,,,,,,,,,,None
5123,mental illness sasuke naruto soulmates,6/3/2022 14:13,,en,0,0,0,[],[],0,0,,,,,,,,,,,None
5124,mom said shed pay never alcohol,6/3/2022 13:47,,en,0,0,0,[],[],0,0,,,,,,,,,,,None
5125,mom wants get sectioned shes waiting blood tests come back oh god im shaking,6/3/2022 13:45,,en,0,0,1,[],[],0,0,,,,,,,,,,,None
5126,moms buying super cute baking pan tin tray package im happy ee,6/3/2022 0:01,,en,0,0,0,[],[],0,0,,,,,,,,,,,None
5127,one dealers pot brownies disgusting like understand weed butter messes w bit always like raw taste cheap sticky ive thrown many times thinking abt taste consistency work like crazy tho,6/2/2022 15:40,,en,0,0,0,[],[],0,0,,,,,,,,,,,None
5128,oomfs arent intimidating edtwt moment get try n fight vision goes,6/2/2022 0:39,,en,0,0,0,[],[],0,0,,,,,,,,,,,Mild
5129,school brought woman talk eating disorders experience made us draw body paint dont like stuff like,6/2/2022 0:01,,en,0,0,0,[],[],0,0,,,,,,,,,,,None
5130,sister mad mom went room without dinner cane later bc hungry said could never anorexic would get hungry like ok,6/1/2022 11:48,,en,0,0,0,[],[],0,0,,,,,,,,,,,None
5131,twitter dead reactivating im gnna make edtwt gc everybody make new friends must meanspo fatspo bodyshaming keep chat alive moots get priority kind rt join,6/1/2022 11:45,,en,0,0,0,[],[],0,0,,,,,,,,,,,Mild
5132,nah g dont get decide whats disordered,6/1/2022 11:43,,en,0,0,0,[],[],0,0,,,,,,,,,,,None
5133,nah id work fucking shit beside something accomplished something celebrate,6/1/2022 1:49,,en,0,0,0,[],[],0,0,,,,,,,,,,,None
5134,need curl one eyelashes im busy parking lot oh nooio,6/1/2022 0:01,,en,0,0,0,[],[],0,0,,,,,,,,,,,None
5135,need people follow interact follow say hi new lol xo,5/31/2022 0:01,,en,0,0,0,[],[],0,0,,,,,,,,,,,None
5136,need taehyung make appearance like gong yoo slap people wanna see slap someone,5/30/2022 0:01,,en,0,0,0,[],[],0,0,,,,,,,,,,,None
5137,neurodivergent neurodiverse depression anxiety anorexia etc neurodiverse autism add adhd etc neurodivergent divergent people say r slur,5/29/2022 1:36,,en,0,0,1,[],[],0,0,,,,,,,,,,,None
5138,never million years would yr old think id edtwt years later lmao,5/29/2022 1:35,,en,0,0,0,[],[],0,0,,,,,,,,,,,Mild
5139,never life could ever predicted seeing tr mp supporters picking fights edtwt accs,5/29/2022 0:01,,en,0,0,0,[],[],0,0,,,,,,,,,,,Mild
5140,new acct rt moots facts replies muah,5/28/2022 14:40,,en,0,0,0,[],[],0,0,,,,,,,,,,,None
5141,new lw everyone cheer,5/28/2022 14:39,,en,0,0,0,[],[],0,0,,,,,,,,,,,None
5142,new rt like become mutuals pls need friends like,5/28/2022 2:13,,en,0,0,0,[],[],0,0,,,,,,,,,,,None
5143,new need friends like comment moots proana hard twt,5/28/2022 0:01,,en,0,0,0,[],[],0,0,,,,,,,,,,,None
5144,new rochelle exercise using kind diary interact moots,9/28/2020 20:36,,en,0,1,1,[],[],0,0,,,,,,,,,,,None
5145,new im jesse dni sh ed rt moots,9/2/2020 3:18,,en,0,0,0,[],[],0,0,,,,,,,,,,,None
5146,new ed twt far going well still friends,9/2/2020 3:18,,en,0,0,0,[],[],0,0,,,,,,,,,,,None
5147,new edtwt xd ronny teen lg b dni ur anti recovery reckless bodyshamer friends,9/2/2020 3:18,,en,0,0,0,[],[],0,0,,,,,,,,,,,Mild
5148,new edtwt call mars mocha minor bisexual pro recovery rt like moots,9/2/2020 3:18,,en,0,0,0,[],[],0,0,,,,,,,,,,,Mild
5149,new ish feeling need interract rt moots,9/2/2020 3:18,,en,0,0,0,[],[],0,0,,,,,,,,,,,None
5150,nickis whatever days,8/31/2020 16:49,,en,0,0,2,[],[],0,0,,,,,,,,,,,None
5151,bc r yall actually mad people trying get edtwt exposed,8/31/2020 16:49,,en,0,0,0,[],[],0,0,,,,,,,,,,,Mild
5152,fun first got old,8/31/2020 16:47,,en,0,0,0,[],[],0,0,,,,,,,,,,,None
5153,cause like half edtwt,7/30/2020 21:26,,en,0,0,1,[],[],0,0,,,,,,,,,,,Mild
5154,lied even joy appeared music shows,6/26/2020 4:06,,en,0,1,1,[],[],0,0,,,,,,,,,,,None
5155,offense like yall seen reel adr posted like go therapy repress trauma like maam u one told edtwt,5/26/2020 19:33,,en,0,0,1,[],[],0,0,,,,,,,,,,,Mild
5156,way iz coincidence,5/2/2020 4:18,,en,0,0,0,[],[],0,0,,,,,,,,,,,None
5157,faking anorexia overate today,5/1/2020 4:05,,en,0,0,0,[],[],0,0,,,,,,,,,,,None
5158,nobody makes songs like anymore,3/15/2020 4:49,,en,0,0,0,[],[],0,0,,,,,,,,,,,None
5159,nobody sings like taehyung,2/17/2020 22:27,,en,0,0,0,[],[],0,0,,,,,,,,,,,None
5160,nobody releasing music next months think,2/16/2020 2:32,,en,0,0,0,[],[],0,0,,,,,,,,,,,None
5161,nobody see im deactivating morning making new acc probably u care follow priv ill give u whenever bye,1/23/2020 3:00,,en,0,0,0,[],[],0,0,,,,,,,,,,,None
5162,nope never im convinced never,1/22/2020 18:58,,en,0,0,0,[],[],0,0,,,,,,,,,,,None
5163,normalize asking strangers much weigh pls,1/16/2020 12:21,,en,0,0,0,[],[],0,0,,,,,,,,,,,None
5164,nossa isso destruiu e n devia ter destrudo kk eu tentando rir mas queria gritar,1/16/2020 5:07,,en,0,0,0,[],[],0,0,,,,,,,,,,,None
5165,girl using recovered anorexic excuse eat chickfila,1/13/2020 18:26,,en,0,0,0,[],[],0,0,,,,,,,,,,,None
5166,asians skinny asians dainty pale asians small frames asians look like thinspo see edtwt,1/9/2020 10:42,,en,0,0,0,[],[],0,0,,,,,,,,,,,Mild
5167,edtwt interacting w span hour side twt ever,1/8/2020 0:54,,en,0,0,0,[],[],0,0,,,,,,,,,,,Mild
5168,hoping much since already oh well,1/7/2020 22:18,,en,0,0,0,[],[],0,0,,,,,,,,,,,None
5169,joking say serious lizard phobia like thats one thing absolutely cant deal start hyperventilating shaking crying especially home contained,1/1/2020 12:25,,en,0,0,0,[],[],0,0,,,,,,,,,,,None
5170,kpop stans discovering people eating disorders disordered thoughts,12/31/2019 3:52,,en,0,0,0,[],[],0,0,,,,,,,,,,,None
5171,new ed twt forever rt u wanna mutuals,12/30/2019 10:58,,en,0,0,0,[],[],0,0,,,,,,,,,,,None
5172,hashtags nah post much,12/29/2019 19:53,,en,0,0,0,[],[],0,0,,,,,,,,,,,None
5173,wit dat toxicity maam,12/28/2019 19:51,,en,0,0,0,[],[],0,0,,,,,,,,,,,None
5174,asking tw ed posts edtwt,12/28/2019 1:37,,en,0,0,0,[],[],0,0,,,,,,,,,,,Mild
5175,nothing younger moots rt ur bc want older ppl follow edtwt backhand index pointing right medium light skin tone backhand index pointing left medium light skin tone,12/27/2019 23:28,,en,0,0,0,[],[],0,0,,,,,,,,,,,Mild
5176,notice eating disorders eating disorders weight disorders weight doesnt shouldnt matter worthy recovery treatment regardless weight weight make ed less valid valid deserving help,12/26/2019 22:40,,en,0,0,0,[],[],0,0,,,,,,,,,,,None
5177,notice called eating disorders calorie disorders weight disorders eating disorders weight number calories eat determine sick certainly make less valid,12/25/2019 5:06,,en,0,0,0,[],[],0,0,,,,,,,,,,,None
5178,thats done watch movie ill get us snacks pick favorite,12/23/2019 11:02,,en,0,0,0,[],[],0,0,,,,,,,,,,,None
5179,whos lying,12/23/2019 0:49,,en,0,0,0,[],[],0,0,,,,,,,,,,,None
5180,bom q nessa tabela ou nas loucuras edtt eu sou gorda de qlqr jeito kkcada k uma vontade de r diferente,12/20/2019 23:57,,en,0,0,0,[],[],0,0,,,,,,,,,,,None
5181,youtube edtwt,12/19/2019 3:35,,en,0,0,0,[],[],0,0,,,,,,,,,,,Mild
5182,officially maya day,12/17/2019 0:10,,en,0,0,0,[],[],0,0,,,,,,,,,,,None
5183,officially three years free self harm still going strong,12/16/2019 16:17,,en,0,0,0,[],[],0,0,,,,,,,,,,,None
5184,oh im hiighh ohhdhh im gonna fuck chocolates upp fuck calories wordofthelord,12/15/2019 2:48,,en,0,0,0,[],[],0,0,,,,,,,,,,,None
5185,oh thanks many others absolutely critical upstream ed prevention work,12/13/2019 1:57,,en,0,0,0,[],[],0,0,,,,,,,,,,,None
5186,oh ur anorexic quote bone word word,12/12/2019 16:24,,en,0,0,0,[],[],0,0,,,,,,,,,,,None
5187,oh yes definitely especially bash edtwt bro werent mutual months ago,12/7/2019 23:12,,en,0,0,0,[],[],0,0,,,,,,,,,,,Mild
5188,oh youre anorexic name five rice cake flavours,12/7/2019 7:22,,en,0,0,0,[],[],0,0,,,,,,,,,,,None
5189,ok edtwt im bored rt ill give song based layout,12/6/2019 9:16,,en,0,0,0,[],[],0,0,,,,,,,,,,,Mild
5190,ok think time official signal boost rt native indigenous edtwt want added gc coolest group edtwt non natives dni unless make clear youre signal boosting n v followers,12/6/2019 8:36,,en,0,0,0,[],[],0,0,,,,,,,,,,,Mild
5191,ok reply rt join edtwt gc laughs x,12/3/2019 20:03,,en,1,0,1,[],[],0,0,,,,,,,,,,,Mild
5192,ok tl dead edtwt polls let go rt voting,12/3/2019 6:47,,en,0,0,1,[],[],0,0,,,,,,,,,,,Mild
5193,okay october rd sit cafeteria crucial would sit,12/3/2019 2:17,,en,0,0,1,[],[],0,0,,,,,,,,,,,None
5194,okay good morning text,12/2/2019 17:27,,en,0,0,0,[],[],0,0,,,,,,,,,,,None
5195,okay good glad acknowledged apologized,11/30/2019 2:50,,en,0,0,0,[],[],0,0,,,,,,,,,,,None
5196,okay hear made edtwt discord mm thinking,11/28/2019 22:03,,en,0,0,0,[],[],0,0,,,,,,,,,,,Mild
5197,okay always omg im switching subliminals one ago used listen got deleted reason saw wanna give another go ahh love powerful subs,11/26/2019 20:29,,en,0,0,0,[],[],0,0,,,,,,,,,,,None
5198,okay discussed private im starting edtwt book club lmfaoo interact tweet join send book recs read physical copies online r extremely valid types book readers r valid novels manga webtoons etc yea thats think,11/25/2019 23:25,,en,0,0,0,[],[],0,0,,,,,,,,,,,Mild
5199,okay forgot abt gc thing posted rt u want edtwt gc getting know eachother supporting eachother making friends pls nice eachother ie meanspo anything graphic,11/25/2019 22:59,,en,0,0,0,[],[],0,0,,,,,,,,,,,Mild
5200,okay idkkj maybe sign followed im scared followed told someone knows cute,11/25/2019 17:07,,en,0,0,0,[],[],0,0,,,,,,,,,,,None
5201,okay let introduce name atticus go hinata u call whichever literally interact anything im mainly edtwt shtwt also new um im pronounce um ill go anything main ones,11/24/2019 5:50,,en,0,0,0,[],[],0,0,,,,,,,,,,,Mild
5202,okay theyre stan account ed exposing non ed followers ed accounts exposing community potentially triggering without recovery one goodnight see people using edtwt accounts stantwt ones,11/23/2019 23:32,,en,0,0,0,[],[],0,0,,,,,,,,,,,Mild
5203,omg local followed made edtwt blocked,11/23/2019 19:19,,en,0,0,1,[],[],0,0,,,,,,,,,,,Mild
5204,omg hello edtwt finaly got house first time forever went store got stuff cookies im rlly excited make soon,11/23/2019 19:06,,en,0,0,0,[],[],0,0,,,,,,,,,,,Mild
5205,omg havent eaten breakfast im anorexia smiling face heart eyes,11/23/2019 6:47,,en,0,0,0,[],[],0,0,,,,,,,,,,,None
5206,omg love unecerceksjwh replying oomfs tweets,11/22/2019 15:55,,en,0,0,0,[],[],0,0,,,,,,,,,,,None
5207,omg white thingz,11/21/2019 21:16,,en,0,0,0,[],[],0,0,,,,,,,,,,,None
5208,omg tea edtwt rn really confusing honestly wish could know sides,11/21/2019 10:22,,en,0,0,0,[],[],0,0,,,,,,,,,,,Mild
5209,omg thnk u logan,11/21/2019 9:21,,en,0,0,0,[],[],0,0,,,,,,,,,,,None
5210,omg would ppl interested seeing screenshots back day proana yall probs seen youve hot second maybe pic thread unless flops,11/20/2019 10:17,,en,0,0,0,[],[],0,0,,,,,,,,,,,None
5211,edtwt said yall would riot local says normalized,11/17/2019 15:32,,en,0,0,0,[],[],0,0,,,,,,,,,,,Mild
5212,edtwt want moots rt,11/16/2019 3:59,,en,0,0,1,[],[],0,0,,,,,,,,,,,Mild
5213,one reasons dms open minor feel like adult preying harassing cannot ask parents teachers help always willing help fucking break whoever hurting safe,11/15/2019 8:58,,en,0,0,1,[],[],0,0,,,,,,,,,,,None
5214,strawberries oranges kiwi tho,11/15/2019 7:21,,en,0,0,0,[],[],0,0,,,,,,,,,,,None
5215,oomf stantwt goes claire go edtwt almost went loop right,11/15/2019 0:17,,en,0,0,0,[],[],0,0,,,,,,,,,,,Mild
5216,idk thought maybe stop everyones experience anorexia povs stupid dont call fake invalidate someone elses experience,11/12/2019 1:02,,en,0,0,0,[],[],0,0,,,,,,,,,,,None
5217,people need shed light period,11/10/2019 22:59,,en,0,0,0,[],[],0,0,,,,,,,,,,,None
5218,people edtwt like pro still post calories count recipes weight goals fucking confuse,11/10/2019 19:48,,en,0,0,0,[],[],0,0,,,,,,,,,,,Mild
5219,people eating disorders like know spot remember theyre ugw n stay home,11/10/2019 5:42,,en,0,0,0,[],[],0,0,,,,,,,,,,,None
5220,pergi pasar malam la paling seronok takoyaki ada cendawan goreng cheese ada keropok lekor ada yong tau fu ada nasi kerabu ada fuhh kalau masuk pasar malam mau kena azan baru jumpa jalan keluar,11/9/2019 3:09,,en,0,0,0,[],[],0,0,,,,,,,,,,,None
5221,petition edtwt meet n smoke drink ur drug choice watch barbie movies,11/8/2019 4:52,,en,0,3,2,[],[],0,0,,,,,,,,,,,Mild
5222,petition start calling bulimia anorexia b p eat yeet,11/7/2019 20:26,,en,0,0,0,[],[],0,0,,,,,,,,,,,None
5223,piggyy dippin piggy dippin piggy pond,11/4/2019 7:29,,en,0,0,0,[],[],0,0,,,,,,,,,,,None
5224,please lmaoo,11/4/2019 2:05,,en,0,0,0,[],[],0,0,,,,,,,,,,,None
5225,please reblog youre ana acc chances someone come say experienced ana coach wholl help reach goal weight block older men want groom asking nudebody checks,11/2/2019 19:51,,en,0,0,0,[],[],0,0,,,,,,,,,,,None
5226,please stop promoting edtwt tiktok please stop promoting edtwt tiktok please stop promoting edtwt tiktok please stop promoting edtwt tiktok please stop promoting edtwt tiktok please stop promoting edtwt tiktok please stop promoting edtwt tiktok,11/2/2019 7:40,,en,0,0,0,[],[],0,0,,,,,,,,,,,Mild
5227,pls rt u tw suicide abuse anything would help hate im end rope would help point art commission return anything helps thank edtwt ily explanation art,11/2/2019 6:06,,en,0,0,0,[],[],0,0,,,,,,,,,,,Mild
5228,plus theres way half accurate,11/2/2019 3:08,,en,0,0,0,[],[],0,0,,,,,,,,,,,None
5229,polls edtwt bc im cold bored rt voting,11/1/2019 18:37,,en,0,0,0,[],[],0,0,,,,,,,,,,,Mild
5230,polls targeted edtwt,11/1/2019 5:28,,en,0,0,0,[],[],0,0,,,,,,,,,,,Mild
5231,positivity gc basically everyday everyone says smth like ik people get nervous large groups adding first ten ppl rt like successful make another group,11/1/2019 4:02,,en,0,0,0,[],[],0,0,,,,,,,,,,,None
5232,pov going holiday themed date poll thread anyone pls rt voting,10/31/2019 7:11,,en,0,0,0,[],[],0,0,,,,,,,,,,,None
5233,ppl dont follow back edtwt think u,10/31/2019 5:10,,en,0,0,0,[],[],0,0,,,,,,,,,,,Mild
5234,pq q eu ouo essas besteiras de qm sabe q eu tenho takk,10/30/2019 18:05,,en,0,0,0,[],[],0,0,,,,,,,,,,,None
5235,practically entire fyp,10/30/2019 17:20,,en,0,0,0,[],[],0,0,,,,,,,,,,,None
5236,probably see,10/29/2019 21:01,,en,0,0,0,[],[],0,0,,,,,,,,,,,None
5237,profound also laughed hard,10/29/2019 5:09,,en,0,0,0,[],[],0,0,,,,,,,,,,,None
5238,psa lot people lie abt intake competitive part eating disorders combined lack care strangers compare intake people online youre fine ok,10/28/2019 23:33,,en,0,0,0,[],[],0,0,,,,,,,,,,,None
5239,psa locals dont look shtwt edtwt know going upset place feel safe express thumbs medium light skin tone,10/27/2019 6:42,,en,0,0,0,[],[],0,0,,,,,,,,,,,Mild
5240,put mine replies ill qrt,10/26/2019 21:39,,en,0,0,0,[],[],0,0,,,,,,,,,,,None
5241,question edtwt winx club monster high rt voting,10/26/2019 21:18,,en,0,0,0,[],[],0,0,,,,,,,,,,,Mild
5242,quickly discovered soft edtwt vs hard edtwt hmu asshole apparently,10/26/2019 20:43,,en,0,0,0,[],[],0,0,,,,,,,,,,,Mild
5243,r yall proud,10/26/2019 12:31,,en,0,0,0,[],[],0,0,,,,,,,,,,,None
5244,random polls ed twt rt voting pls lt,6/1/2022 2:18,,en,1,0,1,[],[],0,0,,,,,,,,,,,None
5245,random polls edtwt im bored mostly ed related rt done,6/1/2022 2:03,,en,0,0,0,[],[],0,0,,,,,,,,,,,Mild
5246,reading manhwa one guy finee,6/1/2022 1:57,,en,0,0,0,[],[],0,0,,,,,,,,,,,None
5247,reasons consider recovery thread,6/1/2022 1:57,,en,0,0,0,[],[],0,0,,,,,,,,,,,None
5248,redoin bc messed lil lt,6/1/2022 1:56,,en,1,0,0,[],[],0,0,,,,,,,,,,,None
5249,remember someone said edtwt join together day like party smth yall gonna look like,6/1/2022 1:55,,en,0,0,0,[],[],0,0,,,,,,,,,,,Mild
5250,reminder eating disorders deadly year old influencer died ed,6/1/2022 1:54,,en,0,0,0,[],[],0,0,,,,,,,,,,,None
5251,reminder edtwt please make sure ur contacts cannot find account phone number email,6/1/2022 1:54,,en,0,0,0,[],[],0,0,,,,,,,,,,,Mild
5252,reminder edtwt anorexia eds exist,6/1/2022 1:54,,en,0,0,0,[],[],0,0,,,,,,,,,,,Mild
5253,removing edtwt wont get rid ed communities dont forget ed discord ed tumblr ed google hangouts ed zoom ed carrier pigeon,6/1/2022 1:54,,en,0,0,0,[],[],0,0,,,,,,,,,,,Mild
5254,retweet put huge edtwt group chat idk limit im adding people till reach,6/1/2022 1:53,,en,0,0,0,[],[],0,0,,,,,,,,,,,Mild
5255,right current depressive episode like month ago,6/1/2022 1:53,,en,1,0,0,[],[],0,0,,,,,,,,,,,None
5256,right getting taehyung squid game sangwoo picture,5/26/2022 17:38,,en,0,0,0,[],[],0,0,,,,,,,,,,,None
5257,rlly sharp pains left side drink coffee feel like im gonna die hello,5/18/2022 7:02,,en,0,0,1,[],[],0,0,,,,,,,,,,,None
5258,rt comment best friends gc dont join mute plz besties part edtwt dont talk abt free pass u like anime kpop try add everyone itll like people,5/12/2022 8:43,,en,0,0,1,[],[],0,0,,,,,,,,,,,Mild
5259,rt b moots tl getting dryer dryer days go idk need frens dni pro ed non ed acc shitty person,4/27/2022 3:24,,en,0,0,0,[],[],0,0,,,,,,,,,,,None
5260,rt meanspo makes u laugh doesnt work,4/26/2022 17:25,,en,1,0,0,[],[],0,0,,,,,,,,,,,None
5261,rt u would never shame someone skinny want prove locals know talking,4/21/2022 6:29,,en,2,0,0,[],[],0,0,,,,,,,,,,,None
5262,u hate proana tiktok passion,3/22/2022 22:19,,en,0,0,0,[],[],0,0,,,,,,,,,,,None
5263,rt u mindlessly scroll edtwt bc u nothing better lt,3/22/2022 22:17,,en,0,0,0,[],[],0,0,,,,,,,,,,,Mild
5264,ur edtwt follow u pls pets mutuals,3/7/2022 6:54,,en,0,0,1,[],[],0,0,,,,,,,,,,,Mild
5265,rt ur edtwt follow u pls,2/24/2022 23:59,,en,1,0,1,[],[],0,0,,,,,,,,,,,Mild
5266,rt remember,2/24/2022 23:54,,en,0,0,0,[],[],0,0,,,,,,,,,,,None
5267,rt youve never used laxative im tryna see smtng,2/24/2022 23:53,,en,1,0,2,[],[],0,0,,,,,,,,,,,None
5268,rt ing boost still cant get main ive contact twt support please rt moots know didnt dip something,2/8/2022 5:11,,en,0,0,5,[],[],0,1,,,,,,,,,,,None
5269,percebi agora q n mandei pesagem da segunda semana kk,2/8/2022 5:10,,en,0,0,1,[],[],0,1,,,,,,,,,,,None
5270,saw tl laughed,2/1/2022 8:55,,en,0,0,1,[],[],0,0,,,,,,,,,,,None
5271,second option dont school tomorrow anyways,1/13/2022 8:36,,en,0,0,0,[],[],0,0,,,,,,,,,,,None
5272,seduce like lover promises made take care nurture tends fade anorexia insidious relationship abuse destroy mind body leaving carcass use,1/13/2022 8:36,,en,3,0,0,[],[],0,0,,,,,,,,,,,None
5273,see hate spaniards music goes hard,1/13/2022 7:00,,en,0,0,0,[],[],0,1,,,,,,,,,,,None
5274,sh recovery encouragement thread plz interact,1/8/2022 4:32,,en,0,0,2,[],[],0,0,,,,,,,,,,,None
5275,looks rich expensive,1/7/2022 5:19,,en,0,0,0,[],[],0,0,,,,,,,,,,,None
5276,shes queen methinks,1/7/2022 5:18,,en,0,0,0,[],[],0,0,,,,,,,,,,,None
5277,shes everything,1/7/2022 5:18,,en,0,0,1,[],[],0,0,,,,,,,,,,,None
5278,shes crazy,1/6/2022 19:16,,en,1,0,0,[],[],0,0,,,,,,,,,,,None
5279,shes embarrassing,1/6/2022 19:12,,en,1,3,3,[],[],0,0,,,,,,,,,,,None
5280,shes stunning,1/5/2022 23:35,,en,0,0,0,[],[],0,1,,,,,,,,,,,None
5281,shit go hope hes actually worth ruining sleep schedule,1/5/2022 8:16,,en,0,0,0,[],[],0,0,,,,,,,,,,,None
5282,attend online classes tomorrow sleep,4/16/2021 13:06,,en,0,0,0,[],[],0,0,,,,,,,,,,,None
5283,go walk family even tho cold tired,3/19/2021 11:20,,en,0,0,0,[],[],0,0,,,,,,,,,,,None
5284,shut apple orange juice god damn,9/24/2020 3:16,,en,0,0,0,[],[],0,0,,,,,,,,,,,None
5285,since okay use ppls photos bodychecks try shame fucks sake love ed twt dumb comprehend weight eating disorder mental eating disorders anorexia,9/1/2020 14:32,,en,1,0,0,[],[],0,0,,,,,,,,,,,None
5286,slytherin anorexia ravenclaw orthorexia hufflepuff bed gryffindor joined august,6/22/2020 6:03,,en,0,0,0,[],[],0,0,,,,,,,,,,,None
5287,heres server ive made im new making servers may little messy im best rt youre interested joining flopped didnt,3/19/2020 2:04,,en,0,0,3,[],[],0,0,,,,,,,,,,,None
5288,like kind update originally left bc going chemo actually made gain wtf currently hormone replacement therapy bc said chemo like im going puberty lol,3/19/2020 2:03,,en,0,0,0,[],[],0,0,,,,,,,,,,,None
5289,like idk care feel free dm promise awake answer eventually know got nothing better cough thx coronavirus cough,3/18/2020 11:55,,en,0,0,0,[],[],0,0,,,,,,,,,,,None
5290,want skinny tall lanky white guy short cubby hispanic girl duo,5/24/2022 7:32,,en,0,0,0,[],[],0,1,,,,,,,,,,,None
5291,yall negative like bro counting calories make non anorexic,5/20/2022 15:32,,en,0,0,2,[],[],0,1,,,,,,,,,,,None
5292,need learn difference lose loose,5/11/2022 16:11,,en,0,0,2,[],[],0,0,,,,,,,,,,,None
5293,people dont want look deadly skinny know okay objective eating disorders dont look everyone,5/11/2022 16:05,,en,2,1,3,[],[],0,1,,,,,,,,,,,None
5294,someone remind french homework hrs get home,4/30/2022 14:27,,en,1,1,1,[],[],0,1,,,,,,,,,,,None
5295,someone would inject lard food,4/22/2022 15:21,,en,1,0,1,[],[],0,0,,,,,,,,,,,None
5296,sorry using proana past tweets didnt know meant exactly deeply apologize,4/11/2022 0:59,,en,0,0,2,[],[],0,0,,,,,,,,,,,None
5297,sorry negative please go back community kind yall damn childish see someone everyday throwing around term proana bc theyre triggered instead educating person theyre triggered,4/4/2022 11:05,,en,0,0,0,[],[],0,0,,,,,,,,,,,None
5298,sounds great except skin already flawless much hair paint nails eyes dark pretty dark circles genetic havent shat days ok idek gut want die young pretty,4/3/2022 14:31,,en,0,2,9,[],[],0,0,,,,,,,,,,,None
5299,southpark season february nd yass,4/1/2022 5:40,,en,0,0,0,[],[],0,0,,,,,,,,,,,None
5300,started period,4/1/2022 5:40,,en,0,0,1,[],[],0,0,,,,,,,,,,,None
5301,startin day w oatmeal apple honey almond flakes chia seeds,4/1/2022 3:16,,en,2,0,0,[],[],0,0,,,,,,,,,,,None
5302,stopp,3/25/2022 13:40,,en,1,0,2,[],[],0,0,,,,,,,,,,,None
5303,study shower shower study,3/15/2022 14:32,,en,0,0,9,[],[],0,1,,,,,,,,,,,None
5304,sunny loosely derived real name,2/26/2022 15:34,,en,0,0,0,[],[],0,0,,,,,,,,,,,None
5305,venda modelo tourina ano dono antigos adesivos quilometragem condio jovem com problemas de ansiedade,2/19/2022 12:31,,en,0,0,9,[],[],0,1,,,,,,,,,,,None
5306,tag self im anorexia secret wapen,2/9/2022 4:36,,en,2,0,2,[],[],0,0,,,,,,,,,,,None
5307,takis omg taste soo good love much theyre one fear foods also cheesey breadsticks lmfao love cheese,2/8/2022 14:31,,en,1,0,1,[],[],0,0,,,,,,,,,,,None
5308,tall bitches see meanspo see weight get offended like calm goliath get pass,1/30/2022 18:37,,en,0,0,0,[],[],0,0,,,,,,,,,,,None
5309,textured soy potatos half red pepper half onion carrot turned un meal,6/11/2022 2:00,,en,0,0,0,[],[],0,0,,,,,,,,,,,None
5310,thank tou instagram,6/10/2022 14:57,,en,0,0,0,[],[],0,0,,,,,,,,,,,None
5311,great movie im getting tired let get us drink bed,6/10/2022 13:39,,en,1,0,1,[],[],0,0,,,,,,,,,,,None
5312,thats shouldnt simp white guy,6/9/2022 15:46,,en,0,0,0,[],[],0,0,,,,,,,,,,,None
5313,l ednos stands losing weight,6/5/2022 2:26,,en,0,0,1,[],[],0,0,,,,,,,,,,,None
5314,anorexia magically disappears second gain weight myth reason weight focused treatment eds common despite unhelpful traumatizing typically abusive still used despite evidence work,5/8/2022 12:36,,en,0,0,0,[],[],0,0,,,,,,,,,,,None
5315,aespa b sides good im smiling,2/18/2020 13:44,,en,1,0,0,[],[],0,0,,,,,,,,,,,None
5316,audacity white man excited go th hour,8/14/2019 2:59,,en,0,0,1,[],[],0,0,,,,,,,,,,,None
5317,dancing comments arent knetz active listeners kpop im confused,5/25/2018 6:01,,en,2,0,2,[],[],0,1,,,,,,,,,,,None
5318,day finally came thought one lucky ones wouldnt shit themself wouldnt shit story wrong wasnt anything bad yeah happend,5/6/2018 14:50,,en,0,0,2,[],[],0,0,,,,,,,,,,,None
5319,fact cousin wont give adderall plug hate family,5/6/2018 10:39,,en,0,0,0,[],[],0,0,,,,,,,,,,,None
5320,fact poc significantly likely develop eating disorders white people white skinny girls get praised worshipped fucked,5/6/2018 3:19,,en,0,0,0,[],[],0,0,,,,,,,,,,,None
5321,guy back nd pic ngl,5/6/2018 1:34,,en,0,0,0,[],[],0,0,,,,,,,,,,,None
5322,itty bitty rainbow ice cubes need,5/6/2018 1:22,,en,0,0,1,[],[],0,0,,,,,,,,,,,None
5323,jennie gossip girl implications,3/31/2018 11:50,,en,0,0,2,[],[],0,0,,,,,,,,,,,None
5324,meanspo youre liking shows moots tl please dont forget,1/20/2018 7:46,,en,1,1,1,[],[],0,1,,,,,,,,,,,None
5325,new scooby doo movie terrible robot dog cool ash,12/20/2017 13:27,,en,1,0,2,[],[],0,1,,,,,,,,,,,None
5326,difference anorexia atypical anorexia fatphobia,12/5/2017 10:34,,en,1,0,1,[],[],0,1,,,,,,,,,,,None
5327,ppl tiktok think anorexic bc eat school,6/10/2018 16:37,,en,0,7,7,[],[],0,0,,,,,,,,,,,None
5328,ppl go way fatphobic r corny,6/9/2018 5:54,,en,0,0,0,[],[],0,0,,,,,,,,,,,None
5329,real meanspo ed twt bae ur mom lt,6/9/2018 0:59,,en,0,0,1,[],[],0,0,,,,,,,,,,,None
5330,replies guys please use free time u ur fasting study put ur brain use beg,6/8/2018 15:30,,en,0,0,5,[],[],0,0,,,,,,,,,,,None
5331,skin tone kinda like,6/8/2018 14:42,,en,0,0,1,[],[],0,0,,,,,,,,,,,None
5332,sky blue yall think show,6/8/2018 13:03,,en,0,0,0,[],[],0,0,,,,,,,,,,,None
5333,universe literally giving mixed signals,6/8/2018 3:52,,en,0,0,1,[],[],0,0,,,,,,,,,,,None
5334,way got like likes reply didnt even notice bit bc phone dnd checked phone saw notifs looked tatted skater type boy next suddenly got bag like damn rly im living huh,6/7/2018 3:02,,en,0,0,1,[],[],0,0,,,,,,,,,,,None
5335,way talking ab movies like subplot romance u tho heart broken lt,6/6/2018 17:26,,en,0,0,0,[],[],0,0,,,,,,,,,,,None
5336,way happened times backfired second,6/6/2018 8:56,,en,0,1,1,[],[],0,0,,,,,,,,,,,None
5337,themes lt,6/5/2018 13:43,,en,0,0,2,[],[],0,0,,,,,,,,,,,None
5338,nothing toxic middle aged dying republican facebook stand,6/5/2018 2:40,,en,0,1,1,[],[],0,0,,,,,,,,,,,None
5339,theres depop dress wanted soo bad size,6/4/2018 10:56,,en,0,0,1,[],[],0,0,,,,,,,,,,,None
5340,theres difference proana asshole,6/4/2018 10:56,,en,0,0,1,[],[],0,0,,,,,,,,,,,None
5341,theres mom clock app talks daughters treatment dealing ed seems super supportive always irks refers process dealt ed mine always girl hard work mom,6/4/2018 10:55,,en,0,1,1,[],[],0,0,,,,,,,,,,,None
5342,theres also eating disorders besides anorexia,6/3/2018 18:42,,en,0,0,0,[],[],0,0,,,,,,,,,,,None
5343,theres fucking way im gonna go beach pool looking like,6/2/2018 10:57,,en,0,10,2,[],[],0,0,,,,,,,,,,,None
5344,theres something abt chocolate thats gonna every single time,6/9/2022 2:37,,en,0,0,0,[],[],0,0,,,,,,,,,,,None
5345,nothing cute aesthetic eating disorders eating disorders layering muliple clothes anorexic cold sneaking downstairs eat bed throat burning purged cute,6/8/2022 2:47,,en,0,0,0,[],[],0,0,,,,,,,,,,,None
5346,playing seoul town road american outfitters waddahell,6/8/2022 2:45,,en,1,0,1,[],[],0,0,,,,,,,,,,,None
5347,argument funny nobody escapes indian wedding without eating atleast plates food,3/27/2022 3:05,,en,0,0,0,[],[],0,0,,,,,,,,,,,None
5348,excellent song excellent high note phew,3/27/2022 2:09,,en,0,0,20,[],[],0,1,,,,,,,,,,,None
5349,finna im confident wearing revealing clothes,3/20/2022 12:06,,en,0,0,2,[],[],0,1,,,,,,,,,,,None
5350,girl told anarexia pray guys yeah fr spelled like,3/16/2022 21:57,,en,0,0,0,[],[],0,0,,,,,,,,,,,None
5351,literal lie yall dont know eat oatmeal,2/20/2022 5:38,,en,0,0,2,[],[],0,1,,,,,,,,,,,None
5352,exactly want jennies solo album fear,2/19/2022 6:49,,en,0,0,1,[],[],0,0,,,,,,,,,,,None
5353,everytime finish workout,2/18/2022 4:40,,en,0,0,1,[],[],0,0,,,,,,,,,,,None
5354,embarrassing really wish could talk irl rn would sound stupid,1/24/2022 6:26,,en,0,0,1,[],[],0,0,,,,,,,,,,,None
5355,jesy look darker nicki,1/6/2022 9:39,,en,1,0,1,[],[],0,0,,,,,,,,,,,None
5356,super random genuinely love diff aesthetics interests mutuals promise one unnecessarily mean girls,12/12/2021 16:01,,en,0,0,0,[],[],0,0,,,,,,,,,,,None
5357,isnt eating disorders america literally pisses much didnt try stop protests pandemic tried stop black lives matter protest white people brought guns black people brought guns would shot,10/9/2021 18:13,,en,0,0,0,[],[],0,0,,,,,,,,,,,None
5358,isnt inspiring depressing,10/5/2021 22:15,,en,0,0,0,[],[],0,0,,,,,,,,,,,None
5359,isnt funny youre serious uh,9/21/2021 9:42,,en,0,0,0,[],[],0,0,,,,,,,,,,,None
5360,pandemic really bad people eating disorders,8/29/2021 4:27,,en,0,0,0,[],[],0,0,,,,,,,,,,,None
5361,semester pe french immersion next semester photography pre calc third semester career social studies fourth semester composition science honours,5/11/2021 1:38,,en,0,0,1,[],[],0,0,,,,,,,,,,,None
5362,monthly checkup lets see goes bye see yall next month,5/8/2021 2:14,,en,1,0,2,[],[],0,0,,,,,,,,,,,None
5363,yalls moot pls read whole thread made upset panicky,5/7/2021 12:03,,en,0,0,1,[],[],0,0,,,,,,,,,,,None
5364,thought talking blackpink song,5/1/2021 3:03,,en,2,0,6,[],[],0,0,,,,,,,,,,,None
5365,thread favorite tipzz,4/28/2021 22:46,,en,0,0,0,[],[],0,0,,,,,,,,,,,None
5366,thus improving mine megans parasocial relationship,4/25/2021 0:14,,en,0,0,0,[],[],0,0,,,,,,,,,,,None
5367,tiktokers stop like went pounds healthy smiling face heart eyes like genuinely good eating disorders competitive n literally adds nothing drop ur lw like ok,4/17/2021 0:39,,en,0,0,1,[],[],0,0,,,,,,,,,,,None
5368,tmi ever spend hours toilet bathroom making anonymous embarrassed,4/16/2021 3:09,,en,1,0,1,[],[],0,0,,,,,,,,,,,None
5369,guys eating disorders see u ur valid,4/14/2021 4:06,,en,0,0,5,[],[],0,0,,,,,,,,,,,None
5370,everyone invalidating people high restrict feel bitch eating disorders dont cal limit dont act like,4/9/2021 5:05,,en,0,0,6,[],[],0,0,,,,,,,,,,,None
5371,look like,4/9/2021 5:02,,en,1,0,7,[],[],0,0,,,,,,,,,,,None
5372,planning recovery know u want try different foods please take slow love take care,4/6/2021 3:32,,en,0,0,1,[],[],0,0,,,,,,,,,,,None
5373,todays healthspo,9/12/2021 5:23,,en,0,0,2,[],[],0,1,,,,,,,,,,,None
5374,tomorrow last day im letting hr feel insanely nauseous,5/27/2021 10:51,,en,1,0,1,[],[],0,0,,,,,,,,,,,None
5375,trigger warning proana weight mention hi hello lets also keep mind diff sized hands im underweight cant touch pinky thumb around wrist bc hand small lol r morbidly obese cant,3/27/2021 8:27,,en,0,0,4,[],[],0,0,,,,,,,,,,,None
5376,trying hard skip megan lisas parts,2/26/2021 7:12,,en,1,0,4,[],[],0,0,,,,,,,,,,,None
5377,tumblr getting boring im see evil monkey,12/5/2020 10:51,,en,0,2,10,[],[],0,1,,,,,,,,,,,None
5378,tw minor self harm went days without drawing blood didnt think blade sharp breakdown pressed harder,12/3/2020 10:55,,en,0,1,4,[],[],0,0,,,,,,,,,,,None
5379,tw minor self harm image heart lt,6/3/2020 5:45,,en,0,0,0,[],[],0,0,,,,,,,,,,,None
5380,tw self harm baby cuts,5/15/2020 13:06,,en,0,1,2,[],[],0,0,,,,,,,,,,,None
5381,tw rant like say dont attack people making sh ed shit fucking read mainly us include tw tweet profile way even find stuff searching,4/23/2020 13:30,,en,0,0,0,[],[],0,0,,,,,,,,,,,None
5382,tw idiocy bitch people mad invalidating know mental illnesses work kgdick,3/8/2020 16:00,,en,0,0,1,[],[],0,1,,,,,,,,,,,None
5383,tw eating disorders f say ive never happier men mean wtf wrong wasnt bulimic anorexic though like wtf,3/8/2020 14:07,,en,1,0,0,[],[],0,0,,,,,,,,,,,None
5384,tw ed guess pp big doe,1/12/2020 16:12,,en,1,1,3,[],[],0,0,,,,,,,,,,,None
5385,tw nsfw ed people actually sexualize anorexia ed,1/7/2020 13:40,,en,0,0,7,[],[],0,0,,,,,,,,,,,None
5386,u proana hard ed twt still nice person btw,12/27/2019 11:37,,en,0,1,7,[],[],0,1,,,,,,,,,,,None
5387,u cant decide go anorexia orthorexia u reach ur ugw wtf wrong u ppl,12/23/2019 15:29,,en,1,0,1,[],[],0,0,,,,,,,,,,,None
5388,u know studyblr got studyspo u think got study meanspo like look u u lazy bitch studying like u said u would wonder ure failing ur classes,12/12/2019 15:21,,en,0,1,4,[],[],0,1,,,,,,,,,,,None
5389,uau uau eu literalmente falando disso tem meses e minha namorada solta um fao ideia de qm kk por isso q nunca falo de nada q gosto pra ngm pq todo vez q falo nunca importante suficiente pra lembrar,10/1/2019 6:10,,en,1,0,3,[],[],0,0,,,,,,,,,,,None
5390,uhh idk anyone read recovered months ago im,7/12/2019 13:22,,en,0,0,0,[],[],0,0,,,,,,,,,,,None
5391,um anyways lesbians,7/4/2019 8:14,,en,0,0,1,[],[],0,0,,,,,,,,,,,None
5392,umm ate like calories today lawl fatass,6/27/2019 9:43,,en,1,0,0,[],[],0,0,,,,,,,,,,,None
5393,unfollow u think anorexia bound specific amount calories,5/26/2019 6:55,,en,0,0,0,[],[],0,0,,,,,,,,,,,None
5394,unfortunately actually get worlds worst period cramps usually faint cry throw pain,5/15/2019 15:19,,en,0,0,2,[],[],0,0,,,,,,,,,,,None
5395,unpinned,4/29/2019 14:32,,en,0,0,1,[],[],0,0,,,,,,,,,,,None
5396,ur literally fucking annoying u let live,4/29/2019 14:18,,en,0,1,8,[],[],0,1,,,,,,,,,,,None
5397,vanilla cupcakes pink buttercream frosting give,1/8/2019 7:25,,en,0,0,1,[],[],0,0,,,,,,,,,,,None
5398,venting eating disorders promoting eating disorders venting eating disorders promoting eating disorders venting eating disorders promoting eating disorders venting eating disorders promoting eating disorders,12/25/2018 19:46,,en,0,0,2,[],[],0,1,,,,,,,,,,,None
5399,vou fazer dieta vo de qua sex parar finds e fazer semana q vem tbm vamo ver q dar pior q leite n vai ser,12/20/2018 3:28,,en,0,1,3,[],[],0,0,,,,,,,,,,,None
5400,wait bae twt called bae twt bulimia anorexia ednos,11/17/2018 11:06,,en,0,0,0,[],[],0,0,,,,,,,,,,,None
5401,wait yall eating disorders thought talking ab ed dayfiance,11/17/2018 10:32,,en,1,0,1,[],[],0,0,,,,,,,,,,,None
5402,wait yall dont shit like chronic diarrhea tf,11/8/2018 6:27,,en,0,0,0,[],[],0,0,,,,,,,,,,,None
5403,wait yall eating disorders thought ed stood end dapolicesystem,4/15/2018 15:24,,en,0,0,2,[],[],0,0,,,,,,,,,,,None
5404,waiting jungkook charlie puth mma singing moment,3/27/2018 8:14,,en,0,0,1,[],[],0,1,,,,,,,,,,,None
5405,wanna go europe sole purpose trying alpro products yall always post,2/25/2018 13:03,,en,0,0,0,[],[],0,1,,,,,,,,,,,None
5406,want kpop ed gc normal ed gc everyone full,2/8/2018 16:10,,en,0,0,0,[],[],0,1,,,,,,,,,,,None
5407,want feel whole broken,1/30/2018 14:50,,en,1,0,0,[],[],0,0,,,,,,,,,,,None
5408,alr things smiling cat face heart eyes,11/23/2017 6:59,,en,0,0,0,[],[],0,0,,,,,,,,,,,None
5409,watching video guy said eating disorders donald trump discriminate gender race,11/22/2017 15:12,,en,0,1,1,[],[],0,0,,,,,,,,,,,None
5410,wdym twitter social media platform waste time recurring thoughts,11/20/2017 16:38,,en,0,0,2,[],[],0,0,,,,,,,,,,,None
5411,know two ppl come suggestions,9/1/2017 13:46,,en,0,0,0,[],[],0,0,,,,,,,,,,,None
5412,playing among us region europe code fsozqq join,4/6/2017 7:19,,en,0,0,1,[],[],0,1,,,,,,,,,,,None
5413,playing among us region europe code hjclhf join,8/25/2016 8:41,,en,0,0,5,[],[],0,1,,,,,,,,,,,None
5414,boys eating disorders mental illness,6/6/2022 2:44,,en,0,0,1,[],[],0,0,,,,,,,,,,,None
5415,bad experience brits dont hate u ig hj,5/25/2022 12:53,,en,0,0,1,[],[],0,1,,,,,,,,,,,None
5416,instate ban people bmi making meanspo,5/21/2022 0:51,,en,0,0,0,[],[],0,0,,,,,,,,,,,None
5417,still close always shes always told great figure disordered thinking still even tho eats normally worry two daughters sometimes shes good mother,5/18/2022 0:00,,en,0,0,0,[],[],0,0,,,,,,,,,,,None
5418,well admitted ed alrdy suspected didnt wna assume hes bulimic feel bad deal w makes sad told throws food stuff yea sigh feel bad,5/13/2022 3:54,,en,0,0,0,[],[],0,0,,,,,,,,,,,None
5419,jealous everyone getting watch video right stuck dialysis weak ass wifi,5/11/2022 23:01,,en,0,0,0,[],[],0,0,,,,,,,,,,,None
5420,recently bought cocoa glow range regretted since,5/7/2022 7:42,,en,0,0,0,[],[],0,0,,,,,,,,,,,None
5421,queen,4/26/2022 6:49,,en,0,0,0,[],[],0,0,,,,,,,,,,,None
5422,suggestions good hydrating lotions creams,3/15/2022 0:13,,en,0,0,0,[],[],0,0,,,,,,,,,,,None
5423,funerals expensive,3/12/2022 12:33,,en,1,0,8,[],[],0,1,,,,,,,,,,,None
5424,morning person pays get witness golden moon glory,3/2/2022 13:06,,en,0,0,2,[],[],0,0,,,,,,,,,,,None
5425,icu birthday prove complete suckfest life,2/12/2022 0:20,,en,0,0,0,[],[],0,0,,,,,,,,,,,None
5426,shade room comments earlier boosie post begging join challenge weird,2/11/2022 6:38,,en,0,0,0,[],[],0,0,,,,,,,,,,,None
5427,think disrespectful express pain someone else painful tweet,2/3/2022 0:53,,en,1,0,1,[],[],0,0,,,,,,,,,,,None
5428,anyone dreadlocks maintenance crotchet needle jhb retwist keeping roots neat,1/28/2022 5:09,,en,0,0,0,[],[],0,1,,,,,,,,,,,None
5429,get mad ho get bag ho,1/6/2022 2:23,,en,0,0,0,[],[],0,0,,,,,,,,,,,None
5430,let narcissistic entitled black parents see,1/2/2022 11:44,,en,0,0,1,[],[],0,0,,,,,,,,,,,None
5431,love machine work nobody,12/31/2021 4:07,,en,1,0,1,[],[],0,0,,,,,,,,,,,None
5432,kids barely take care leave grandparents catch break,12/28/2021 23:58,,en,0,0,2,[],[],0,0,,,,,,,,,,,None
5433,really fumbled bag tory lamez,11/24/2021 21:15,,en,0,0,0,[],[],0,0,,,,,,,,,,,None
5434,get free cheaper uber bolt rides transport dialysis rides killing,11/24/2021 17:07,,en,0,0,0,[],[],0,0,,,,,,,,,,,None
5435,blame,11/14/2021 6:09,,en,0,0,0,[],[],0,0,,,,,,,,,,,None
5436,need see benzinoneck yanking chain tl today ugh wtf,10/13/2021 15:09,,en,0,0,1,[],[],0,0,,,,,,,,,,,None
5437,know tf came ugh,10/6/2021 8:38,,en,0,0,0,[],[],0,0,,,,,,,,,,,None
5438,finally calmed realized unemployed,10/6/2021 5:14,,en,1,0,1,[],[],0,0,,,,,,,,,,,None
5439,hope realize gas lighting say grateful alive someone finally courage open pain,10/4/2021 15:03,,en,0,0,1,[],[],0,0,,,,,,,,,,,None
5440,love cuckold stories,9/30/2021 0:12,,en,0,0,1,[],[],0,1,,,,,,,,,,,None
5441,really ask much health happiness normalcy like everyone else,9/10/2021 23:32,,en,0,0,0,[],[],0,0,,,,,,,,,,,None
5442,really held dialysis facility doctor amazing feel need continue tolerate bullshit hope new place take care rip dr mabubula,9/10/2021 4:27,,en,0,0,0,[],[],0,0,,,,,,,,,,,None
5443,really took nap woke panic mom called phone thought wanted tell late work,8/31/2021 7:55,,en,0,0,0,[],[],0,0,,,,,,,,,,,None
5444,really overestimate much eat,8/31/2021 3:28,,en,0,0,0,[],[],0,0,,,,,,,,,,,None
5445,smile much people starting think approachable,8/31/2021 3:27,,en,1,0,0,[],[],0,0,,,,,,,,,,,None
5446,infected someone got vaccinated mf started careless around knowing chronic illness already,7/28/2021 2:56,,en,0,0,3,[],[],0,0,,,,,,,,,,,None
5447,demolish every single one carrot cake superior,6/29/2021 5:55,,en,0,0,0,[],[],0,0,,,,,,,,,,,None
5448,bad thing,6/11/2021 0:52,,en,0,0,0,[],[],0,0,,,,,,,,,,,None
5449,oreo krusher supposed ice oreos area sucks making,6/9/2021 14:35,,en,0,1,0,[],[],0,0,,,,,,,,,,,None
5450,barn owl completely harmless,6/5/2021 3:38,,en,0,0,0,[],[],0,0,,,,,,,,,,,None
5451,crazy feel pain self mutilate,5/20/2021 0:33,,en,0,0,0,[],[],0,0,,,,,,,,,,,None
5452,snacking ice cubes weekend still craving,5/4/2021 12:06,,en,0,0,0,[],[],0,0,,,,,,,,,,,None
5453,given experienced,3/23/2021 3:42,,en,0,0,0,[],[],0,0,,,,,,,,,,,None
5454,put books send lil lunch money every month,6/9/2022 13:44,,en,2,0,4,[],[],0,0,,,,,,,,,,,None
5455,let hope find partner mentality ever get chronically ill,6/9/2022 12:36,,en,0,0,0,[],[],0,0,,,,,,,,,,,None
5456,mara wena,6/7/2022 12:47,,en,0,0,5,[],[],0,0,,,,,,,,,,,None
5457,men obsess kids prove manhood even life together,6/7/2022 12:43,,en,1,0,4,[],[],0,0,,,,,,,,,,,None
5458,grandmother really woke hour check okay love much,6/4/2022 7:21,,en,0,0,0,[],[],0,0,,,,,,,,,,,None
5459,twerking jerusalema hottie world episode,6/4/2022 6:58,,en,1,0,1,[],[],0,0,,,,,,,,,,,None
5460,everyone want decided vaccinate yet anti vaxxer,6/4/2022 6:53,,en,0,0,2,[],[],0,0,,,,,,,,,,,None
5461,window shopping food delivery apps hungry broke,6/4/2022 6:28,,en,3,0,9,[],[],0,0,,,,,,,,,,,None
5462,nuff said,6/4/2022 6:26,,en,0,0,2,[],[],0,0,,,,,,,,,,,None
5463,okay beyonce rihanna,6/2/2022 15:09,,en,1,0,2,[],[],0,0,,,,,,,,,,,None
5464,old black people dancing second favorite thing,6/2/2022 10:46,,en,1,0,6,[],[],0,0,,,,,,,,,,,None
5465,omfg yung tina snow goin hard ho,5/31/2022 14:22,,en,0,0,2,[],[],0,0,,,,,,,,,,,None
5466,remember gossip city pic mix guys assume dated asked looked better slut shaming soon pardi went public,5/31/2022 9:54,,en,0,0,0,[],[],0,0,,,,,,,,,,,None
5467,responding messages,5/24/2022 14:49,,en,1,0,2,[],[],0,0,,,,,,,,,,,None
5468,richard ramirez said would target homes people would leave windows open took invitation become next murder victim words alone made stop,5/19/2022 11:52,,en,2,3,31,[],[],0,0,,,,,,,,,,,None
5469,proud congratulations,5/18/2022 11:22,,en,1,0,1,[],[],0,0,,,,,,,,,,,None
5470,still tested positive covid days going dialysis exhausting enough always something,5/18/2022 11:15,,en,5,0,7,[],[],0,0,,,,,,,,,,,None
5471,anxiety feel someone said pick,5/18/2022 10:53,,en,1,0,4,[],[],0,0,,,,,,,,,,,None
5472,combination dialysis anemia covid pits energy zero day,5/16/2022 18:49,,en,8,3,29,[],[],0,0,,,,,,,,,,,None
5473,oreo krusher nothing water soggy biscuits,5/16/2022 10:32,,en,1,0,2,[],[],0,0,,,,,,,,,,,None
5474,disgusting creep let hookers mo st kids birthday gift ew,5/16/2022 10:12,,en,1,0,2,[],[],0,0,,,,,,,,,,,None
5475,childhood saying c,5/16/2022 8:40,,en,3,0,4,[],[],0,0,,,,,,,,,,,None
5476,people died meadowlands,5/16/2022 8:36,,en,0,0,4,[],[],0,0,,,,,,,,,,,None
5477,amazing sweetie,5/16/2022 8:18,,en,3,0,11,[],[],0,0,,,,,,,,,,,None
5478,wanna starting something wanna starting sumthin,5/16/2022 7:03,,en,1,0,2,[],[],0,0,,,,,,,,,,,None
5479,salir del clset con un trastorno alimenticio,5/16/2022 5:46,,en,2,0,16,[],[],0,0,,,,,,,,,,,None
5480,ok get away toxic family members,5/15/2022 15:01,,en,4,1,22,[],[],0,1,,,,,,,,,,,None
5481,sure promise always right moment recover try step step however please stay safe take care x,5/15/2022 14:49,,en,3,1,13,[],[],0,1,,,,,,,,,,,None
5482,broke coccyx bc fell stairs,5/14/2022 16:03,,en,0,0,0,[],[],0,0,,,,,,,,,,,None
5483,skip meal almost faint evening wtf going,5/14/2022 8:50,,en,3,1,12,[],[],0,1,,,,,,,,,,,None
5484,tested positive covid chance ask anything related,5/14/2022 8:24,,en,1,0,0,[],[],0,0,,,,,,,,,,,None
5485,feeling blue tonight,5/12/2022 5:33,,en,0,1,7,[],[],0,1,,,,,,,,,,,None
5486,brother twitter become children friendly lol tho,5/12/2022 5:27,,en,2,0,3,[],[],0,0,,,,,,,,,,,None
5487,tl dead looking nice accounts follow,5/12/2022 5:24,,en,2,0,2,[],[],0,0,,,,,,,,,,,None
5488,want clarify lot food isnt solely mexican latinx cultures also traditionally make source im boricua,5/12/2022 5:22,,en,5,4,9,[],[],0,0,,,,,,,,,,,None
5489,youre sweet,5/11/2022 12:10,,en,0,0,1,[],[],0,0,,,,,,,,,,,None
5490,u know blue shirt guys ig,5/10/2022 12:24,,en,0,0,2,[],[],0,0,,,,,,,,,,,None
5491,omg yes perfect,5/10/2022 9:54,,en,4,4,23,[],[],0,1,,,,,,,,,,,None
5492,u got male thinspo,5/7/2022 3:30,,en,0,0,1,[],[],0,0,,,,,,,,,,,None
5493,carrot hunger best one ive found,5/6/2022 0:32,,en,1,0,2,[],[],0,0,,,,,,,,,,,None
5494,ay yo goldmine diets thank later,6/11/2022 6:44,,en,1,0,2,[],[],0,0,,,,,,,,,,,None
5495,pls lana stans comments realise side twt theyre,6/11/2022 6:11,,en,0,0,0,[],[],0,0,,,,,,,,,,,None
5496,pls u period w blood,6/11/2022 6:01,,en,1,0,0,[],[],0,0,,,,,,,,,,,None
5497,heart would leap chest omg,6/11/2022 0:23,,en,1,0,1,[],[],0,1,,,,,,,,,,,None
5498,reach ugw,6/10/2022 23:56,,en,2,0,1,[],[],0,0,,,,,,,,,,,None
5499,thats ive lost weight last days omg,6/10/2022 14:08,,en,0,0,1,[],[],0,1,,,,,,,,,,,None
5500,americans dont boxing day wtf,6/10/2022 13:57,,en,0,0,0,[],[],0,1,,,,,,,,,,,None
5501,demand justice casey christian goodson jr sign petition via,6/10/2022 13:34,,en,0,0,0,[],[],0,0,,,,,,,,,,,None
5502,going walk work binge,6/10/2022 13:17,,en,0,0,0,[],[],0,1,,,,,,,,,,,None
5503,governor kemp free ashley diamond sign petition via,6/10/2022 12:57,,en,0,0,5,[],[],0,0,,,,,,,,,,,None
5504,hahah funny funny humour,6/10/2022 12:39,,en,1,0,0,[],[],0,0,,,,,,,,,,,None
5505,ho get ugly plateau,6/10/2022 11:19,,en,0,0,1,[],[],0,1,,,,,,,,,,,None
5506,human rights campaign protect black trans women sign petition via,6/10/2022 9:27,,en,0,0,1,[],[],0,0,,,,,,,,,,,None
5507,literally look dead rn love tim burton glow,6/10/2022 9:01,,en,1,0,0,[],[],0,0,,,,,,,,,,,None
5508,ive gained caus ate bread today b brink unaliving myselfpls,6/10/2022 8:52,,en,1,0,2,[],[],0,0,,,,,,,,,,,None
5509,fine christmas fine christmas fune christmas fine christmas,6/10/2022 6:31,,en,0,0,0,[],[],0,0,,,,,,,,,,,None
5510,bought mango mochi thats cals eachso sexy,6/10/2022 3:53,,en,0,0,2,[],[],0,1,,,,,,,,,,,None
5511,kay ivey grant clemency robin rocky myers change sentence death life without possibility parole sign petition via,6/10/2022 3:51,,en,0,0,6,[],[],0,0,,,,,,,,,,,None
5512,oh god ive woken hear brandon bernard executed truly heartbreaking fuck criminal justice system,6/10/2022 3:28,,en,1,0,1,[],[],0,0,,,,,,,,,,,None
5513,president united states brandon bernard given execution date december th terre haute indiana sign petition via,6/9/2022 15:53,,en,0,0,1,[],[],0,0,,,,,,,,,,,None
5514,tell cake ate,6/9/2022 12:55,,en,1,0,3,[],[],0,0,,,,,,,,,,,None
5515,loud,6/9/2022 12:22,,en,1,0,4,[],[],0,1,,,,,,,,,,,None
5516,whys uterus hurting ow ow period wjat help,6/9/2022 12:15,,en,1,0,2,[],[],0,0,,,,,,,,,,,None
5517,wow really audacity say simulation nothing matters anorexic,6/9/2022 7:59,,en,0,0,0,[],[],0,0,,,,,,,,,,,None
5518,wow love getting triggered blairs ed episode gossip girl,6/9/2022 3:41,,en,1,0,2,[],[],0,0,,,,,,,,,,,None
5519,yall u watch euphoria ep sw put link comments plss,6/8/2022 10:38,,en,0,0,1,[],[],0,0,,,,,,,,,,,None
5520,girl said fuck anorexia went favourite pre ed restaurant closed lmaoo universe telling im fatty still needs lose weight,6/8/2022 4:56,,en,0,0,3,[],[],0,0,,,,,,,,,,,None
5521,cat used bald tum overgrooming quite often,6/8/2022 4:42,,en,1,0,2,[],[],0,1,,,,,,,,,,,None
5522,honestly think people get bothered things like ridiculous posts make feel like annoyed something harmless someone snack meeting care much,6/8/2022 4:39,,en,1,0,2,[],[],0,0,,,,,,,,,,,None
5523,start teaching year call relationship sex education boys girls taught together,6/8/2022 2:20,,en,0,0,1,[],[],0,0,,,,,,,,,,,None
5524,mum keeps telling get gummies months supply id really rather,6/8/2022 2:16,,en,1,0,1,[],[],0,0,,,,,,,,,,,None
5525,theres number text shout text replies take another human typing make easier ways,6/7/2022 10:48,,en,0,0,1,[],[],0,0,,,,,,,,,,,None
5526,im okay thank trying take day comes make day little brighter one,6/7/2022 10:17,,en,1,0,0,[],[],0,0,,,,,,,,,,,None
5527,honestly wish worked seems make persistent like challenge steal away total shit like,6/7/2022 6:30,,en,0,0,5,[],[],0,1,,,,,,,,,,,None
5528,handed dissertation three weeks early got solid first dont worry know youre,6/6/2022 12:09,,en,3,0,5,[],[],0,0,,,,,,,,,,,None
5529,scared elves dont even know glad giving fun though colleague lot children im interested see happens mix glitter eggs something exciting apparently,6/6/2022 11:38,,en,0,0,0,[],[],0,0,,,,,,,,,,,None
5530,sending love eating disorder ripping apart right heading sixth christmas shit ugh fighting hard,6/6/2022 11:34,,en,0,0,0,[],[],0,0,,,,,,,,,,,None
5531,work primary school im going pokmon character left everything last minute,6/6/2022 7:08,,en,0,0,2,[],[],0,0,,,,,,,,,,,None
5532,id love kids risk child mine exactly like im avoiding conversations partner starting family want children little version,6/6/2022 3:56,,en,1,0,0,[],[],0,0,,,,,,,,,,,None
5533,bmth gig back september,6/6/2022 1:05,,en,0,0,1,[],[],0,0,,,,,,,,,,,None
5534,dont think hate cara probably sounds like jealousy successful kind well liked community probably sad little nobody fuck offer said hope youre okay x,6/6/2022 0:36,,en,0,0,0,[],[],0,0,,,,,,,,,,,None
5535,short hair,6/6/2022 0:35,,en,1,0,0,[],[],0,1,,,,,,,,,,,None
5536,didnt realise paid huge boobs fake ass face full slap hard work jeez,6/5/2022 12:57,,en,0,0,2,[],[],0,0,,,,,,,,,,,None
5537,happy birthday panda,6/5/2022 12:54,,en,0,0,0,[],[],0,0,,,,,,,,,,,None
5538,havent years know go im honestly really scared,6/5/2022 12:39,,en,0,0,0,[],[],0,1,,,,,,,,,,,None
5539,told would assigned community care coordinator contact find nobody bothered contact close month assessment im going give feels easier let sink,6/5/2022 12:30,,en,0,0,0,[],[],0,1,,,,,,,,,,,None
5540,im forever buying things etsy love idea store dont think im creative enough talented enough make anything people would want purchase get writing,6/5/2022 12:27,,en,0,0,0,[],[],0,0,,,,,,,,,,,None
5541,im often confused dancing omg got period instagram reels dont get major want know like deal also need look pill people get period due contraception health,6/5/2022 12:27,,en,1,0,0,[],[],0,0,,,,,,,,,,,None
5542,workplace fitness whatsapp group know shouldnt join competitive know ed make actually commit exercising show im best,6/5/2022 12:13,,en,1,0,1,[],[],0,0,,,,,,,,,,,None
5543,shopping course hyde park huge winter wonderland market looks really cute festive,6/5/2022 12:13,,en,0,0,1,[],[],0,0,,,,,,,,,,,None
5544,sscm honestly im remotely interested steps supporting said would still crap proved right never referred back shit could possibly get,6/5/2022 12:12,,en,0,0,0,[],[],0,0,,,,,,,,,,,None
5545,fact im answering probably answers question dont sleep well takes ages fall asleep staying asleep issue,6/5/2022 12:00,,en,0,0,1,[],[],0,1,,,,,,,,,,,None
5546,financial implications dont think considered enough dont mean cost binging taxi bus tickets appointments work private therapy costs prescription costs sorts things really,6/5/2022 11:59,,en,1,0,2,[],[],0,0,,,,,,,,,,,None
5547,fred loves dreamies snoozing igloo head boops ear rubs hates sound flush vacuum sunny spots rug first love,6/5/2022 11:35,,en,0,0,2,[],[],0,0,,,,,,,,,,,None
5548,honest drive influence shouldnt allowed opinion anything anyway,6/5/2022 10:36,,en,0,0,1,[],[],0,0,,,,,,,,,,,None
5549,ughh doesnt even matter weight completely irrelevant much needs gained indicator health,6/5/2022 3:38,,en,1,0,1,[],[],0,0,,,,,,,,,,,None
5550,year havent know important cant stand thought makes feel anxious,6/4/2022 8:51,,en,2,0,3,[],[],0,1,,,,,,,,,,,None
5551,yup im day headaches awful quite irritable tired ive avoided anything dreadful cough fever thats gone,6/4/2022 7:53,,en,1,0,0,[],[],0,0,,,,,,,,,,,None
5552,thats awful im okay focusing work wait,6/4/2022 7:45,,en,1,0,0,[],[],0,1,,,,,,,,,,,None
5553,reception think fed waiting around patience thing child,6/4/2022 5:51,,en,2,3,5,[],[],0,0,,,,,,,,,,,None
5554,thanks im sure itll fine im worrying cant control essentially know nurse leading inpatient kind hoping doesnt remember nightmare,6/4/2022 5:47,,en,0,0,0,[],[],0,0,,,,,,,,,,,None
5555,omg wait horror,6/3/2022 13:26,,en,0,0,2,[],[],0,0,,,,,,,,,,,None
5556,tried convince doctor adhd could get ritalin appetite suppressant,6/3/2022 13:14,,en,0,0,0,[],[],0,0,,,,,,,,,,,None
5557,mines booked th doctors surgery nearest date could offer could go walk centre feel like waiting long lines full people probably somewhat counterproductive,6/3/2022 12:53,,en,0,0,1,[],[],0,0,,,,,,,,,,,None
5558,im okay trying keep busy focused whilst making game plan emotionally resilient return work x,6/3/2022 12:42,,en,0,0,1,[],[],0,0,,,,,,,,,,,None
5559,happy birthday ewan still remember uni celebration parties fondly hope cracking birthday,6/3/2022 11:49,,en,2,0,7,[],[],0,0,,,,,,,,,,,None
5560,id like think degrees mean afford something substantially better drink lambrini,6/3/2022 10:30,,en,0,0,0,[],[],0,0,,,,,,,,,,,None
5561,means hes somebody worth recognition,6/3/2022 2:23,,en,1,0,4,[],[],0,0,,,,,,,,,,,None
5562,story life swear im always stressing cold whether covid joys rubbish immune system working children,6/2/2022 11:54,,en,0,0,0,[],[],0,1,,,,,,,,,,,None
5563,im bad busy morning keeping distracted x,6/2/2022 5:17,,en,0,0,1,[],[],0,1,,,,,,,,,,,None
5564,cant come work today dont time go,6/2/2022 5:10,,en,2,0,13,[],[],0,0,,,,,,,,,,,None
5565,im day six still testing positive feel pretty awful glad im triple vaccinated cant imagine id feeling,6/1/2022 22:58,,en,0,1,4,[],[],0,0,,,,,,,,,,,None
5566,freeze take need,6/1/2022 9:59,,en,0,0,11,[],[],0,1,,,,,,,,,,,None
5567,funny berated frequently second parents get asked help educate children due covid complete meltdown grade maths difficult,5/30/2022 6:17,,en,0,0,2,[],[],0,1,,,,,,,,,,,None
5568,fred true gentleman,5/30/2022 1:56,,en,0,0,1,[],[],0,0,,,,,,,,,,,None
5569,sorry blackmail people going refuse vaccinated cant refused access places putting others risk employers colleagues members public put risk office shop commute etc,5/29/2022 12:34,,en,0,1,7,[],[],0,1,,,,,,,,,,,None
5570,hahaha live inner city bogot im sure,5/27/2022 23:38,,en,1,0,1,[],[],0,0,,,,,,,,,,,None
5571,going emo phase senior school mcr fall boy first last taking back sunday p atd,5/27/2022 23:31,,en,1,0,0,[],[],0,0,,,,,,,,,,,None
5572,thank trying distract keep mind busy,5/27/2022 13:40,,en,10,1,34,[],[],0,0,,,,,,,,,,,None
5573,thats cool need learn spanish brother family live colombia speak fluently give name say thank ask nearest beach,6/1/2022 9:51,,en,0,0,1,[],[],0,0,,,,,,,,,,,None
5574,language learning,5/21/2022 5:06,,en,1,0,0,[],[],0,0,,,,,,,,,,,None
5575,use gifting friends mean mostly stuff keep busy,4/22/2022 23:13,,en,0,0,3,[],[],0,0,,,,,,,,,,,None
5576,im okay think think people friends colleagues realise thought wrong everything feels worse ill fine though actually feel better chat reason check think,4/12/2022 14:12,,en,0,0,0,[],[],0,0,,,,,,,,,,,None
5577,okay sense managed enough pass alright completely crumbling got home mum nice time thats mattered really get meal actual birthday,4/12/2022 8:26,,en,1,1,0,[],[],0,0,,,,,,,,,,,None
5578,agree disagree dont see happy fulfilled inability even feed properly left small unhappy uneventful existence revolves around calories exercise weight,4/2/2022 10:03,,en,0,0,1,[],[],0,0,,,,,,,,,,,None
5579,ill take one might actually fill charm bracelet,2/23/2022 13:01,,en,0,0,1,[],[],0,0,,,,,,,,,,,None
5580,german car question german brand know things working children id clue otherwise,2/14/2022 20:53,,en,1,0,1,[],[],0,0,,,,,,,,,,,None
5581,yup whenever heavy goods vehicle goes past im like missed opportunity,2/14/2022 10:36,,en,1,0,2,[],[],0,0,,,,,,,,,,,None
5582,fred andrea cispa chantilly emma jelly fish jones across family,2/8/2022 19:15,,en,0,0,3,[],[],0,0,,,,,,,,,,,None
5583,dont think covid symptoms positive lateral flow followed negative im getting tested sure try rest find order b p day need busy otherwise cant get distracted thoughts,1/26/2022 8:08,,en,1,0,1,[],[],0,0,,,,,,,,,,,None
5584,hours go mornings always feel little slow get proper break soon get fresh air think ill exhausted end day,1/21/2022 4:27,,en,0,0,0,[],[],0,0,,,,,,,,,,,None
5585,position completely understand x,1/20/2022 12:00,,en,1,2,5,[],[],0,0,,,,,,,,,,,None
5586,im never alone also doesnt help easter break yet finish friday bristol,1/16/2022 10:23,,en,0,0,1,[],[],0,0,,,,,,,,,,,None
5587,gp weird thing going call get placed callback list random doctor probably dont know call therefore inevitably hang feeling nowhere near supported helped,1/15/2022 9:32,,en,0,0,0,[],[],0,0,,,,,,,,,,,None
5588,job means im always around least people day thats kids partner works home parents text call everyday although nice cared suffocating times,1/12/2022 16:25,,en,0,0,0,[],[],0,0,,,,,,,,,,,None
5589,live fear undone shoelace bench put foot lessen bend,1/10/2022 11:10,,en,0,0,2,[],[],0,0,,,,,,,,,,,None
5590,ugh total nightmare mother,1/10/2022 10:08,,en,0,0,1,[],[],0,0,,,,,,,,,,,None
5591,get pip wage low despite working hours week helps pay mortgage bills,1/2/2022 8:28,,en,1,0,0,[],[],0,0,,,,,,,,,,,None
5592,left two years due illness havent returned,12/22/2021 21:28,,en,0,1,4,[],[],0,0,,,,,,,,,,,None
5593,often dont go much nights electric blanket cat much cosy,12/21/2021 18:16,,en,0,0,1,[],[],0,0,,,,,,,,,,,None
5594,get side effects started today want know theres anything look nice nap taking definitely fell asleep easily,12/12/2021 15:50,,en,0,0,6,[],[],0,0,,,,,,,,,,,None
5595,bum isnt built like implants,12/3/2021 4:34,,en,0,0,1,[],[],0,0,,,,,,,,,,,None
5596,cool school mind pretty certain popular kids school never arrived egg smeared faces times changed,11/10/2021 6:57,,en,0,0,0,[],[],0,0,,,,,,,,,,,None
5597,guess would depend starting weight pizza grams grams grams would grams although fraction smaller consumed weight greater teach primary maths seems like really mean trick question,11/5/2021 15:11,,en,1,0,0,[],[],0,0,,,,,,,,,,,None
5598,somehow managed simultaneously bite sides cheek yesterday agony,11/4/2021 4:13,,en,1,0,1,[],[],0,0,,,,,,,,,,,None
5599,make insurance claim two ladies willing witnesses otherwise might word unfortunately,10/30/2021 8:46,,en,0,0,1,[],[],0,0,,,,,,,,,,,None
5600,happened earlier washing dishes pretty much made day start shittiest way,10/30/2021 8:44,,en,1,0,0,[],[],0,0,,,,,,,,,,,None
5601,havent taught since asked last week ended floods tears anxiety attack worst thing really want teach,10/30/2021 6:07,,en,1,0,1,[],[],0,0,,,,,,,,,,,None
5602,also much easier hide behind lots layers always feel irresponsible shoulders etc show work school like im bad role model,10/30/2021 6:05,,en,1,0,0,[],[],0,0,,,,,,,,,,,None
5603,im okay thanks honestly dont think im even phased upset behaviours anymore life kind laugh cry recovery feels hard might well accept live well crap hope youre okay xx,10/29/2021 9:06,,en,0,0,1,[],[],0,0,,,,,,,,,,,None
5604,last summer pretty much weight restored logically know thats big im less dont want comments comments make feel awkward always turn banter fault others think okay,10/15/2021 10:38,,en,1,0,1,[],[],0,0,,,,,,,,,,,None
5605,im sounds pretty awesome try baked oats mind blown,10/15/2021 10:37,,en,1,0,1,[],[],0,0,,,,,,,,,,,None
5606,yes plucking armpits knees summer shaving doesnt work vibe,10/8/2021 17:06,,en,0,0,0,[],[],0,0,,,,,,,,,,,None
5607,honesty dont want go e massive pandemic feeling like idiot bringing also im scared ivs fluid related weight gain im scared refuse im submissive authority figures,10/8/2021 10:53,,en,1,1,3,[],[],0,0,,,,,,,,,,,None
5608,ugh yes fed scrolling instagram seeing called recovery accounts posting selfies huge scabby lumps heads,10/7/2021 1:21,,en,1,0,2,[],[],0,0,,,,,,,,,,,None
5609,years doesnt feel temporary,10/4/2021 3:05,,en,0,0,1,[],[],0,0,,,,,,,,,,,None
5610,mine insanely itchy,10/3/2021 12:55,,en,1,0,1,[],[],0,0,,,,,,,,,,,None
5611,years isnt really veteran nobody heard grotto,10/3/2021 12:53,,en,1,0,1,[],[],0,0,,,,,,,,,,,None
5612,fred enjoying sun,10/2/2021 4:38,,en,0,0,6,[],[],0,0,,,,,,,,,,,None
5613,steps would let us maintain bmi go reduced meal plan obviously really hindered recovery see acceptable target weight know,9/11/2021 14:33,,en,0,0,1,[],[],0,1,,,,,,,,,,,None
5614,havent done far feel like behaviours normal would abnormal use still b p decent day seems set routine spend evenings new therapist though heres hoping,8/27/2021 14:36,,en,0,0,0,[],[],0,0,,,,,,,,,,,None
5615,walk away couldnt hear conversation,8/14/2021 14:57,,en,1,0,0,[],[],0,0,,,,,,,,,,,None
5616,made ugly laugh,8/12/2021 15:49,,en,1,0,1,[],[],0,0,,,,,,,,,,,None
5617,feel like ive rolling face sand,7/30/2021 10:10,,en,0,0,0,[],[],0,0,,,,,,,,,,,None
5618,didnt go well identify unfortunately dont think much moment painting numbers arrived today though hopefully thatll help keep distracted,7/12/2021 9:37,,en,1,0,3,[],[],0,0,,,,,,,,,,,None
5619,weeks left work try relax currently throat infection nan hospital fractured hip cant operated heart survive going anaesthetic want stay home sick leave already ridiculous,7/1/2021 12:35,,en,0,0,4,[],[],0,0,,,,,,,,,,,None
5620,days end term sounds like nothing levels exhaustion making feel like lifetime away want crawl back bed stay days,6/30/2021 5:57,,en,0,0,3,[],[],0,0,,,,,,,,,,,None
5621,e waiting rooms need considerate patient experiences invisible illnesses disabilities anxiety makes hard stay calm dont know whats going ill seen imagine adhd asd must really struggle,3/25/2021 13:53,,en,0,0,0,[],[],0,0,,,,,,,,,,,None
5622,start countdown february half term sure others education find term worst long cold dark ends one week another weeks,3/4/2021 3:55,,en,0,0,3,[],[],0,0,,,,,,,,,,,None
5623,good websites online courses want get actual qualification random certificate doesnt mean much,2/20/2021 7:09,,en,1,0,1,[],[],0,0,,,,,,,,,,,None
5624,educators feeling like going hit home schooling one inservice day prepare,2/3/2021 17:43,,en,1,0,1,[],[],0,1,,,,,,,,,,,None
5625,anyone else ignore things know probably shouldnt last night odd chest pain aching jaw pain ears kept wanting move tongue around click jaw pass happened three times five mins,1/11/2021 12:36,,en,1,0,2,[],[],0,0,,,,,,,,,,,None
5626,anyone else remember days endlessly reading articles posts medusa could triggering page tread caution curiosity gets better,11/24/2020 17:14,,en,1,1,5,[],[],0,0,,,,,,,,,,,None
5627,awake since legs shakes cant really feel toes covered chilblains hurt feet endlessly tingling hoping doctor gets things sorted today sando k iv,11/20/2020 12:24,,en,0,0,3,[],[],0,0,,,,,,,,,,,None
5628,back work today one colleague year group whos contacted time isnt due injury anxiety roof dont feel ready,11/2/2020 14:33,,en,0,1,18,[],[],0,1,,,,,,,,,,,None
5629,back work tomorrow im nervous mood somewhat better ed exactly havent contact steps whilst signed really im essentially going end struggling work,10/12/2020 17:32,,en,0,0,0,[],[],0,0,,,,,,,,,,,None
5630,locked car direct sunlight thirty five minutes called say feel hot sick told youre even yet find way annoying still,10/12/2020 16:09,,en,1,0,2,[],[],0,0,,,,,,,,,,,None
5631,awake first day term children going catch later,10/11/2020 5:43,,en,1,0,13,[],[],0,1,,,,,,,,,,,None
5632,brothers got blue twitter badge im casually bumbling life pretending things good reality definition complete mess,9/26/2020 19:06,,en,0,0,0,[],[],0,0,,,,,,,,,,,None
5633,stop covid know dont isolate based current rules dont want spread dont like feeling sanity slipping weeks returning work due trapped inside limbo whose health protecting,9/26/2020 18:48,,en,1,0,2,[],[],0,0,,,,,,,,,,,None
5634,someone recommend series invest time helps enjoyed life squid games safe etc like dark humour murder investigations etc keen sci fi genre,9/26/2020 8:23,,en,1,0,1,[],[],0,0,,,,,,,,,,,None
5635,cant believe go back work week feel better currently nothing changed ill end right back situation wish emotionally resilient didnt get triggered stressors,9/26/2020 5:29,,en,1,0,1,[],[],0,0,,,,,,,,,,,None
5636,coat cardigan hoodie tshirt bodysuit im still cold,9/9/2020 9:38,,en,0,0,0,[],[],0,0,,,,,,,,,,,None
5637,current mood everyone says recovered recovery lying hell move past shit,9/8/2020 14:57,,en,1,0,23,[],[],0,1,,,,,,,,,,,None
5638,day mental health issues reduced hours im spending getting blood tests get away satisfactory bloods way things recently ill amazed,9/6/2020 12:33,,en,1,3,16,[],[],0,1,,,,,,,,,,,None
5639,day started stubbing toe tripping dark looks like red mushroom think might broken little toe ugh hurts,9/2/2020 14:20,,en,0,0,8,[],[],0,0,,,,,,,,,,,None
5640,dont really want live thirty im honest feel pretty done shit show called life,8/30/2020 14:41,,en,0,0,1,[],[],0,0,,,,,,,,,,,None
5641,feel horrendous,8/30/2020 10:10,,en,2,0,24,[],[],0,1,,,,,,,,,,,None
5642,feeling rough booster id much rather take side effects covid though,8/22/2020 9:53,,en,0,0,2,[],[],0,0,,,,,,,,,,,None
5643,finally testing negative headache still horrible im really tired glad worst,8/14/2020 10:03,,en,0,1,5,[],[],0,0,,,,,,,,,,,None
5644,first four day week attempt rest bit sort mess head get today without crumbling day im tired sure ill manage im going best day day,7/31/2020 6:32,,en,0,0,2,[],[],0,0,,,,,,,,,,,None
5645,four hours sleep absolutely chance functioning slightest today,7/28/2020 12:03,,en,0,0,4,[],[],0,0,,,,,,,,,,,None
5646,friends twitter long boyfriends spend absentmindedly looking phones throughout day honestly think mine must watch shit videos youtube around two hours day alone,7/26/2020 13:31,,en,0,0,1,[],[],0,0,,,,,,,,,,,None
5647,going buffet today part mums birthday celebrations anxious understatement,7/16/2020 8:56,,en,2,0,15,[],[],0,0,,,,,,,,,,,None
5648,got day im honestly bit worried thats going turn im going coffee get provisions clue kind thinking safest thing take sleeping pill snooze afternoon,7/3/2020 11:26,,en,0,1,15,[],[],0,1,,,,,,,,,,,None
5649,got love report dodgy account twitter actually remove,7/1/2020 12:52,,en,1,0,2,[],[],0,0,,,,,,,,,,,None
5650,positive lft followed negative get pcr incase think anyone ed knows hard isolating especially struggling much eat ends based things like movement control food purchases anxiety,2/3/2019 1:44,,en,0,0,0,[],[],0,0,,,,,,,,,,,None
5651,hate colds accompanied dry itchy eyes dont feel horrible enough,2/1/2019 13:16,,en,0,0,1,[],[],0,0,,,,,,,,,,,None
5652,picture dinner im proud cooking measuring ingredients full didnt really manage days without purging last month poor stomach clue going need distract deal though,10/31/2018 8:50,,en,0,0,4,[],[],0,0,,,,,,,,,,,None
5653,havent really tweeted im okay plodding trying get festive spirit,10/6/2018 6:47,,en,0,0,0,[],[],0,0,,,,,,,,,,,None
5654,pretty rubbish day im busy day consumed behaviours hard sit rest,9/19/2018 1:08,,en,0,0,0,[],[],0,0,,,,,,,,,,,None
5655,hello final day term longest eight weeks counting seconds oclock afternoon,8/6/2018 5:13,,en,1,0,0,[],[],0,0,,,,,,,,,,,None
5656,go away,7/23/2018 0:11,,en,0,0,2,[],[],0,0,,,,,,,,,,,None
5657,honestly cant wait end halloween time year awful us trying battle binging purging behaviours sweets chocolates everywhere,6/5/2018 6:39,,en,1,0,1,[],[],0,0,,,,,,,,,,,None
5658,honestly think best employer manager regards mental health honestly refreshing able talk openly offered support understanding rather facing concern youve gone lost job talking much,6/5/2018 2:55,,en,1,0,0,[],[],0,0,,,,,,,,,,,None
5659,would go making soaps need hobbies keep busy clue start,5/7/2018 11:04,,en,0,0,1,[],[],0,0,,,,,,,,,,,None
5660,dont think vet well,5/1/2018 23:45,,en,1,0,1,[],[],0,0,,,,,,,,,,,None
5661,hate cold hate sunny like yesterday whole body soon going overheat massive coat thermal tights panic kicks,3/14/2018 14:17,,en,1,0,0,[],[],0,0,,,,,,,,,,,None
5662,honestly want wrap children work struggle protective blankets keep safe horrible world dont want adult life look like mine,3/14/2018 14:14,,en,1,0,0,[],[],0,0,,,,,,,,,,,None
5663,really dont want go walk know dont head throw massive tantrum entire day go shit,3/14/2018 14:10,,en,1,0,0,[],[],0,0,,,,,,,,,,,None
5664,think might take small break social media really great need time sort head,3/9/2018 11:46,,en,0,0,3,[],[],0,0,,,,,,,,,,,None
5665,im meal lunch im already little nervous ive looked menu dont really know want asian salad sounds nice dont think restrictive choice noodle based maybe trying justify bad sign,3/2/2018 13:06,,en,0,2,6,[],[],0,0,,,,,,,,,,,None
5666,ive good start month makes feel positive november know one day shouldnt impact upon view entire month b p days throughout october need reason positive even based something silly,2/27/2018 15:03,,en,0,0,0,[],[],0,0,,,,,,,,,,,None
5667,didnt purge yesterday stomach distension extreme body discomfort physical mental good reason stay home,2/22/2018 0:45,,en,1,0,2,[],[],0,0,,,,,,,,,,,None
5668,honestly feels like im completely alone dont chance making changes wait another three months even get chance discuss change might look like feels like theres nothing slip net,2/13/2018 8:59,,en,0,2,6,[],[],0,0,,,,,,,,,,,None
5669,would nice wake feeling motivated dont know low moods getting worse hard feel enthusiastic anything every day feels exact cant help feel life pointless monotonous,2/2/2018 12:04,,en,0,1,1,[],[],0,0,,,,,,,,,,,None
5670,half term next week im back work havent heard thing colleagues one feel quite loop anxious going back im worried ill treated differently people think im unfit job,6/9/2022 1:06,,en,0,0,0,[],[],0,0,,,,,,,,,,,None
5671,mums th birthday anniversary fathers death cant see mum today kurt covid cant risk spreading anything fly colombia see brother feel really sad useless wanted nice day,6/2/2022 15:29,,en,0,0,0,[],[],0,0,,,,,,,,,,,None
5672,cold properly function today,6/2/2022 15:28,,en,1,0,1,[],[],0,0,,,,,,,,,,,None
5673,blessing feed school photo wasnt absolute darling,6/10/2022 23:55,,en,0,1,1,[],[],0,0,,,,,,,,,,,None
5674,think weather might starting improve im woken storm,6/1/2022 1:13,,en,0,0,0,[],[],0,0,,,,,,,,,,,None
5675,boyfriend covid saw family saturday supposed flying see brother week hoping dont catch dont catch dont want even time work,5/30/2022 17:26,,en,0,0,0,[],[],0,0,,,,,,,,,,,None
5676,head going give much crap significantly reduce activity level ligaments get better,5/15/2022 15:19,,en,1,0,1,[],[],0,0,,,,,,,,,,,None
5677,phone stopped autocorrecting fuck duck also gives option fuckk feel like winner situation,5/13/2022 12:25,,en,0,0,0,[],[],0,0,,,,,,,,,,,None
5678,money february th means borrowing cant borrow dont know could pay back,5/5/2022 13:54,,en,0,0,0,[],[],0,0,,,,,,,,,,,None
5679,going lie want go home empty stomach ugh,5/5/2022 13:52,,en,0,1,1,[],[],0,0,,,,,,,,,,,None
5680,unofficial third day celebrations hello shopping day transport mask wearing safety im double vaccinated whilst kurt also received booster mine th january,5/4/2022 4:52,,en,0,0,0,[],[],0,0,,,,,,,,,,,None
5681,mum today means challenging busy environments lunch restaurant ill fine time keep distracted later thoughts dont spiral negative behaviours december always hard christmas,4/20/2022 1:40,,en,0,0,0,[],[],0,0,,,,,,,,,,,None
5682,oh look,4/19/2022 10:16,,en,1,0,1,[],[],0,0,,,,,,,,,,,None
5683,one day would simply like like doesnt even full day twelve hours free complete self loathing need self destruct would make nice change,4/15/2022 6:56,,en,0,0,0,[],[],0,0,,,,,,,,,,,None
5684,ordered donuts wish could say self care essentially exact opposite,4/15/2022 6:54,,en,0,0,1,[],[],0,0,,,,,,,,,,,None
5685,play time duty today think im going freeze,4/9/2022 3:09,,en,0,0,0,[],[],0,0,,,,,,,,,,,None
5686,please give fred follow hes far jolly interesting plus hes lovely floof whats love,4/9/2022 3:09,,en,0,0,0,[],[],0,0,,,,,,,,,,,None
5687,potassium doesnt improve sando k five days im iv,3/31/2022 4:43,,en,1,0,1,[],[],0,0,,,,,,,,,,,None
5688,putting christmas decorations away makes realise long away theres something look forward heres seven weeks work dark rain cold hurrah,3/31/2022 0:31,,en,0,0,0,[],[],0,0,,,,,,,,,,,None
5689,really struggle nhs positive pay private therapy two completely hellish experiences receiving inpatient care sure im paying system doesnt actually provide support health needs,3/28/2022 9:29,,en,1,0,1,[],[],0,0,,,,,,,,,,,None
5690,show disturbing sinister christmas decoration,3/4/2022 2:26,,en,0,0,0,[],[],0,0,,,,,,,,,,,None
5691,came home early friday depression hit hard work crying shaking unable focus general shit comes wanting throw bus anyway supposed face colleagues seeing like,3/2/2022 7:21,,en,0,0,2,[],[],0,0,,,,,,,,,,,None
5692,someone tell suck go get tattoo want one four badly hate sound tattoo gun needles horrible anxiety around many things makes indecisive want say fuck anyway,2/17/2022 8:11,,en,0,0,0,[],[],0,0,,,,,,,,,,,None
5693,sometimes world makes feel like wasnt designed part everything feels overwhelming sometimes hard feel cut everything everyone around,2/5/2022 13:45,,en,0,0,1,[],[],0,0,,,,,,,,,,,None
5694,sunday morning therapy work guess slowly working actually kept sandwich rested lot foot injury,1/30/2022 14:15,,en,0,0,2,[],[],0,0,,,,,,,,,,,None
5695,tell money making side hustles dont involve sending randoms photos genitals im life,1/24/2022 7:58,,en,0,0,1,[],[],0,0,,,,,,,,,,,None
5696,tendonitis returned typical would come back days im work easter break know need rest hard,1/14/2022 9:59,,en,0,0,0,[],[],0,0,,,,,,,,,,,None
5697,thanks person reported tweet suicidal intent fed life wanting alive doesnt mean youre planning act feelings,1/14/2022 9:30,,en,0,0,0,[],[],0,0,,,,,,,,,,,None
5698,therapist wont work dont get bmi back least people decide walk youre clearly really struggling need support like dont want support anyone wont easy fix,1/12/2022 14:41,,en,0,0,0,[],[],0,0,,,,,,,,,,,None
5699,theres fine line checking someone coming across overly persistent potential stalker,1/9/2022 9:23,,en,0,0,0,[],[],0,0,,,,,,,,,,,None
5700,quite honestly terrifying never ever searched anything even remotely similar etsy feel ill nightmares rest life,1/8/2022 4:23,,en,0,0,1,[],[],0,0,,,,,,,,,,,None
5701,today one days want stay bed move cold im tired want anything nap drink endless cups coffee,1/8/2022 4:16,,en,0,0,4,[],[],0,0,,,,,,,,,,,None
5702,early awake im thinking appointment steps today sure im anxious referral process ive many times also zoom even like get weighed today,1/4/2022 16:10,,en,1,1,5,[],[],0,0,,,,,,,,,,,None
5703,ughh go guess,12/30/2021 6:40,,en,0,0,0,[],[],0,0,,,,,,,,,,,None
5704,unfortunately really didnt cope well today ended going somewhere different planned threw also anxious returning work guess none us know certain happen long run schools uncertainty makes panic,12/29/2021 18:13,,en,0,0,0,[],[],0,0,,,,,,,,,,,None
5705,used think dad would wake early watch lived home know dad would wake early keep tabs wakes texts good morning gone days woke continue wake,12/25/2021 2:32,,en,0,0,0,[],[],0,0,,,,,,,,,,,None
5706,visited fam got see lovely chap,12/19/2021 5:25,,en,0,0,0,[],[],0,0,,,,,,,,,,,None
5707,dont taste test meals make others ed jerk chicken ends ridiculously spicy boyfriends mouth fire oops,12/17/2021 8:54,,en,0,0,0,[],[],0,0,,,,,,,,,,,None
5708,people treat women dont want children selfish criminals,12/17/2021 6:49,,en,0,0,0,[],[],0,0,,,,,,,,,,,None
5709,boyfriends colleague thats visiting yet im one whos rushing around making look like kind people regularly tidy,12/16/2021 18:32,,en,1,0,1,[],[],0,0,,,,,,,,,,,None
5710,wrapping christmas presents sunday morning seems like pretty nice way start day distracts lifes crap moment,12/16/2021 18:18,,en,0,0,0,[],[],0,0,,,,,,,,,,,None
5711,cant laughing joke one minute slapping guy made joke next,12/14/2021 10:16,,en,0,0,0,[],[],0,0,,,,,,,,,,,None
5712,know youve got fucked ed brain first reaction reading didnt eat properly two days,12/14/2021 6:52,,en,0,0,1,[],[],0,0,,,,,,,,,,,None
5713,tell something feel like safe trust mom always told pick different name age social media entire life used real age name olivia,12/13/2021 14:47,,en,0,0,0,[],[],0,0,,,,,,,,,,,None
5714,drink white monster many drink day,12/11/2021 6:10,,en,0,0,0,[],[],0,0,,,,,,,,,,,None
5715,longest thinspo ever pics p,12/10/2021 20:42,,en,0,0,1,[],[],0,0,,,,,,,,,,,None
5716,kakqkakkakakakakajajajajja,12/10/2021 19:37,,en,0,0,0,[],[],0,0,,,,,,,,,,,None
5717,kemlwu psioa eu vo morre,12/10/2021 12:27,,en,0,1,0,[],[],0,0,,,,,,,,,,,None
5718,para vai para vai sk jkwiekzjek tudo,12/10/2021 12:27,,en,0,0,0,[],[],0,0,,,,,,,,,,,None
5719,jwheljawm chihiro nenem,12/9/2021 18:28,,en,0,0,0,[],[],0,0,,,,,,,,,,,None
5720,para de curtir porra tava certin,12/9/2021 17:54,,en,0,0,3,[],[],0,0,,,,,,,,,,,None
5721,vdd concordo,12/8/2021 7:46,,en,0,0,1,[],[],0,0,,,,,,,,,,,None
5722,iai eu vou deixar um comentrio aqui por que assim ele vai aparecer na timeline de algum seguidor aleatrio meu uma coisa que eu chamo de fela da putagem russa,12/7/2021 7:50,,en,0,0,1,[],[],0,0,,,,,,,,,,,None
5723,bomdia nenes lt,12/6/2021 19:01,,en,0,0,0,[],[],0,0,,,,,,,,,,,None
5724,well cant look ypur face anym actually wish hadnt tje family rn could start would nevr never never whole life start hangin w yall,12/6/2021 7:32,,en,0,0,1,[],[],0,0,,,,,,,,,,,None
5725,dirty dancing walk line purple rain grease princess frog,12/3/2021 18:41,,en,0,0,1,[],[],0,0,,,,,,,,,,,None
5726,nails nose hair eyebrows makeup makeup skills general boots good pair jeans cute skirt,12/3/2021 18:33,,en,0,0,0,[],[],0,0,,,,,,,,,,,None
5727,sit room naked look hot,11/30/2021 17:17,,en,0,0,4,[],[],0,0,,,,,,,,,,,None
5728,theyre thinking loud,11/23/2021 4:32,,en,0,0,3,[],[],0,0,,,,,,,,,,,None
5729,actually made happy,11/22/2021 11:50,,en,0,0,1,[],[],0,0,,,,,,,,,,,None
5730,closest get honestly pretty accurate,11/22/2021 5:56,,en,0,1,6,[],[],0,0,,,,,,,,,,,None
5731,cutest thing ive ever seen entire life broo looking one thank much,11/20/2021 13:45,,en,0,0,2,[],[],0,0,,,,,,,,,,,None
5732,probably doesnt make sense ton factors went like idea,11/17/2021 2:28,,en,0,0,0,[],[],0,0,,,,,,,,,,,None
5733,saying eat slower calm bought stuff already went like know problem conscious need make notice even,11/9/2021 11:40,,en,0,0,0,[],[],0,0,,,,,,,,,,,None
5734,sorry babe really anorexia scream toilet bowl think,11/6/2021 2:04,,en,0,0,1,[],[],0,0,,,,,,,,,,,None
5735,come friend,11/6/2021 1:23,,en,1,0,1,[],[],0,0,,,,,,,,,,,None
5736,luv,11/2/2021 18:02,,en,0,0,0,[],[],0,0,,,,,,,,,,,None
5737, black js are nice ,11/2/2021 8:42,,en,0,0,0,[],[],0,0,,,,,,,,,,,None
5738,im still accepting ppl probably feel like many ppl,10/31/2021 10:46,,en,0,0,1,[],[],0,0,,,,,,,,,,,None
5739,yea im fingering ass lmao,10/31/2021 6:08,,en,1,0,1,[],[],0,0,,,,,,,,,,,None
5740,song says,10/28/2021 11:51,,en,0,0,0,[],[],0,0,,,,,,,,,,,None
5741,hii thank following nobody seeing posts ily,10/28/2021 5:03,,en,0,0,0,[],[],0,0,,,,,,,,,,,None
5742,one tweets kinda good ima start funny follow,10/26/2021 11:30,,en,1,0,0,[],[],0,0,,,,,,,,,,,None
5743,pls,10/25/2021 9:42,,en,0,0,1,[],[],0,0,,,,,,,,,,,None
5744,ben b chelor suffered bulimia recovered admire much also admire shared world easy,6/11/2022 7:31,,en,1,0,1,[],[],0,0,,,,,,,,,,,None
5745,us ate calorie limit binged today put loose fitting clothes self care dont hard itll okay feeling pass,6/10/2022 2:27,,en,0,0,0,[],[],0,0,,,,,,,,,,,None
5746,nice tweet please come straight jugular like ever,6/10/2022 2:14,,en,1,0,1,[],[],0,0,,,,,,,,,,,None
5747,chorus drake fuck nigga love bad know still think times say fuck nigga think found since picked know around,6/9/2022 22:46,,en,0,0,0,[],[],0,0,,,,,,,,,,,None
5748,verse drake cups ros bitches old phone call one go home club long woman would try happy good guy drinkin much call anyway say,6/9/2022 10:40,,en,0,0,1,[],[],0,0,,,,,,,,,,,None
5749,right,6/9/2022 10:30,,en,1,0,2,[],[],0,0,,,,,,,,,,,None
5750,black scene kids unite waa,6/9/2022 10:23,,en,1,0,1,[],[],0,0,,,,,,,,,,,None
5751,days binge free,6/9/2022 1:54,,en,1,0,1,[],[],0,0,,,,,,,,,,,None
5752,bare faced doll,6/8/2022 11:01,,en,1,0,1,[],[],0,0,,,,,,,,,,,None
5753,bit moodboard,6/6/2022 10:14,,en,1,0,1,[],[],0,0,,,,,,,,,,,None
5754,first meal,6/6/2022 1:31,,en,0,0,1,[],[],0,0,,,,,,,,,,,None
5755,hipbones yall lemme start fs,6/6/2022 1:30,,en,1,0,1,[],[],0,0,,,,,,,,,,,None
5756,ordered im excited aa,6/5/2022 11:43,,en,1,0,2,[],[],0,0,,,,,,,,,,,None
5757,im pounds hw,6/5/2022 11:39,,en,1,0,1,[],[],0,0,,,,,,,,,,,None
5758,im really low res exercised hour right tell stood saw god second,6/5/2022 11:38,,en,0,0,1,[],[],0,0,,,,,,,,,,,None
5759,feeling like im gaining solution binge prge smart,6/4/2022 10:28,,en,1,0,1,[],[],0,0,,,,,,,,,,,None
5760,mealspo pintrest,6/4/2022 6:49,,en,0,0,1,[],[],0,0,,,,,,,,,,,None
5761,mealspo pintrest veggie edition,6/4/2022 1:31,,en,0,0,0,[],[],0,0,,,,,,,,,,,None
5762,want need,6/4/2022 1:29,,en,1,0,1,[],[],0,0,,,,,,,,,,,None
5763,really nervous abt posting progress abt months,6/4/2022 1:11,,en,0,0,1,[],[],0,0,,,,,,,,,,,None
5764,remember attention compliments collarbones visible chestbones thigh gap keep going u got,6/3/2022 12:06,,en,1,0,1,[],[],0,0,,,,,,,,,,,None
5765,best combo disordered person apple watch fit bit,6/3/2022 12:00,,en,1,0,1,[],[],0,0,,,,,,,,,,,None
5766,thnspo dump camera roll,6/3/2022 11:58,,en,1,0,1,[],[],0,0,,,,,,,,,,,None
5767,work body desire,6/3/2022 1:01,,en,0,0,0,[],[],0,0,,,,,,,,,,,None
5768,hope get well soon,6/2/2022 22:30,,en,1,0,1,[],[],0,0,,,,,,,,,,,None
5769,yay like one,6/2/2022 2:43,,en,0,0,0,[],[],0,0,,,,,,,,,,,None
5770,literally know rapists someone know like sos family members like bitch tf supposed nun teach people rape jesus shouldnt hard,6/1/2022 23:19,,en,0,0,1,[],[],0,0,,,,,,,,,,,None
5771,flex uhh,6/1/2022 23:16,,en,0,0,0,[],[],0,0,,,,,,,,,,,None
5772,imagine,6/1/2022 22:58,,en,1,0,1,[],[],0,0,,,,,,,,,,,None
5773,touch doctor lift underwear look around think check lymph nodes swollen cause like u good fam good edno made lymph nodes look like golf balls,6/1/2022 22:56,,en,1,0,1,[],[],0,0,,,,,,,,,,,None
5774,friend made fun claimed developed ed fun,6/1/2022 11:10,,en,0,0,0,[],[],0,0,,,,,,,,,,,None
5775,ok tbh also started sh called told see ao guess,6/1/2022 10:31,,en,1,0,1,[],[],0,0,,,,,,,,,,,None
5776,bongg ill put koolaid shit tastes good,6/1/2022 0:22,,en,0,0,1,[],[],0,0,,,,,,,,,,,None
5777,uh pic like irls one,6/1/2022 0:17,,en,0,0,1,[],[],0,0,,,,,,,,,,,None
5778,could never eat id like take bites side maybe w sauce top ngl,5/30/2022 4:20,,en,0,0,0,[],[],0,0,,,,,,,,,,,None
5779,creme brulee juul pods hit different one vape hit fruit loop flavor good,5/29/2022 11:40,,en,1,0,2,[],[],0,0,,,,,,,,,,,None
5780,literally wanted throw listening like yeah im short least,5/29/2022 11:35,,en,0,0,0,[],[],0,0,,,,,,,,,,,None
5781,foundation makes cringe hard also wow glad dont arms,5/29/2022 11:27,,en,0,0,1,[],[],0,0,,,,,,,,,,,None
5782,haha oops,5/29/2022 11:21,,en,1,0,1,[],[],0,0,,,,,,,,,,,None
5783,long salt theyre good,5/29/2022 11:05,,en,1,0,1,[],[],0,0,,,,,,,,,,,None
5784,dw get green tea,5/28/2022 13:04,,en,0,0,0,[],[],0,0,,,,,,,,,,,None
5785,someone ever friends three signs u right,5/28/2022 4:57,,en,0,0,0,[],[],0,0,,,,,,,,,,,None
5786,sitting,5/27/2022 11:11,,en,0,0,1,[],[],0,0,,,,,,,,,,,None
5787,could never im competitive id lose friends,5/27/2022 4:11,,en,0,0,0,[],[],0,0,,,,,,,,,,,None
5788,mine comes goes within like hr intervals,5/27/2022 4:09,,en,1,0,1,[],[],0,0,,,,,,,,,,,None
5789,thats growing poor rich area food expensive couldnt afford waste overeating encouraged,5/27/2022 4:05,,en,1,0,1,[],[],0,0,,,,,,,,,,,None
5790,im gonna get carded rest life,5/27/2022 1:34,,en,0,0,1,[],[],0,0,,,,,,,,,,,None
5791,omg didnt know lights thing im switching rn,5/27/2022 1:31,,en,0,0,1,[],[],0,0,,,,,,,,,,,None
5792,ppl actually taller thought joking,5/26/2022 23:23,,en,1,0,2,[],[],0,0,,,,,,,,,,,None
5793,straight might extend legs w surgery,5/26/2022 23:11,,en,1,0,1,[],[],0,0,,,,,,,,,,,None
5794,harry people said everyone likes harry went liam bit like always still harry,5/26/2022 23:08,,en,0,0,0,[],[],0,0,,,,,,,,,,,None
5795,purge lack bile make green look kinda dark lighting,5/26/2022 23:07,,en,0,0,1,[],[],0,0,,,,,,,,,,,None
5796,probably taking ur multivitamin kind iron supplement unless youre anemic might wanna cut pills half take every day,5/26/2022 23:06,,en,1,0,1,[],[],0,0,,,,,,,,,,,None
5797,straight im living life three months im gonna kms,5/26/2022 23:05,,en,1,0,1,[],[],0,0,,,,,,,,,,,None
5798,omg magnesium usually get lot salt like much idea im getting enough magnesium,5/26/2022 23:05,,en,1,0,1,[],[],0,0,,,,,,,,,,,None
5799,cheesecake factorys crusted chicken romano,5/26/2022 11:20,,en,1,0,1,[],[],0,0,,,,,,,,,,,None
5800,ew yall red math see blue english yuck math always black cause made want die,5/26/2022 9:13,,en,0,0,4,[],[],0,0,,,,,,,,,,,None
5801,u hate ur body slips get receiving end fucking sucks u sit console ur friend saying fat like lbs heavier u may mean towards someone else still sounds like,5/26/2022 9:06,,en,1,0,1,[],[],0,0,,,,,,,,,,,None
5802,like know im short like make feel bit better knowing pounds die,5/26/2022 9:03,,en,1,0,1,[],[],0,0,,,,,,,,,,,None
5803,libra sun scorpio moon rising,5/26/2022 3:46,,en,1,0,1,[],[],0,0,,,,,,,,,,,None
5804,got one specifically tie back matter much gain lose ill still fit definitely wasnt originally wanted,5/25/2022 22:34,,en,0,0,0,[],[],0,0,,,,,,,,,,,None
5805,akdhdkdjskdk im supposed look like second one look like fourth whatt,5/25/2022 22:32,,en,0,0,1,[],[],0,0,,,,,,,,,,,None
5806,btw taken r stuffers yw,5/25/2022 22:29,,en,0,0,0,[],[],0,0,,,,,,,,,,,None
5807,coffee making nauseous atm keep drinking anyways oops,5/25/2022 22:28,,en,1,0,1,[],[],0,0,,,,,,,,,,,None
5808,anyone else feel nauseous drinking coffee empty stomach,5/24/2022 2:14,,en,1,0,1,[],[],0,0,,,,,,,,,,,None
5809,feel like shit move swear im gonna puke,5/22/2022 23:31,,en,1,0,1,[],[],0,0,,,,,,,,,,,None
5810,wanna look like someone could snap knee like stick,5/22/2022 23:30,,en,1,0,1,[],[],0,0,,,,,,,,,,,None
5811,u put milk sugar coffee get,5/22/2022 9:00,,en,0,0,1,[],[],0,0,,,,,,,,,,,None
5812,man im remembering one time outed ed health class cause teacher asking anyone measured amount cereal eat without thinking hand shot one haa,5/21/2022 1:02,,en,1,0,1,[],[],0,0,,,,,,,,,,,None
5813,ok guess imma make thing drew new pfp time im scared irls gonna find like theyre usually twt general think ill fine saw know irl,5/19/2022 11:01,,en,0,0,0,[],[],0,0,,,,,,,,,,,None
5814,ok science green history purple math black english orange red homework blue important documents fuck yellow,5/19/2022 10:57,,en,1,0,1,[],[],0,0,,,,,,,,,,,None
5815,wow hate doctors weigh shoes shoes platforms please,5/19/2022 8:37,,en,0,0,0,[],[],0,0,,,,,,,,,,,None
5816,yall miss bread much,5/19/2022 8:31,,en,1,0,1,[],[],0,0,,,,,,,,,,,None
5817,yall really sleeping dance workout throw back music exercise count fuck,5/19/2022 4:40,,en,0,0,1,[],[],0,0,,,,,,,,,,,None
5818,cuute,5/18/2022 13:25,,en,0,0,0,[],[],0,0,,,,,,,,,,,None
5819,oh man idek time anymore,5/18/2022 13:20,,en,1,0,1,[],[],0,0,,,,,,,,,,,None
5820,jeremy renner fucking coward apparently cannot bothered porn,5/18/2022 13:16,,en,0,0,1,[],[],0,0,,,,,,,,,,,None
5821,city hall wedding wedding congrats,5/18/2022 5:16,,en,0,0,1,[],[],0,0,,,,,,,,,,,None
5822,u feel attacked cyberbully utau user,5/17/2022 22:13,,en,0,0,1,[],[],0,0,,,,,,,,,,,None
5823,noo cjdhfjsjdis imagined sitting upright warm tub titties freezing,5/28/2022 2:07,,en,0,0,0,[],[],0,1,,,,,,,,,,,None
5824,tiddies water everything,5/20/2022 8:05,,en,1,0,1,[],[],0,0,,,,,,,,,,,None
5825,science says u get invisible poop ur bed way dont,5/16/2022 7:54,,en,0,0,2,[],[],0,1,,,,,,,,,,,None
5826,older sibling something miss,5/14/2022 4:12,,en,1,0,2,[],[],0,0,,,,,,,,,,,None
5827,looking absolutely nothing happening inside brain,5/12/2022 21:44,,en,1,0,4,[],[],0,0,,,,,,,,,,,None
5828,hate love,5/12/2022 20:41,,en,0,0,1,[],[],0,1,,,,,,,,,,,None
5829,childe beat shit,5/12/2022 17:57,,en,1,0,2,[],[],0,0,,,,,,,,,,,None
5830,bro got new art everything,4/13/2022 9:12,,en,3,0,8,[],[],0,0,,,,,,,,,,,None
5831,shocked u drawn vflower yet punk icon,4/3/2022 1:23,,en,0,0,2,[],[],0,0,,,,,,,,,,,None
5832,perhaps certain korean bank th anniversary,3/21/2022 23:12,,en,1,0,1,[],[],0,0,,,,,,,,,,,None
5833,talk morning ivermectin,3/21/2022 22:57,,en,1,0,2,[],[],0,0,,,,,,,,,,,None
5834,oh fuck thought said getting married like,3/6/2022 5:12,,en,1,0,3,[],[],0,1,,,,,,,,,,,None
5835,adhd like guy stage spinning plates sucks job worries every individual one time causing fall,3/6/2022 3:04,,en,0,0,3,[],[],0,1,,,,,,,,,,,None
5836,first raise petsmart also cents,3/6/2022 1:51,,en,1,0,2,[],[],0,0,,,,,,,,,,,None
5837,well since left ipad side country primarily searching art,3/5/2022 4:16,,en,0,0,1,[],[],0,1,,,,,,,,,,,None
5838,u could cardiac problems mix kill u ur drinks,3/5/2022 3:37,,en,2,0,2,[],[],0,0,,,,,,,,,,,None
5839,alright vocalsynth community since left ipad east coast oops lol searching people commissions open drop links someone else,3/4/2022 19:29,,en,0,0,2,[],[],0,0,,,,,,,,,,,None
5840,example childe genshin impact kaeya genshin impact,1/4/2022 21:51,,en,0,0,5,[],[],0,1,,,,,,,,,,,None
5841,found artist dm also bookmarked pv commissions post need art lol thanks,1/4/2022 9:41,,en,0,0,2,[],[],0,0,,,,,,,,,,,None
5842,anyone willing able consider checking folks comments supporting fellow community members,12/28/2021 8:55,,en,1,0,1,[],[],0,0,,,,,,,,,,,None
5843,utau user within constitutional rights cyberbully,6/10/2022 21:31,,en,0,1,6,[],[],0,0,,,,,,,,,,,None
5844,honor spooky month ib canvases homes,6/4/2022 22:49,,en,0,0,0,[],[],0,0,,,,,,,,,,,None
5845,written right signed founding fathers,6/4/2022 22:38,,en,0,0,0,[],[],0,0,,,,,,,,,,,None
5846,new baby cover,4/26/2022 1:28,,en,0,0,0,[],[],0,0,,,,,,,,,,,None
5847,saw someone else top inspiration nana ruko gender identity akito aki design kaikim design odette personality,4/12/2022 6:42,,en,0,0,0,[],[],0,0,,,,,,,,,,,None
5848,nana expressions alternate hairstyles ipad still isnt home wont second weather east coast,4/12/2022 6:35,,en,0,0,1,[],[],0,0,,,,,,,,,,,None
5849,characters awful attracted characters would attracted didnt hate much hut still like make sense,11/13/2021 10:15,,en,0,0,0,[],[],0,0,,,,,,,,,,,None
5850,mmhm gonna annoying answer sorryy lt,11/13/2021 10:11,,en,0,0,0,[],[],0,0,,,,,,,,,,,None
5851,proana started following cant make shit istg,8/12/2021 3:42,,en,0,0,0,[],[],0,0,,,,,,,,,,,None
5852,wanna punch fucking bad like skajkdsjl annoying omg,8/3/2021 8:10,,en,0,0,0,[],[],0,0,,,,,,,,,,,None
5853,reason number feel invalid ppl anorexia portrayed completely terrified food never binge eat like grapes day yet,7/19/2021 8:01,,en,0,1,2,[],[],0,0,,,,,,,,,,,None
5854,thread breaking heart omg,7/15/2021 11:48,,en,0,0,0,[],[],0,0,,,,,,,,,,,None
5855,bad lol impossible work full time cosleep w one year old dont trust soul take anywhere without lmfao im doomed,7/15/2021 11:48,,en,0,0,0,[],[],0,0,,,,,,,,,,,None
5856,wish lying,7/15/2021 11:46,,en,0,0,0,[],[],0,0,,,,,,,,,,,None
5857,hi know ur luking account leave alone told u fuck reason get well soon xo,6/27/2021 14:06,,en,0,0,0,[],[],0,0,,,,,,,,,,,None
5858,dnt fw resolutions anymore past years ive always gotten worse mentally around end beginning year,6/24/2021 7:40,,en,0,0,0,[],[],0,0,,,,,,,,,,,None
5859,need break everything need comforters sheet masks long baths uninterrupted naps,6/24/2021 7:39,,en,0,0,1,[],[],0,0,,,,,,,,,,,None
5860,u ever fake miscarriage know scum earth deserve worst life offer,5/24/2021 5:02,,en,0,0,0,[],[],0,0,,,,,,,,,,,None
5861,life went good stressful matter seconds,3/30/2021 11:09,,en,0,0,0,[],[],0,0,,,,,,,,,,,None
5862,lurking wedding photographers insta psychoanalyze couples,3/22/2021 12:37,,en,0,0,0,[],[],0,0,,,,,,,,,,,None
5863,oops,3/22/2021 12:21,,en,0,0,0,[],[],0,0,,,,,,,,,,,None
5864,twitter original fuck days also stop yelling,3/22/2021 11:35,,en,0,0,0,[],[],0,1,,,,,,,,,,,None
5865,c short enough enough serotonin wash hair,3/22/2021 10:26,,en,0,0,0,[],[],0,1,,,,,,,,,,,None
5866,current messy frumpy bitch vs ideal skinny green haired playboy hoe,3/22/2021 10:08,,en,0,0,0,[],[],0,1,,,,,,,,,,,None
5867,gay awakening,2/26/2021 12:55,,en,0,0,0,[],[],0,0,,,,,,,,,,,None
5868,hot takes also miso broth gt gt gt broth,2/8/2021 16:01,,en,0,0,0,[],[],0,0,,,,,,,,,,,None
5869,boyfriend said im woman standing light skin tone selector wanna f g,2/8/2021 9:19,,en,0,2,0,[],[],0,0,,,,,,,,,,,None
5870,type definitely either dark haired high cheekboned god dess looks like hate dumbass himbo puppy,1/25/2021 7:36,,en,0,0,0,[],[],0,0,,,,,,,,,,,None
5871,im metabolism day today feel sad,1/7/2021 10:31,,en,0,0,0,[],[],0,0,,,,,,,,,,,None
5872,want list,12/29/2020 0:10,,en,0,0,0,[],[],0,0,,,,,,,,,,,None
5873,im stupid stupid tate mcrae,12/29/2020 0:00,,en,0,0,0,[],[],0,0,,,,,,,,,,,None
5874,gonna take sa missed lmao sad funny number would good,12/28/2020 23:59,,en,0,0,0,[],[],0,0,,,,,,,,,,,None
5875,im suffering pls im sorry,12/15/2020 2:24,,en,0,0,0,[],[],0,0,,,,,,,,,,,None
5876,one right along better laughed wrong touch tone telephone lemon demon,12/7/2020 7:15,,en,0,0,0,[],[],0,0,,,,,,,,,,,None
5877,broo good idea,12/2/2020 22:59,,en,0,0,0,[],[],0,0,,,,,,,,,,,None
5878,wanna talk wanna hold hand soul rhodes,11/27/2020 11:27,,en,0,0,0,[],[],0,0,,,,,,,,,,,None
5879,cause worth saving baby reaganomics lemon demon,11/27/2020 9:49,,en,0,0,0,[],[],0,0,,,,,,,,,,,None
5880,thay supposed keyboard smash autocorrect hates,10/24/2020 11:53,,en,0,1,1,[],[],0,0,,,,,,,,,,,None
5881,thank milk really appreciate,10/15/2020 11:15,,en,0,1,1,[],[],0,1,,,,,,,,,,,None
5882,mother nature dying nobody keeping score want live man world anymore man world marina,10/15/2020 11:11,,en,0,1,0,[],[],0,1,,,,,,,,,,,None
5883,smoking windows see lights always dimmer stoned come crawlers,10/15/2020 10:40,,en,0,0,0,[],[],0,0,,,,,,,,,,,None
5884,stood puffed chest like never lost war crying lightning artic monkeys,10/10/2020 4:14,,en,0,0,0,[],[],0,0,,,,,,,,,,,None
5885,followed paw prints snow throne bed romance boring los campesinos,10/7/2020 11:57,,en,0,0,0,[],[],0,0,,,,,,,,,,,None
5886,get message hear pleas started screaming maybe boring wilbur soot,12/17/2020 11:54,,en,0,0,0,[],[],0,1,,,,,,,,,,,None
5887,holy shit woahh song,12/17/2020 11:48,,en,1,0,0,[],[],0,0,,,,,,,,,,,None
5888,eyes getting wider every words say intoxicated lemon knife fight wombats,12/17/2020 11:47,,en,1,0,0,[],[],0,0,,,,,,,,,,,None
5889,stuck gum stuck shoe ever leave im coming ever ever leave im coming wombats,12/17/2020 11:45,,en,0,0,0,[],[],0,1,,,,,,,,,,,None
5890,wanna think know im never gonna lose heat waves glass animals,12/17/2020 11:44,,en,2,0,0,[],[],0,0,,,,,,,,,,,None
5891,basil omg missed youvdoing,12/17/2020 11:38,,en,1,0,0,[],[],0,0,,,,,,,,,,,None
5892,perfect description ur brain amazes impending doom starting get well,12/17/2020 11:32,,en,2,0,1,[],[],0,0,,,,,,,,,,,None
5893,yes im glad ive well hehe lt,11/29/2020 8:33,,en,0,0,0,[],[],0,0,,,,,,,,,,,None
5894,falling need pick beach neighborhood,11/29/2020 8:31,,en,0,0,23,[],[],0,0,,,,,,,,,,,None
5895,im giving fuck shit,11/29/2020 8:29,,en,1,0,0,[],[],0,0,,,,,,,,,,,None
5896,using bar like shaking,11/29/2020 8:27,,en,0,0,17,[],[],0,0,,,,,,,,,,,None
5897,sweet tyms yes,11/29/2020 8:13,,en,1,0,20,[],[],0,0,,,,,,,,,,,None
5898,tysm quinn im good youu,11/29/2020 8:06,,en,1,0,1,[],[],0,0,,,,,,,,,,,None
5899,domestic bliss know bad wanted domestic bliss glass animals,11/29/2020 7:39,,en,1,1,95,[],[],0,0,,,,,,,,,,,None
5900,tell truth lie bored yet wallows clairo,11/29/2020 7:36,,en,1,1,108,[],[],0,0,,,,,,,,,,,None
5901,thank much kris gonna miss much tysm,11/29/2020 6:28,,en,0,0,169,[],[],0,0,,,,,,,,,,,None
5902,never get rid oh like fucking disease futile pointless lovejoy,11/29/2020 5:32,,en,1,0,264,[],[],0,0,,,,,,,,,,,None
5903,lmao yeah weird situation idek whay think hope fun tho regardless,9/15/2020 15:00,,en,1,0,2,[],[],0,0,,,,,,,,,,,None
5904,lamp posts guide path cause moon get maybe boring wilbur soot,9/7/2020 8:20,,en,0,0,1,[],[],0,0,,,,,,,,,,,None
5905,tysm styx missed bby,9/1/2020 4:55,,en,0,0,1,[],[],0,0,,,,,,,,,,,None
5906,pull back air pull back head wildfire wombats,9/14/2019 0:57,,en,1,0,2,[],[],0,0,,,,,,,,,,,None
5907,tysm ina lt take care bby ty,9/7/2019 0:11,,en,1,0,1,[],[],0,0,,,,,,,,,,,None
5908,ilyt amazing fr deserve everything,8/26/2019 4:50,,en,1,0,1,[],[],0,0,,,,,,,,,,,None
5909,gc alive tho idk else,8/22/2019 10:08,,en,1,0,1,[],[],0,0,,,,,,,,,,,None
5910,omg yes want dw im rly bad,8/5/2019 1:26,,en,0,0,0,[],[],0,1,,,,,,,,,,,None
5911,ooh yess anything fine,7/23/2019 13:14,,en,1,0,3,[],[],0,0,,,,,,,,,,,None
5912,ty void miss thank,7/6/2019 1:22,,en,0,0,0,[],[],0,0,,,,,,,,,,,None
5913,yoo congrats void deserved,6/25/2019 8:29,,en,0,0,0,[],[],0,0,,,,,,,,,,,None
5914,hair cool ur hands also rly nice im envious see hehe also one sweetest supportive people ever met anyone deserves happy eternally amazing person funny kind ily,6/23/2019 6:23,,en,1,1,11,[],[],0,1,,,,,,,,,,,None
5915,anyone wanna marching carvings w nf dw encouraging want,6/21/2019 11:31,,en,0,0,2,[],[],0,0,,,,,,,,,,,None
5916,anyways started weightlifting good also fucking weak humiliating,5/31/2019 5:42,,en,0,3,8,[],[],0,1,,,,,,,,,,,None
5917,entering gym bro era think think let go,5/13/2019 12:45,,en,0,0,1,[],[],0,0,,,,,,,,,,,None
5918,friend chicken sandwiches good high cal id anything,5/13/2019 12:24,,en,1,0,1,[],[],0,0,,,,,,,,,,,None
5919,fuck break ever significant tell fat obsess food much,5/13/2019 12:18,,en,1,0,1,[],[],0,0,,,,,,,,,,,None
5920,craving plain yogurt earlier idk means maybe weird even like plain yogurt usually,5/8/2019 1:24,,en,0,0,1,[],[],0,0,,,,,,,,,,,None
5921,love saying good night gcs everyone completely ignores haha cool,5/8/2019 1:21,,en,1,0,1,[],[],0,0,,,,,,,,,,,None
5922,need thigh gap end year many unspecified activities,5/5/2019 10:56,,en,1,0,1,[],[],0,1,,,,,,,,,,,None
5923,want trigger purpose trigger accidentally sight mf,5/4/2019 11:47,,en,0,0,3,[],[],0,1,,,,,,,,,,,None
5924,back real think maybe weekend next week,4/30/2019 14:37,,en,0,3,9,[],[],0,1,,,,,,,,,,,None
5925,sat times last hours legs going fall,4/29/2019 7:13,,en,1,0,1,[],[],0,0,,,,,,,,,,,None
5926,manatr stream mins,4/16/2019 6:33,,en,0,0,0,[],[],0,0,,,,,,,,,,,None
5927,okay break real buee,4/15/2019 1:56,,en,0,0,1,[],[],0,0,,,,,,,,,,,None
5928,ppl cut straight scare idk idk,4/15/2019 1:35,,en,1,0,1,[],[],0,0,,,,,,,,,,,None
5929,stfu isnt true swear promise pls believe,4/12/2019 13:10,,en,1,0,1,[],[],0,1,,,,,,,,,,,None
5930,taking little break twitter like couple days try get school life track hope guys mind miss though love hope amazing,4/11/2019 12:56,,en,1,0,3,[],[],0,0,,,,,,,,,,,None
5931,thank al much well wishes encouragement really really appreciate,4/11/2019 12:48,,en,0,0,0,[],[],0,0,,,,,,,,,,,None
5932,yoo one side effects period meds laxative hype,4/9/2019 8:42,,en,0,0,0,[],[],0,0,,,,,,,,,,,None
5933,banyak yg kegocek ini wkwkw termasuk gua waktu itu,4/9/2019 5:07,,en,0,0,3,[],[],0,1,,,,,,,,,,,None
5934,hahaha inget banget ini sampe exo nanyain ada apa emang,4/9/2019 5:06,,en,0,0,1,[],[],0,0,,,,,,,,,,,None
5935,kalo dari ini sih pilih spo sama ytm tapi pake appmus juga,4/9/2019 3:27,,en,2,2,13,[],[],0,1,,,,,,,,,,,None
5936,ribet banget bacanya kalo chanyeol chbe,4/9/2019 1:21,,en,0,0,1,[],[],0,0,,,,,,,,,,,None
5937,ayo lah trabas sampe september ay,4/8/2019 1:53,,en,0,0,0,[],[],0,1,,,,,,,,,,,None
5938,hahaha harus pulang tgl sept besokk,4/6/2019 15:19,,en,0,0,0,[],[],0,0,,,,,,,,,,,None
5939,yup aku beneran definisi menua bersama exo,4/6/2019 5:35,,en,1,0,1,[],[],0,0,,,,,,,,,,,None
5940,yang pertama gausah buka hati dulu gapapa yg terpenting itu nyembuhin diri sendiri nanti berjalannya waktu juga tanpa sadar bisa terbuka lagi lagian ga ada salahnya buat nutup hati dulu gak perlu buru,4/6/2019 5:27,,en,1,0,1,[],[],0,1,,,,,,,,,,,None
5941,eh gak mereka sih cuma liat aja tadi pas lg scroll ht jd lucu ajaa,4/6/2019 4:28,,en,1,0,5,[],[],0,1,,,,,,,,,,,None
5942,iya gpp gua jg udah capek banget sama kelakuannya kadang,4/5/2019 12:33,,en,0,0,5,[],[],0,1,,,,,,,,,,,None
5943,loeyjay,4/1/2019 10:11,,en,0,0,1,[],[],0,0,,,,,,,,,,,None
5944,come week tell im proud leave feedback,3/31/2019 11:50,,en,0,0,1,[],[],0,0,,,,,,,,,,,None
5945,apa jangan kayak akhir tahun kemaren yg kayak pangeran itu,3/30/2019 15:09,,en,0,0,1,[],[],0,0,,,,,,,,,,,None
5946,baru tadi gua wanti eh beneran ganti hair style anyingg,6/6/2022 3:31,,en,0,0,1,[],[],0,1,,,,,,,,,,,None
5947,congrats sayang banget kayaknya chanyeol ga dateng katena ada schedule meissa hari ini,5/28/2022 5:52,,en,0,0,0,[],[],0,0,,,,,,,,,,,None
5948,dibilang trash award tapi kalo menang juga seneng kan karena kalah aja,4/8/2022 5:55,,en,0,0,10,[],[],0,0,,,,,,,,,,,None
5949,dinyanyiin exo pas nikahan itu another level banget,3/29/2022 8:31,,en,0,0,7,[],[],0,0,,,,,,,,,,,None
5950,shy baby show ur babies,11/14/2021 6:48,,en,0,0,0,[],[],0,0,,,,,,,,,,,None
5951,hii sum question u answer u want lt why not babe,9/28/2021 1:04,,en,0,0,1,[],[],0,0,,,,,,,,,,,None
5952,parents wont let  go walk because they gather are important,8/20/2021 6:40,,en,0,1,8,[],[],0,0,,,,,,,,,,,None
5953,best  every tweet hear head actually characters voice brilliant,6/12/2021 4:26,,en,0,0,1,[],[],0,0,,,,,,,,,,,None
5954,gatel sih pengen ngejb tapi akun ini lagi bersih buat ngomenin hal ga penting,6/8/2021 1:59,,en,0,0,1,[],[],0,0,,,,,,,,,,,None
5955,gila saking ngantuknya semalem sekali merem langsung ke alam mimpi,5/11/2021 12:35,,en,0,0,1,[],[],0,0,,,,,,,,,,,None
5956,happy born day jongin,5/7/2021 0:07,,en,1,4,9,[],[],0,0,,,,,,,,,,,None
5957,hh guy,4/2/2021 2:02,,en,0,0,2,[],[],0,0,,,,,,,,,,,None
5958,hng take care baby,3/18/2021 2:30,,en,0,0,1,[],[],0,0,,,,,,,,,,,None
5959,unlove,1/19/2021 5:50,,en,0,0,3,[],[],0,0,,,,,,,,,,,None
5960,makan naspad kayak makan bubur pulen bener itu nasi buset,11/12/2020 9:42,,en,1,1,8,[],[],0,0,,,,,,,,,,,None
5961,mashallahh,11/11/2020 14:04,,en,0,0,3,[],[],0,0,,,,,,,,,,,None
5962,mau hair mau hair sama bikin sinting,10/27/2020 11:12,,en,0,1,5,[],[],0,0,,,,,,,,,,,None
5963,mau ngebucinin cowo kpop dulu lah sampe tahun kedepan belom siap bener buka hati bodo amat deh nikah kapan,10/20/2020 11:07,,en,2,2,10,[],[],0,0,,,,,,,,,,,None
5964,met pagi ayang yang bukan ayang gak met pagi,10/20/2020 1:21,,en,1,0,8,[],[],0,0,,,,,,,,,,,None
5965,rocker banget ayang w,10/3/2020 5:10,,en,1,0,5,[],[],0,0,,,,,,,,,,,None
5966,runaway juga udah ada translatenya,9/15/2020 0:58,,en,1,0,3,[],[],0,0,,,,,,,,,,,None
5967,sayang bangeett,6/11/2022 9:33,,en,0,0,2,[],[],0,1,,,,,,,,,,,None
5968,setiap pagi masak nasgor mulu bosen juga w lama,6/10/2022 9:20,,en,0,0,2,[],[],0,1,,,,,,,,,,,None
5969,sumpah ya kelakuan fandom gua ada aja anjir ngeditnya saking kangennya sama exo,6/10/2022 8:26,,en,0,0,1,[],[],0,1,,,,,,,,,,,None
5970,sumpah ya untung ada mbak knock uda nungguin drtd eh malah ketinggalan,6/9/2022 15:14,,en,1,0,1,[],[],0,0,,,,,,,,,,,None
5971,tp gatau deh kalo di rant maybe kalo lewat bakal langsung gua jb,6/9/2022 6:20,,en,0,0,0,[],[],0,1,,,,,,,,,,,None
5972,udah kelar ngeluarin uneg di rant udah jangan lewat lg di tl ya gua males,6/9/2022 6:13,,en,0,0,4,[],[],0,1,,,,,,,,,,,None
5973,one exo saranghaja,6/8/2022 10:24,,en,0,0,5,[],[],0,1,,,,,,,,,,,None
5974,omfg wish collarbones would sho,6/4/2022 16:26,,en,0,0,0,[],[],0,1,,,,,,,,,,,None
5975,love white chunky boots also dont black ones ill probably go,6/3/2022 22:58,,en,0,0,2,[],[],0,1,,,,,,,,,,,None
5976,ah really lmaoo normally like platforms cause could w like liking walk problem w prefer normal shoes bc make feel every texture ground something lmfaoo,6/10/2022 15:21,,en,1,0,0,[],[],0,0,,,,,,,,,,,None
5977,ahh understand ill see try im super small love make taller lmaoo,6/10/2022 15:20,,en,1,0,0,[],[],0,0,,,,,,,,,,,None
5978,ive platforms theyre really good quality well,6/10/2022 15:18,,en,0,0,1,[],[],0,0,,,,,,,,,,,None
5979,oh god looks deliciouss spices u use,6/10/2022 15:07,,en,0,0,0,[],[],0,0,,,,,,,,,,,None
5980,dies istg,6/10/2022 15:06,,en,2,0,1,[],[],0,0,,,,,,,,,,,None
5981,im scared sad like rue said funeral scene trailer,6/10/2022 15:04,,en,1,0,0,[],[],0,0,,,,,,,,,,,None
5982,different belgium idk youre long,6/8/2022 23:43,,en,1,0,0,[],[],0,0,,,,,,,,,,,None
5983,oh thought talking paramedic sorry im actually stupid since u said working field thought u referring wouldnt mind studying long since something really interests interested life,6/6/2022 16:18,,en,0,0,0,[],[],0,0,,,,,,,,,,,None
5984,well im planing go uni,6/2/2022 18:25,,en,0,0,0,[],[],0,0,,,,,,,,,,,None
5985,yeah sure wish lot luck ur studies lt,6/2/2022 18:20,,en,2,0,2,[],[],0,0,,,,,,,,,,,None
5986,yea promo video theres funeral kinda scene,6/2/2022 17:59,,en,0,0,1,[],[],0,0,,,,,,,,,,,None
5987,yes right think hard job since u see intense situations feel like id love since wanna help people,6/2/2022 17:45,,en,1,0,0,[],[],0,0,,,,,,,,,,,None
5988,kept staring looking n us flipped got bus,5/30/2022 3:58,,en,0,0,0,[],[],0,0,,,,,,,,,,,None
5989,ur hurt urself yes,5/30/2022 3:34,,en,2,0,11,[],[],0,0,,,,,,,,,,,None
5990,im manic lmaoo,5/29/2022 7:57,,en,0,0,0,[],[],0,0,,,,,,,,,,,None
5991,im around rn im lt,5/29/2022 7:34,,en,0,0,0,[],[],0,0,,,,,,,,,,,None
5992,except much joy almost much,5/29/2022 7:33,,en,0,0,0,[],[],0,0,,,,,,,,,,,None
5993,felt much oh god horrible like girl im fucking suicidal get one physical symptom im like shit im gonna fucking die,5/29/2022 6:27,,en,7,16,43,[],[],0,1,,,,,,,,,,,None
5994,lmfao talking abt yesterday psychology intern like yk im scared live alone bc know im gonna scared shitless smallest fucking sound thinking someone breaking,5/29/2022 5:06,,en,0,0,0,[],[],0,0,,,,,,,,,,,None
5995,still like manic rn,5/29/2022 3:38,,en,0,0,0,[],[],0,1,,,,,,,,,,,None
5996,im sorry hope,5/29/2022 3:34,,en,0,0,0,[],[],0,1,,,,,,,,,,,None
5997,lasts weeks u really get assessed bipolar im sorry refuse listen,5/29/2022 3:32,,en,0,0,0,[],[],0,0,,,,,,,,,,,None
5998,yea exactly thats called mania mania needs last days classified mania bpd severe mood swings yes mania outburst euphoric mood swing mania mood episode yes theres lot person w bpd bipolar,5/28/2022 22:04,,en,0,0,0,[],[],0,0,,,,,,,,,,,None
5999,year old business listening song repeat,5/28/2022 21:59,,en,1,0,1,[],[],0,0,,,,,,,,,,,None
6000,management calling already lol lmfaoo love,5/28/2022 19:15,,en,0,0,0,[],[],0,0,,,,,,,,,,,None
6001,numbers must mean something theyre connected keep seeing meaning theyre trying tell something,5/28/2022 16:48,,en,0,0,0,[],[],0,0,,,,,,,,,,,None
6002,always missing people shouldnt missing sometimes gotta burn bridges create distance,5/28/2022 3:27,,en,0,0,0,[],[],0,0,,,,,,,,,,,None
6003,really crying miss maths teacher yes,5/28/2022 3:02,,en,0,0,1,[],[],0,0,,,,,,,,,,,None
6004,want someone love care,5/28/2022 3:00,,en,0,0,0,[],[],0,0,,,,,,,,,,,None
6005,omg im happy,6/6/2022 8:23,,en,1,0,1,[],[],0,0,,,,,,,,,,,None
6006,omg,6/1/2022 23:03,,en,0,0,0,[],[],0,0,,,,,,,,,,,None
6007,omg white thingz,6/10/2022 7:05,,en,1,0,0,[],[],0,0,,,,,,,,,,,None
6008,omg thnk u logan,6/10/2022 10:01,,en,1,0,1,[],[],0,0,,,,,,,,,,,None
6009,omg would ppl interested seeing screenshots back day proana yall probs seen youve hot second maybe pic thread unless flops,6/8/2022 10:32,,en,0,1,1,[],[],0,0,,,,,,,,,,,None
6010,omg yes go queen spitting facts,6/5/2022 7:27,,en,0,0,0,[],[],0,0,,,,,,,,,,,None
6011,one reasons dms open minor feel like adult preying harassing cannot ask parents teachers help always willing help fucking break whoever hurting safe,6/4/2022 9:56,,en,0,0,0,[],[],0,0,,,,,,,,,,,None
6012,online shopping full time job,6/4/2022 4:23,,en,0,0,0,[],[],0,0,,,,,,,,,,,None
6013,strawberries oranges kiwi tho,6/2/2022 8:36,,en,0,0,1,[],[],0,0,,,,,,,,,,,None
6014,idk thought maybe stop everyones experience anorexia povs stupid dont call fake invalidate someone elses experience,6/2/2022 0:04,,en,0,0,0,[],[],0,0,,,,,,,,,,,None
6015,owo,6/1/2022 4:41,,en,0,2,2,[],[],0,1,,,,,,,,,,,None
6016,peaches,9/15/2016 5:20,,en,0,0,1,[],[],0,0,,,,,,,,,,,None
6017,people need shed light period,5/29/2022 2:49,,en,0,0,0,[],[],0,0,,,,,,,,,,,None
6018,people eating disorders like know spot remember theyre ugw n stay home,5/5/2022 8:38,,en,0,0,2,[],[],0,0,,,,,,,,,,,None
6019,pergi pasar malam la paling seronok takoyaki ada cendawan goreng cheese ada keropok lekor ada yong tau fu ada nasi kerabu ada fuhh kalau masuk pasar malam mau kena azan baru jumpa jalan keluar,4/28/2022 23:59,,en,0,0,0,[],[],0,1,,,,,,,,,,,None
6020,pescetarian,4/12/2022 3:05,,en,0,0,0,[],[],0,0,,,,,,,,,,,None
6021,petition start calling bulimia anorexia b p eat yeet,6/2/2022 11:54,,en,0,0,0,[],[],0,1,,,,,,,,,,,None
6022,pick,5/25/2022 6:55,,en,0,0,0,[],[],0,1,,,,,,,,,,,None
6023,piggyy dippin piggy dippin piggy pond,6/16/2016 2:33,,en,0,2,0,[],[],0,0,,,,,,,,,,,None
6024,please add,5/5/2016 6:42,,en,0,0,0,[],[],0,0,,,,,,,,,,,None
6025,please really need support,7/10/2017 8:41,,en,0,6,9,[],[],0,0,,,,,,,,,,,None
6026,please lmaoo,6/7/2022 3:11,,en,1,0,4,[],[],0,0,,,,,,,,,,,None
6027,please reblog youre ana acc chances someone come say experienced ana coach wholl help reach goal weight block older men want groom asking nudebody checks,3/15/2021 10:45,,en,1,1,39,[],[],0,0,,,,,,,,,,,None
6028,please enough,6/1/2020 3:27,,en,0,0,5,[],[],0,0,,,,,,,,,,,None
6029,pls need help lol,4/3/2020 23:36,,en,0,0,0,[],[],0,0,,,,,,,,,,,None
6030,plus theres way half accurate,4/2/2020 14:41,,en,0,0,1,[],[],0,0,,,,,,,,,,,None
6031,positivity gc basically everyday everyone says smth like ik people get nervous large groups adding first ten ppl rt like successful make another group,6/5/2022 17:16,,en,1,5,18,[],[],0,0,,,,,,,,,,,None
6032,pov going holiday themed date poll thread anyone pls rt voting,6/4/2022 14:23,,en,1,0,9,[],[],0,1,,,,,,,,,,,None
6033,pq q eu ouo essas besteiras de qm sabe q eu tenho takk,6/1/2022 17:28,,en,1,0,0,[],[],0,0,,,,,,,,,,,None
6034,practically entire fyp,6/1/2022 17:28,,en,1,0,0,[],[],0,0,,,,,,,,,,,None
6035,pretty,5/28/2022 2:08,,en,0,0,0,[],[],0,0,,,,,,,,,,,None
6036,pretty girls make nervous,5/27/2022 20:12,,en,0,0,0,[],[],0,0,,,,,,,,,,,None
6037,proana usernames like skinny,5/25/2022 15:04,,en,0,0,0,[],[],0,0,,,,,,,,,,,None
6038,probably see,5/10/2022 16:57,,en,0,0,0,[],[],0,0,,,,,,,,,,,None
6039,profound also laughed hard,6/11/2022 8:17,,en,0,0,0,[],[],0,0,,,,,,,,,,,None
6040,psa lot people lie abt intake competitive part eating disorders combined lack care strangers compare intake people online youre fine ok,6/11/2022 8:13,,en,0,0,1,[],[],0,0,,,,,,,,,,,None
6041,put mine replies ill qrt,3/27/2022 7:11,,en,0,0,0,[],[],0,0,,,,,,,,,,,None
6042,queria tanto ser fodida com fora,4/26/2017 10:53,,en,1,0,1,[],[],0,0,,,,,,,,,,,None
6043,r yall proud,11/4/2016 4:59,,en,1,1,1,[],[],0,0,,,,,,,,,,,None
6044,random polls ed twt rt voting pls lt,6/8/2022 23:31,,en,1,0,1,[],[],0,0,,,,,,,,,,,None
6045,reading manhwa one guy finee,6/8/2022 9:52,,en,4,0,1,[],[],0,0,,,,,,,,,,,None
6046,real kpop music,8/10/2013 1:57,,en,1,5,2,[],[],0,0,,,,,,,,,,,None
6047,reasons consider recovery thread,6/6/2022 2:47,,en,0,1,7,[],[],0,1,,,,,,,,,,,None
6048,redoin bc messed lil lt,6/6/2022 0:47,,en,0,1,1,[],[],0,1,,,,,,,,,,,None
6049,reminder eating disorders deadly year old influencer died ed,6/4/2022 23:03,,en,0,2,3,[],[],0,1,,,,,,,,,,,None
6050,right current depressive episode like month ago,6/4/2022 3:11,,en,0,1,1,[],[],0,0,,,,,,,,,,,None
6051,right getting taehyung squid game sangwoo picture,9/16/2017 8:01,,en,0,0,1,[],[],0,0,,,,,,,,,,,None
6052,rlly needed,4/30/2017 6:30,,en,0,0,0,[],[],0,0,,,,,,,,,,,None
6053,rlly sharp pains left side drink coffee feel like im gonna die hello,3/30/2017 8:31,,en,0,0,1,[],[],0,0,,,,,,,,,,,None
6054,rocks buttons marbles,12/19/2016 8:39,,en,0,0,0,[],[],0,0,,,,,,,,,,,None
6055,rt b moots tl getting dryer dryer days go idk need frens dni pro ed non ed acc shitty person,11/5/2016 8:58,,en,0,0,0,[],[],0,1,,,,,,,,,,,None
6056,rt meanspo makes u laugh doesnt work,11/3/2016 16:00,,en,0,0,0,[],[],0,0,,,,,,,,,,,None
6057,rt overweight people eating disorders valid joke trying prove point oomf,11/3/2016 15:49,,en,0,0,0,[],[],0,0,,,,,,,,,,,None
6058,rt u would never shame someone skinny want prove locals know talking,8/30/2016 14:16,,en,1,0,0,[],[],0,0,,,,,,,,,,,None
6059,rt u hate proana tiktok passion,8/18/2016 20:18,,en,0,0,1,[],[],0,0,,,,,,,,,,,None
6060,rt remember,8/17/2016 10:37,,en,0,0,0,[],[],0,0,,,,,,,,,,,None
6061,rt youve never used laxative im tryna see smtng,6/20/2016 21:34,,en,0,0,0,[],[],0,0,,,,,,,,,,,None
6062,rt ing boost still cant get main ive contact twt support please rt moots know didnt dip something,5/14/2020 21:40,,en,0,0,0,[],[],0,0,,,,,,,,,,,None
6063,percebi agora q n mandei pesagem da segunda semana kk,6/11/2022 5:58,,en,3,0,1,[],[],0,0,,,,,,,,,,,None
6064,samee,6/10/2022 3:31,,en,1,0,2,[],[],0,0,,,,,,,,,,,None
6065,saw tl laughed,6/8/2022 22:50,,en,0,0,3,[],[],0,0,,,,,,,,,,,None
6066,say eating disorder defined intake eating today doesnt mean youre magically healed afraid slice cake doesnt mean eating disorder real people anorexia eat,5/18/2022 3:14,,en,0,0,0,[],[],0,0,,,,,,,,,,,None
6067,say yall r proud,5/14/2022 7:54,,en,0,0,1,[],[],0,1,,,,,,,,,,,None
6068,school saur boring cant,12/23/2021 9:05,,en,0,0,1,[],[],0,0,,,,,,,,,,,None
6069,second option dont school tomorrow anyways,12/23/2021 5:49,,en,0,0,1,[],[],0,1,,,,,,,,,,,None
6070,seduce like lover promises made take care nurture tends fade anorexia insidious relationship abuse destroy mind body leaving carcass use,12/17/2021 18:39,,en,0,0,1,[],[],0,0,,,,,,,,,,,None
6071,see hate spaniards music goes hard,11/7/2021 4:31,,en,0,0,0,[],[],0,0,,,,,,,,,,,None
6072,sh recovery encouragement thread plz interact,6/11/2022 10:17,,en,0,0,3,[],[],0,0,,,,,,,,,,,None
6073,looks like barbie doll fr,6/11/2022 8:01,,en,0,0,4,[],[],0,0,,,,,,,,,,,None
6074,looks rich expensive,6/11/2022 5:23,,en,0,0,11,[],[],0,0,,,,,,,,,,,None
6075,shes queen methinks,6/11/2022 3:58,,en,0,0,3,[],[],0,0,,,,,,,,,,,None
6076,shes everything,6/11/2022 2:46,,en,0,0,0,[],[],0,0,,,,,,,,,,,None
6077,shes like omg,6/11/2022 0:40,,en,0,0,3,[],[],0,0,,,,,,,,,,,None
6078,shes crazy,6/10/2022 12:49,,en,0,0,2,[],[],0,0,,,,,,,,,,,None
6079,shes embarrassing,6/10/2022 11:49,,en,1,0,7,[],[],0,0,,,,,,,,,,,None
6080,shes stunning,6/10/2022 11:33,,en,3,0,8,[],[],0,1,,,,,,,,,,,None
6081,shit go hope hes actually worth ruining sleep schedule,6/10/2022 9:23,,en,2,0,3,[],[],0,0,,,,,,,,,,,None
6082,shitty,6/10/2022 4:39,,en,1,1,16,[],[],0,0,,,,,,,,,,,None
6083,short nails top bulimic,6/10/2022 3:15,,en,1,1,15,[],[],0,0,,,,,,,,,,,None
6084,shorts getting loose mm finally,6/10/2022 3:13,,en,1,0,2,[],[],0,0,,,,,,,,,,,None
6085,attend online classes tomorrow sleep,6/10/2022 3:01,,en,2,1,8,[],[],0,0,,,,,,,,,,,None
6086,go walk family even tho cold tired,6/10/2022 2:44,,en,1,0,2,[],[],0,0,,,,,,,,,,,None
6087,shut apple orange juice god damn,6/9/2022 8:05,,en,0,0,11,[],[],0,0,,,,,,,,,,,None
6088,sigh,6/9/2022 4:40,,en,10,14,60,[],[],0,0,,,,,,,,,,,None
6089,sim mutuals,6/9/2022 3:35,,en,0,0,2,[],[],0,0,,,,,,,,,,,None
6090,since one seems know anorexia definition emotional disorder characterized obsessive desire lose weight refusing eat indicate much u lose gain simply states desire lose weight think,6/9/2022 2:37,,en,0,1,4,[],[],0,0,,,,,,,,,,,None
6091,since okay use ppls photos bodychecks try shame fucks sake love ed twt dumb comprehend weight eating disorder mental eating disorders anorexia,6/9/2022 1:40,,en,1,0,0,[],[],0,1,,,,,,,,,,,None
6092,sir switch uo,6/8/2022 22:18,,en,0,0,2,[],[],0,0,,,,,,,,,,,None
6093,sir soent littlw lonv typing,6/8/2022 17:46,,en,0,0,2,[],[],0,0,,,,,,,,,,,None
6094,slytherin anorexia ravenclaw orthorexia hufflepuff bed gryffindor joined august,6/8/2022 11:15,,en,1,0,4,[],[],0,0,,,,,,,,,,,None
6095,confused,6/8/2022 10:40,,en,1,0,1,[],[],0,0,,,,,,,,,,,None
6096,heres server ive made im new making servers may little messy im best rt youre interested joining flopped didnt,6/8/2022 6:04,,en,0,0,1,[],[],0,0,,,,,,,,,,,None
6097,lisa paris reason,6/8/2022 5:56,,en,0,0,2,[],[],0,0,,,,,,,,,,,None
6098,like kind update originally left bc going chemo actually made gain wtf currently hormone replacement therapy bc said chemo like im going puberty lol,6/8/2022 1:56,,en,1,0,22,[],[],0,0,,,,,,,,,,,None
6099,like idk care feel free dm promise awake answer eventually know got nothing better cough thx coronavirus cough,6/8/2022 0:23,,en,3,0,16,[],[],0,0,,,,,,,,,,,None
6100,stressed,6/7/2022 15:04,,en,0,0,4,[],[],0,0,,,,,,,,,,,None
6101,wake,6/7/2022 6:10,,en,0,0,1,[],[],0,0,,,,,,,,,,,None
6102,want skinny tall lanky white guy short cubby hispanic girl duo,6/7/2022 4:16,,en,0,0,6,[],[],0,0,,,,,,,,,,,None
6103,yall negative like bro counting calories make non anorexic,6/7/2022 2:31,,en,0,0,9,[],[],0,0,,,,,,,,,,,None
6104,need learn difference lose loose,6/7/2022 2:25,,en,0,0,1,[],[],0,1,,,,,,,,,,,None
6105,people dont want look deadly skinny know okay objective eating disorders dont look everyone,6/7/2022 2:19,,en,1,0,2,[],[],0,0,,,,,,,,,,,None
6106,someone remind french homework hrs get home,6/7/2022 0:04,,en,0,1,21,[],[],0,1,,,,,,,,,,,None
6107,someone would inject lard food,6/6/2022 15:04,,en,1,0,2,[],[],0,0,,,,,,,,,,,None
6108,sorry using proana past tweets didnt know meant exactly deeply apologize,6/6/2022 10:00,,en,0,0,1,[],[],0,0,,,,,,,,,,,None
6109,sorry negative please go back community kind yall damn childish see someone everyday throwing around term proana bc theyre triggered instead educating person theyre triggered,6/6/2022 8:34,,en,0,0,2,[],[],0,0,,,,,,,,,,,None
6110,sounds great except skin already flawless much hair paint nails eyes dark pretty dark circles genetic havent shat days ok idek gut want die young pretty,6/6/2022 7:20,,en,4,1,16,[],[],0,1,,,,,,,,,,,None
6111,southpark season february nd yass,6/6/2022 6:25,,en,0,0,2,[],[],0,0,,,,,,,,,,,None
6112,started period,6/6/2022 5:59,,en,1,0,4,[],[],0,1,,,,,,,,,,,None
6113,startin day w oatmeal apple honey almond flakes chia seeds,6/6/2022 5:48,,en,3,0,2,[],[],0,0,,,,,,,,,,,None
6114,stealing away,6/6/2022 3:27,,en,0,1,21,[],[],0,1,,,,,,,,,,,None
6115,stop preaching anorexia weight recover weight gonna believe youre making fun someone trying ro get better,6/5/2022 11:52,,en,4,0,27,[],[],0,0,,,,,,,,,,,None
6116,stopp,6/5/2022 5:47,,en,0,0,3,[],[],0,1,,,,,,,,,,,None
6117,study shower shower study,6/5/2022 5:19,,en,1,0,3,[],[],0,0,,,,,,,,,,,None
6118,sunny loosely derived real name,6/5/2022 5:14,,en,0,0,2,[],[],0,0,,,,,,,,,,,None
6119,sweaty hands,6/5/2022 4:50,,en,0,0,1,[],[],0,0,,,,,,,,,,,None
6120,sza doesnt like loona,6/5/2022 4:43,,en,1,0,19,[],[],0,0,,,,,,,,,,,None
6121,venda modelo tourina ano dono antigos adesivos quilometragem condio jovem com problemas de ansiedade,6/4/2022 13:05,,en,1,0,3,[],[],0,1,,,,,,,,,,,None
6122,tag urselves n g e r,6/4/2022 11:56,,en,2,0,13,[],[],0,0,,,,,,,,,,,None
6123,tag self im anorexia secret wapen,6/4/2022 8:35,,en,4,0,0,[],[],0,0,,,,,,,,,,,None
6124,takis omg taste soo good love much theyre one fear foods also cheesey breadsticks lmfao love cheese,6/4/2022 6:42,,en,1,0,1,[],[],0,0,,,,,,,,,,,None
6125,talia,6/4/2022 6:29,,en,7,2,30,[],[],0,1,,,,,,,,,,,None
6126,tall bitches see meanspo see weight get offended like calm goliath get pass,6/4/2022 3:08,,en,0,0,2,[],[],0,0,,,,,,,,,,,None
6127,text add tv rn ru,6/4/2022 2:56,,en,0,1,14,[],[],0,0,,,,,,,,,,,None
6128,textured soy potatos half red pepper half onion carrot turned un meal,6/3/2022 13:29,,en,2,0,13,[],[],0,0,,,,,,,,,,,None
6129,thank tou instagram,6/2/2022 11:08,,en,3,0,6,[],[],0,1,,,,,,,,,,,None
6130,great movie im getting tired let get us drink bed,6/2/2022 10:03,,en,1,0,8,[],[],0,0,,,,,,,,,,,None
6131,thats shouldnt simp white guy,6/1/2022 7:06,,en,0,0,0,[],[],0,0,,,,,,,,,,,None
6132,l ednos stands losing weight,6/1/2022 4:59,,en,1,0,13,[],[],0,1,,,,,,,,,,,None
6133,anorexia magically disappears second gain weight myth reason weight focused treatment eds common despite unhelpful traumatizing typically abusive still used despite evidence work,11/4/2019 13:04,,en,0,0,0,[],[],0,0,,,,,,,,,,,None
6134,aespa b sides good im smiling,6/24/2019 6:02,,en,0,0,0,[],[],0,0,,,,,,,,,,,None
6135,audacity white man excited go th hour,6/17/2019 12:08,,en,0,0,0,[],[],0,0,,,,,,,,,,,None
6136,dancing comments arent knetz active listeners kpop im confused,6/14/2019 0:42,,en,0,0,0,[],[],0,0,,,,,,,,,,,None
6137,day finally came thought one lucky ones wouldnt shit themself wouldnt shit story wrong wasnt anything bad yeah happend,6/10/2019 13:14,,en,0,0,0,[],[],0,0,,,,,,,,,,,None
6138,dream,6/10/2019 1:36,,en,0,0,0,[],[],0,0,,,,,,,,,,,None
6139,end world,2/25/2019 15:33,,en,0,0,0,[],[],0,0,,,,,,,,,,,None
6140,fact cousin wont give adderall plug hate family,2/25/2019 15:26,,en,0,0,0,[],[],0,0,,,,,,,,,,,None
6141,fact poc significantly likely develop eating disorders white people white skinny girls get praised worshipped fucked,2/23/2019 9:50,,en,0,0,0,[],[],0,0,,,,,,,,,,,None
6142,fuck,10/8/2017 12:33,,en,0,0,0,[],[],0,0,,,,,,,,,,,None
6143,gap lini n vamp,10/8/2017 12:31,,en,0,0,0,[],[],0,0,,,,,,,,,,,None
6144,guy back nd pic ngl,10/8/2017 12:28,,en,0,1,0,[],[],0,0,,,,,,,,,,,None
6145,inspiration needed tonight,9/29/2017 4:12,,en,0,0,0,[],[],0,1,,,,,,,,,,,None
6146,itty bitty rainbow ice cubes need,9/29/2017 2:19,,en,0,0,0,[],[],0,0,,,,,,,,,,,None
6147,jennie gossip girl implications,1/28/2021 18:00,,en,0,0,1,[],[],0,0,,,,,,,,,,,None
6148,meanspo youre liking shows moots tl please dont forget,12/31/2020 10:42,,en,0,0,0,[],[],0,0,,,,,,,,,,,None
6149,new scooby doo movie terrible robot dog cool ash,12/25/2020 13:57,,en,4,34,456,[],[],0,0,,,,,,,,,,,None
6150,difference anorexia atypical anorexia fatphobia,11/12/2020 17:22,,en,1,0,0,[],[],0,0,,,,,,,,,,,None
6151,thing separating atypical anorexia weight criteria malnutrition wait kick bmi certain number die anorexia weight,11/12/2020 17:21,,en,1,0,1,[],[],0,0,,,,,,,,,,,None
6152,ppl tiktok think anorexic bc eat school,11/12/2020 16:09,,en,1,0,1,[],[],0,0,,,,,,,,,,,None
6153,ppl go way fatphobic r corny,11/12/2020 16:09,,en,2,0,1,[],[],0,0,,,,,,,,,,,None
6154,real meanspo ed twt bae ur mom lt,11/7/2020 7:54,,en,1,0,1,[],[],0,0,,,,,,,,,,,None
6155,replies guys please use free time u ur fasting study put ur brain use beg,11/7/2020 7:51,,en,2,0,1,[],[],0,0,,,,,,,,,,,None
6156,skin tone kinda like,11/4/2020 6:11,,en,1,3,61,[],[],0,0,,,,,,,,,,,None
6157,sky blue yall think show,11/4/2020 3:06,,en,0,6,62,[],[],0,0,,,,,,,,,,,None
6158,universe literally giving mixed signals,10/25/2020 1:11,,en,1,1,6,[],[],0,0,,,,,,,,,,,None
6159,video gave stroke,10/8/2020 3:25,,en,0,8,169,[],[],0,1,,,,,,,,,,,None
6160,way got like likes reply didnt even notice bit bc phone dnd checked phone saw notifs looked tatted skater type boy next suddenly got bag like damn rly im living huh,10/1/2020 2:35,,en,1,11,85,[],[],0,0,,,,,,,,,,,None
6161,way talking ab movies like subplot romance u tho heart broken lt,9/25/2020 12:02,,en,0,0,0,[],[],0,0,,,,,,,,,,,None
6162,way happened times backfired second,9/23/2020 10:30,,en,0,0,0,[],[],0,0,,,,,,,,,,,None
6163,way made nauseous,9/9/2020 1:58,,en,0,0,1,[],[],0,0,,,,,,,,,,,None
6164,themes lt,8/28/2020 6:22,,en,0,0,0,[],[],0,0,,,,,,,,,,,None
6165,nothing toxic middle aged dying republican facebook stand,8/8/2020 23:55,,en,0,1,56,[],[],0,1,,,,,,,,,,,None
6166,theres depop dress wanted soo bad size,7/27/2020 14:10,,en,0,8,46,[],[],0,0,,,,,,,,,,,None
6167,theres difference proana asshole,7/2/2020 13:01,,en,0,4,52,[],[],0,0,,,,,,,,,,,None
6168,theres mom clock app talks daughters treatment dealing ed seems super supportive always irks refers process dealt ed mine always girl hard work mom,6/4/2020 12:41,,en,1,0,1,[],[],0,0,,,,,,,,,,,None
6169,theres also eating disorders besides anorexia,6/4/2020 1:52,,en,2,0,9,[],[],0,0,,,,,,,,,,,None
6170,theres fucking way im gonna go beach pool looking like,6/4/2020 0:32,,en,0,0,2,[],[],0,0,,,,,,,,,,,None
6171,theres something abt chocolate thats gonna every single time,6/3/2020 23:30,,en,1,0,8,[],[],0,0,,,,,,,,,,,None
6172,nothing cute aesthetic eating disorders eating disorders layering muliple clothes anorexic cold sneaking downstairs eat bed throat burning purged cute,6/3/2020 16:11,,en,4,24,312,[],[],0,0,,,,,,,,,,,None
6173,look different pretty omg,5/11/2020 12:49,,en,0,9,78,[],[],0,1,,,,,,,,,,,None
6174,playing seoul town road american outfitters waddahell,5/5/2020 5:17,,en,0,0,2,[],[],0,0,,,,,,,,,,,None
6175,argument funny nobody escapes indian wedding without eating atleast plates food,4/28/2020 12:31,,en,0,0,1,[],[],0,0,,,,,,,,,,,None
6176,im british,4/28/2020 2:48,,en,2,2,98,[],[],0,1,,,,,,,,,,,None
6177,evan guy bozo wtf,4/13/2020 1:25,,en,0,0,2,[],[],0,0,,,,,,,,,,,None
6178,excellent song excellent high note phew,4/6/2020 3:30,,en,0,0,35,[],[],0,0,,,,,,,,,,,None
6179,finna im confident wearing revealing clothes,4/4/2020 11:10,,en,0,1,36,[],[],0,1,,,,,,,,,,,None
6180,girl told anarexia pray guys yeah fr spelled like,3/31/2020 8:38,,en,0,0,1,[],[],0,0,,,,,,,,,,,None
6181,literal lie yall dont know eat oatmeal,3/27/2020 13:50,,en,0,2,25,[],[],0,0,,,,,,,,,,,None
6182,exactly want jennies solo album fear,3/2/2020 13:02,,en,0,0,5,[],[],0,0,,,,,,,,,,,None
6183,everytime finish workout,2/27/2020 14:09,,en,0,0,1,[],[],0,0,,,,,,,,,,,None
6184,cute,12/11/2018 14:40,,en,0,0,12,[],[],0,0,,,,,,,,,,,None
6185,embarrassing really wish could talk irl rn would sound stupid,12/2/2018 8:31,,en,0,0,1,[],[],0,0,,,,,,,,,,,None
6186,jesy look darker nicki,10/22/2018 14:18,,en,0,0,19,[],[],0,1,,,,,,,,,,,None
6187,super random genuinely love diff aesthetics interests mutuals promise one unnecessarily mean girls,10/22/2018 6:51,,en,0,0,7,[],[],0,0,,,,,,,,,,,None
6188,random thing ever,10/4/2018 10:03,,en,0,0,8,[],[],0,0,,,,,,,,,,,None
6189,meant btw thank u,8/3/2018 4:17,,en,0,0,1,[],[],0,0,,,,,,,,,,,None
6190,isnt eating disorders america literally pisses much didnt try stop protests pandemic tried stop black lives matter protest white people brought guns black people brought guns would shot,5/31/2018 0:16,,en,0,1,19,[],[],0,0,,,,,,,,,,,None
6191,isnt inspiring depressing,5/2/2018 15:13,,en,0,1,33,[],[],0,1,,,,,,,,,,,None
6192,isnt funny youre serious uh,4/13/2018 9:38,,en,0,0,1,[],[],0,0,,,,,,,,,,,None
6193,one hit lil close home bye,2/24/2018 15:19,,en,0,4,8,[],[],0,0,,,,,,,,,,,None
6194,pandemic really bad people eating disorders,2/13/2018 14:55,,en,0,0,0,[],[],0,0,,,,,,,,,,,None
6195,semester pe french immersion next semester photography pre calc third semester career social studies fourth semester composition science honours,2/5/2018 12:37,,en,0,1,8,[],[],0,1,,,,,,,,,,,None
6196,monthly checkup lets see goes bye see yall next month,12/22/2017 16:06,,en,0,0,6,[],[],0,0,,,,,,,,,,,None
6197,yalls moot pls read whole thread made upset panicky,12/18/2017 15:59,,en,0,0,2,[],[],0,0,,,,,,,,,,,None
6198,thiss,12/18/2017 15:01,,en,0,0,1,[],[],0,0,,,,,,,,,,,None
6199,men annoying,12/18/2017 14:43,,en,0,0,0,[],[],0,0,,,,,,,,,,,None
6200,thought talking blackpink song,12/18/2017 14:34,,en,0,0,0,[],[],0,0,,,,,,,,,,,None
6201,thread favorite tipzz,11/2/2017 16:10,,en,1,0,1,[],[],0,1,,,,,,,,,,,None
6202,three dayss,10/21/2017 4:45,,en,1,0,0,[],[],0,0,,,,,,,,,,,None
6203,thts hte weekend,10/7/2017 7:14,,en,0,0,0,[],[],0,0,,,,,,,,,,,None
6204,thus improving mine megans parasocial relationship,10/5/2017 9:17,,en,0,1,8,[],[],0,1,,,,,,,,,,,None
6205,thus joke,9/29/2017 6:52,,en,1,1,4,[],[],0,0,,,,,,,,,,,None
6206,thx bby,9/25/2017 14:20,,en,0,0,1,[],[],0,0,,,,,,,,,,,None
6207,tiktok wannarexic said,9/25/2017 11:39,,en,3,4,13,[],[],0,1,,,,,,,,,,,None
6208,tiktokers stop like went pounds healthy smiling face heart eyes like genuinely good eating disorders competitive n literally adds nothing drop ur lw like ok,9/6/2017 7:47,,en,0,0,0,[],[],0,0,,,,,,,,,,,None
6209,tired lips,8/29/2017 6:34,,en,0,0,0,[],[],0,0,,,,,,,,,,,None
6210,tits,7/11/2017 13:40,,en,0,1,3,[],[],0,0,,,,,,,,,,,None
6211,tmi ever spend hours toilet bathroom making anonymous embarrassed,6/19/2017 12:03,,en,0,0,0,[],[],0,0,,,,,,,,,,,None
6212,guys eating disorders see u ur valid,5/30/2017 11:59,,en,1,0,1,[],[],0,0,,,,,,,,,,,None
6213,everyone invalidating people high restrict feel bitch eating disorders dont cal limit dont act like,5/24/2017 9:18,,en,0,0,7,[],[],0,1,,,,,,,,,,,None
6214,look like,5/17/2017 4:03,,en,0,3,20,[],[],0,0,,,,,,,,,,,None
6215,planning recovery know u want try different foods please take slow love take care,5/15/2017 12:58,,en,0,0,12,[],[],0,0,,,,,,,,,,,None
6216,toast like smoothies,5/10/2017 11:41,,en,0,1,1,[],[],0,0,,,,,,,,,,,None
6217,todays dance fit,5/10/2017 11:30,,en,1,1,23,[],[],0,1,,,,,,,,,,,None
6218,todays healthspo,5/10/2017 10:26,,en,0,2,7,[],[],0,0,,,,,,,,,,,None
6219,tomorrow last day im letting hr feel insanely nauseous,4/10/2017 4:09,,en,0,3,23,[],[],0,0,,,,,,,,,,,None
6220,toothbrush sterilizer im crying,4/6/2017 3:25,,en,0,0,2,[],[],0,0,,,,,,,,,,,None
6221,trigger warning proana weight mention hi hello lets also keep mind diff sized hands im underweight cant touch pinky thumb around wrist bc hand small lol r morbidly obese cant,4/2/2017 2:33,,en,0,0,13,[],[],0,1,,,,,,,,,,,None
6222,trying hard skip megan lisas parts,3/23/2017 3:37,,en,0,1,3,[],[],0,0,,,,,,,,,,,None
6223,tumblr getting boring im see evil monkey,3/22/2017 3:44,,en,0,2,3,[],[],0,1,,,,,,,,,,,None
6224,tw minor self harm went days without drawing blood didnt think blade sharp breakdown pressed harder,3/10/2017 16:06,,en,0,5,24,[],[],0,0,,,,,,,,,,,None
6225,tw minor self harm image heart lt,3/9/2017 14:15,,en,0,1,13,[],[],0,1,,,,,,,,,,,None
6226,tw self harm baby cuts,3/8/2017 14:19,,en,1,1,4,[],[],0,1,,,,,,,,,,,None
6227,tw rant like say dont attack people making sh ed shit fucking read mainly us include tw tweet profile way even find stuff searching,2/11/2017 13:55,,en,0,0,0,[],[],0,0,,,,,,,,,,,None
6228,tw idiocy bitch people mad invalidating know mental illnesses work kgdick,2/10/2017 3:09,,en,0,0,0,[],[],0,0,,,,,,,,,,,None
6229,tw eating disorders f say ive never happier men mean wtf wrong wasnt bulimic anorexic though like wtf,2/10/2017 1:43,,en,0,2,7,[],[],0,1,,,,,,,,,,,None
6230,tw ed guess pp big doe,2/3/2017 4:43,,en,0,2,24,[],[],0,1,,,,,,,,,,,None
6231,tw nsfw ed people actually sexualize anorexia ed,2/1/2017 13:23,,en,0,0,1,[],[],0,0,,,,,,,,,,,None
6232,ty interaction pinned,1/31/2017 13:44,,en,0,0,1,[],[],0,0,,,,,,,,,,,None
6233,u proana hard ed twt still nice person btw,1/31/2017 13:37,,en,0,0,1,[],[],0,0,,,,,,,,,,,None
6234,u cant decide go anorexia orthorexia u reach ur ugw wtf wrong u ppl,1/31/2017 2:18,,en,0,1,23,[],[],0,1,,,,,,,,,,,None
6235,u know studyblr got studyspo u think got study meanspo like look u u lazy bitch studying like u said u would wonder ure failing ur classes,1/30/2017 14:15,,en,0,0,1,[],[],0,0,,,,,,,,,,,None
6236,uau uau eu literalmente falando disso tem meses e minha namorada solta um fao ideia de qm kk por isso q nunca falo de nada q gosto pra ngm pq todo vez q falo nunca importante suficiente pra lembrar,1/30/2017 2:53,,en,0,2,32,[],[],0,1,,,,,,,,,,,None
6237,uhh idk anyone read recovered months ago im,1/29/2017 12:40,,en,0,0,2,[],[],0,0,,,,,,,,,,,None
6238,um anyways lesbians,1/29/2017 1:54,,en,0,0,1,[],[],0,0,,,,,,,,,,,None
6239,umm ate like calories today lawl fatass,1/28/2017 1:53,,en,0,0,3,[],[],0,0,,,,,,,,,,,None
6240,unfollow u think anorexia bound specific amount calories,1/27/2017 9:11,,en,0,0,1,[],[],0,0,,,,,,,,,,,None
6241,unfortunately actually get worlds worst period cramps usually faint cry throw pain,1/27/2017 8:30,,en,1,1,29,[],[],0,1,,,,,,,,,,,None
6242,unpinned,1/19/2017 6:08,,en,0,0,3,[],[],0,0,,,,,,,,,,,None
6243,ur literally fucking annoying u let live,1/16/2017 4:55,,en,0,0,3,[],[],0,0,,,,,,,,,,,None
6244,vanilla cupcakes pink buttercream frosting give,6/8/2022 5:50,,en,0,0,1,[],[],0,0,,,,,,,,,,,None
6245,venting eating disorders promoting eating disorders venting eating disorders promoting eating disorders venting eating disorders promoting eating disorders venting eating disorders promoting eating disorders,6/8/2022 8:45,,en,0,0,0,[],[],0,0,,,,,,,,,,,None
6246,accurate,6/6/2022 14:33,,en,0,0,1,[],[],0,0,,,,,,,,,,,None
6247,vou fazer dieta vo de qua sex parar finds e fazer semana q vem tbm vamo ver q dar pior q leite n vai ser,6/2/2022 16:54,,en,1,0,6,[],[],0,0,,,,,,,,,,,None
6248,wait hav fucking sleep ew gn,6/2/2022 16:51,,en,16,2,59,[],[],0,0,,,,,,,,,,,None
6249,wait bae twt called bae twt bulimia anorexia ednos,6/2/2022 16:21,,en,1,0,2,[],[],0,0,,,,,,,,,,,None
6250,wait yall eating disorders thought talking ab ed dayfiance,6/2/2022 16:11,,en,0,0,1,[],[],0,0,,,,,,,,,,,None
6251,wait yall dont shit like chronic diarrhea tf,6/2/2022 15:58,,en,0,0,3,[],[],0,0,,,,,,,,,,,None
6252,wait yall eating disorders thought ed stood end dapolicesystem,6/2/2022 15:57,,en,0,0,1,[],[],0,0,,,,,,,,,,,None
6253,waiting jungkook charlie puth mma singing moment,6/2/2022 15:54,,en,0,0,0,[],[],0,0,,,,,,,,,,,None
6254,wanna go europe sole purpose trying alpro products yall always post,6/2/2022 4:51,,en,1,0,0,[],[],0,0,,,,,,,,,,,None
6255,want apple watch bad,5/24/2022 10:45,,en,0,0,1,[],[],0,1,,,,,,,,,,,None
6256,want kpop ed gc normal ed gc everyone full,5/18/2022 5:31,,en,0,0,1,[],[],0,0,,,,,,,,,,,None
6257,want feel whole broken,5/18/2022 5:22,,en,0,0,1,[],[],0,0,,,,,,,,,,,None
6258,alr things smiling cat face heart eyes,5/14/2022 14:53,,en,0,0,7,[],[],0,0,,,,,,,,,,,None
6259,watching video guy said eating disorders donald trump discriminate gender race,5/14/2022 0:47,,en,0,0,4,[],[],0,0,,,,,,,,,,,None
6260,wdym twitter social media platform waste time recurring thoughts,5/14/2022 0:15,,en,0,0,0,[],[],0,0,,,,,,,,,,,None
6261,know two ppl come suggestions,5/13/2022 12:19,,en,1,0,0,[],[],0,0,,,,,,,,,,,None
6262,support bro,5/5/2022 9:23,,en,0,0,4,[],[],0,0,,,,,,,,,,,None
6263,playing among us region europe code fsozqq join,5/5/2022 2:11,,en,0,0,1,[],[],0,0,,,,,,,,,,,None
6264,playing among us region europe code hjclhf join,5/5/2022 1:48,,en,1,0,2,[],[],0,0,,,,,,,,,,,None
6265,boys eating disorders mental illness,5/5/2022 1:38,,en,2,0,4,[],[],0,0,,,,,,,,,,,None
6266,bad experience brits dont hate u ig hj,5/5/2022 1:20,,en,0,0,0,[],[],0,1,,,,,,,,,,,None
6267,cancel eating disorders,4/27/2022 9:31,,en,0,0,2,[],[],0,0,,,,,,,,,,,None
6268,instate ban people bmi making meanspo,4/24/2022 0:29,,en,3,0,2,[],[],0,0,,,,,,,,,,,None
6269,still close always shes always told great figure disordered thinking still even tho eats normally worry two daughters sometimes shes good mother,4/21/2022 1:31,,en,0,0,2,[],[],0,0,,,,,,,,,,,None
6270,well admitted ed alrdy suspected didnt wna assume hes bulimic feel bad deal w makes sad told throws food stuff yea sigh feel bad,4/18/2022 7:19,,en,0,0,0,[],[],0,1,,,,,,,,,,,None
6271,truly inspiration many reasons congrats bronze,4/13/2022 1:37,,en,1,0,1,[],[],0,0,,,,,,,,,,,None
6272,yess please,4/10/2022 4:27,,en,0,0,0,[],[],0,0,,,,,,,,,,,None
6273,woo,4/9/2022 22:51,,en,0,0,0,[],[],0,0,,,,,,,,,,,None
6274,love anni lou,4/9/2022 22:48,,en,0,0,0,[],[],0,0,,,,,,,,,,,None
6275,ellie amazing totally going start calling little ginger snap,4/9/2022 16:00,,en,0,0,1,[],[],0,0,,,,,,,,,,,None
6276,best miss seeing great talk today cant wait together,4/9/2022 14:55,,en,0,0,1,[],[],0,0,,,,,,,,,,,None
6277,making appearance mornings crossword puzzle,6/11/2022 2:45,,en,0,0,0,[],[],0,0,,,,,,,,,,,None
6278,advice next generation female athletes remain true motivations reason behind ambition intrinsically motivated build team people believe support,6/9/2022 10:09,,en,0,1,1,[],[],0,0,,,,,,,,,,,None
6279,iron strengthens iron way go ladies,6/8/2022 21:22,,en,0,0,0,[],[],0,0,,,,,,,,,,,None
6280,bravo nz,6/6/2022 2:29,,en,0,0,0,[],[],0,1,,,,,,,,,,,None
6281,come join team,6/6/2022 2:22,,en,1,0,1,[],[],0,0,,,,,,,,,,,None
6282,dear thank sincerely moms nonsleeping toddlers everywhere,6/4/2022 23:17,,en,0,0,0,[],[],0,0,,,,,,,,,,,None
6283,ellie crushed first solo run jogging stroller thank fellow runner esplanade go mama shoutout truly believe mama superpower,6/1/2022 2:51,,en,1,0,0,[],[],0,0,,,,,,,,,,,None
6284,hello miles old friend,5/24/2022 12:10,,en,2,0,0,[],[],0,0,,,,,,,,,,,None
6285,love team,5/23/2022 1:50,,en,0,0,3,[],[],0,1,,,,,,,,,,,None
6286,may april feel certainly air excited runners running monday,5/21/2022 22:45,,en,0,0,0,[],[],0,0,,,,,,,,,,,None
6287,almost month old daughter inspired took first steps,5/21/2022 22:44,,en,0,0,0,[],[],0,0,,,,,,,,,,,None
6288,nbd,5/21/2022 22:29,,en,1,0,0,[],[],0,0,,,,,,,,,,,None
6289,proud see fellow crushing track tonight,5/21/2022 22:22,,en,0,0,0,[],[],0,0,,,,,,,,,,,None
6290,feeling get put message,5/19/2022 18:40,,en,1,0,0,[],[],0,0,,,,,,,,,,,None
6291,way crush,5/16/2022 20:06,,en,0,0,0,[],[],0,0,,,,,,,,,,,None
6292,motto,5/15/2022 12:13,,en,1,0,1,[],[],0,1,,,,,,,,,,,None
6293,dont feel ashamed realize couldve done better better,5/14/2022 0:01,,en,0,0,0,[],[],0,0,,,,,,,,,,,None
6294,bought one bux try,5/13/2022 19:38,,en,0,0,0,[],[],0,0,,,,,,,,,,,None
6295,coming back say love wish variety packs would get sick flavor,5/13/2022 18:49,,en,1,1,0,[],[],0,0,,,,,,,,,,,None
6296,like ill commit buying pack,5/13/2022 17:42,,en,0,0,0,[],[],0,0,,,,,,,,,,,None
6297,annoying regardless disorder cant stand ppl trying control eat,5/13/2022 14:10,,en,1,0,0,[],[],0,0,,,,,,,,,,,None
6298,dads emotionally toxic istg,5/13/2022 13:41,,en,1,0,0,[],[],0,0,,,,,,,,,,,None
6299,candy b ekhyun blooming days ex cbx,5/10/2022 21:07,,en,1,0,0,[],[],0,0,,,,,,,,,,,None
6300,deserves,5/10/2022 0:21,,en,0,0,0,[],[],0,0,,,,,,,,,,,None
6301,lot know fact would feel guilty like shit eating normally really worth,5/9/2022 17:27,,en,0,0,0,[],[],0,0,,,,,,,,,,,None
6302,see dont drink soda often enough know things sprite fave soda ahh im excited,5/9/2022 14:35,,en,2,0,1,[],[],0,0,,,,,,,,,,,None
6303,sprite zero thing,5/7/2022 13:44,,en,1,0,1,[],[],0,0,,,,,,,,,,,None
6304,art style ugly never saw appeal,5/7/2022 11:50,,en,1,0,0,[],[],0,0,,,,,,,,,,,None
6305,yikes could get worse,5/4/2022 12:45,,en,1,0,0,[],[],0,0,,,,,,,,,,,None
6306,love us weekly,5/4/2022 12:19,,en,1,0,0,[],[],0,0,,,,,,,,,,,None
6307,pounds nice,5/2/2022 20:56,,en,2,0,1,[],[],0,0,,,,,,,,,,,None
6308,majority obese say bmi,5/1/2022 0:48,,en,0,0,0,[],[],0,0,,,,,,,,,,,None
6309,aka im letting coffee water sp ndrift tomorrow,5/1/2022 0:38,,en,2,0,0,[],[],0,0,,,,,,,,,,,None
6310,fck dont gain weight morning im getting four shots espresso,5/1/2022 0:00,,en,0,0,0,[],[],0,1,,,,,,,,,,,None
6311,cant believe b ekhyun got spend nearly hoodie button,4/30/2022 21:18,,en,0,0,0,[],[],0,0,,,,,,,,,,,None
6312,think biggest flex atm according size charts fit size lululem n leggings,4/30/2022 20:53,,en,0,0,0,[],[],0,0,,,,,,,,,,,None
6313,im technically kg pleasing personally im gonna stick,4/30/2022 20:19,,en,0,0,0,[],[],0,0,,,,,,,,,,,None
6314,last time bought jeans year ago ive lost much weight since literally nothing fits ive wearing lululem n leggings go even loose,4/30/2022 20:18,,en,1,0,0,[],[],0,0,,,,,,,,,,,None
6315,laughing nervously realizing yup issues im unhealthy af,4/30/2022 20:06,,en,1,0,0,[],[],0,0,,,,,,,,,,,None
6316,levis sizing chart says im according measurements dont believe,4/27/2022 22:21,,en,1,0,0,[],[],0,0,,,,,,,,,,,None
6317,dad said one uplifting thing insulting tone time nerve wonder confidence sucks im sensitive,4/27/2022 12:30,,en,1,0,0,[],[],0,0,,,,,,,,,,,None
6318,dad trying apologize mean saying could food delivered,4/27/2022 12:29,,en,1,1,0,[],[],0,0,,,,,,,,,,,None
6319,tac bell sounds bomb rn,4/24/2022 0:05,,en,0,0,0,[],[],0,0,,,,,,,,,,,None
6320,shirt designed big feel proud able fit xs anyways,4/22/2022 12:04,,en,1,0,0,[],[],0,0,,,,,,,,,,,None
6321,update im miserable want eat fruit lol,4/20/2022 18:38,,en,0,0,0,[],[],0,0,,,,,,,,,,,None
6322,guys really dont like carbs okay respect,4/20/2022 16:07,,en,1,0,0,[],[],0,1,,,,,,,,,,,None
6323,apple,4/19/2022 18:50,,en,0,0,3,[],[],0,0,,,,,,,,,,,None
6324,old photos,4/19/2022 18:42,,en,0,0,0,[],[],0,0,,,,,,,,,,,None
6325,red,4/19/2022 0:30,,en,0,0,0,[],[],0,0,,,,,,,,,,,None
6326,chloe may,4/16/2022 23:26,,en,0,0,1,[],[],0,0,,,,,,,,,,,None
6327,thank x,4/16/2022 23:25,,en,0,0,0,[],[],0,0,,,,,,,,,,,None
6328,body,4/16/2022 23:07,,en,1,0,0,[],[],0,0,,,,,,,,,,,None
6329,chloe ting saviour,4/16/2022 23:06,,en,1,0,0,[],[],0,0,,,,,,,,,,,None
6330,wanna look good dress bought,4/16/2022 20:15,,en,0,0,0,[],[],0,0,,,,,,,,,,,None
6331,think getting bad,4/13/2022 19:28,,en,1,0,0,[],[],0,0,,,,,,,,,,,None
6332,reasons think getting bad using every reflective surface look stomach focussing stomach fat weighing everyday body checks saved working every night feeling like shit straight hating stomach absolute passion,4/13/2022 0:27,,en,1,0,0,[],[],0,0,,,,,,,,,,,None
6333,shall get dressed today lazy day,4/10/2022 11:42,,en,0,0,0,[],[],0,0,,,,,,,,,,,None
6334,thank,4/8/2022 2:41,,en,1,0,0,[],[],0,0,,,,,,,,,,,None
6335,update im bed im comfys cup tea counts getting dressed right,4/6/2022 0:01,,en,0,0,0,[],[],0,0,,,,,,,,,,,None
6336,waist trainer way lets get cinched bby,4/4/2022 19:50,,en,0,0,0,[],[],0,0,,,,,,,,,,,None
6337,vs ideal self except hair lt,4/4/2022 19:35,,en,1,0,0,[],[],0,0,,,,,,,,,,,None
6338,act like eating disorders thing started like people still gonna struggle even like whats point shaming people talking,4/4/2022 19:22,,en,3,0,0,[],[],0,0,,,,,,,,,,,None
6339,really emotionally distant even talk man lives home instead dad cares grades anything extremely homophobic sexist racist trying become friends anyway yeah kinda,5/12/2022 3:15,,en,0,0,1,[],[],0,0,,,,,,,,,,,None
6340,even wanna think lmfao die believe mental ilness either already said wanted go therapy said yeah ok forgot probably guilt trip like think fault hate right,5/12/2022 3:10,,en,0,0,1,[],[],0,0,,,,,,,,,,,None
6341,friend asked question fuck wanna study chemistry,4/8/2022 1:35,,en,0,0,4,[],[],0,0,,,,,,,,,,,None
6342,tysm hope u feel better soon,10/7/2021 8:06,,en,0,0,4,[],[],0,1,,,,,,,,,,,None
6343,aahh yes see,10/2/2021 2:04,,en,0,0,1,[],[],0,0,,,,,,,,,,,None
6344,bananas bad,9/5/2021 1:46,,en,0,0,1,[],[],0,0,,,,,,,,,,,None
6345,pizza sushi,8/30/2021 0:05,,en,1,0,0,[],[],0,0,,,,,,,,,,,None
6346,kg kg,8/27/2021 11:02,,en,0,0,0,[],[],0,0,,,,,,,,,,,None
6347,ty much,8/26/2021 1:38,,en,0,0,0,[],[],0,0,,,,,,,,,,,None
6348,ed pizza like every days ate macdonalds like everyday like cant even look greasy food months ago,8/18/2021 1:47,,en,0,0,1,[],[],0,0,,,,,,,,,,,None
6349,gotta try thiss,8/14/2021 14:25,,en,0,0,1,[],[],0,0,,,,,,,,,,,None
6350,better lose sum today,8/14/2021 14:23,,en,1,0,4,[],[],0,0,,,,,,,,,,,None
6351,lesgoo,8/14/2021 11:50,,en,0,0,7,[],[],0,0,,,,,,,,,,,None
6352,first time trying black coffee,8/11/2021 3:22,,en,1,0,0,[],[],0,0,,,,,,,,,,,None
6353,went hairsalon,8/10/2021 4:32,,en,0,0,2,[],[],0,1,,,,,,,,,,,None
6354,losing weight frustrating,8/9/2021 8:48,,en,0,0,0,[],[],0,0,,,,,,,,,,,None
6355,okay,8/9/2021 3:28,,en,1,0,3,[],[],0,0,,,,,,,,,,,None
6356,omg yess,7/31/2021 2:07,,en,0,0,8,[],[],0,1,,,,,,,,,,,None
6357,perks wallflower divergent movies hunger games movies ready player one show hannibal,7/29/2021 5:57,,en,1,0,0,[],[],0,0,,,,,,,,,,,None
6358,ugh yes,7/29/2021 2:12,,en,1,0,0,[],[],0,0,,,,,,,,,,,None
6359,water everything life,7/14/2021 8:50,,en,0,0,0,[],[],0,0,,,,,,,,,,,None
6360,lt message need anything account xx,7/13/2021 11:24,,en,2,0,9,[],[],0,0,,,,,,,,,,,None
6361,oh love love,7/13/2021 11:23,,en,0,0,0,[],[],0,0,,,,,,,,,,,None
6362,technically worst relapse like decade surprisingly scary even fucking notice,7/2/2021 13:48,,en,0,0,2,[],[],0,0,,,,,,,,,,,None
6363,wednesday btw,6/13/2021 4:07,,en,0,0,0,[],[],0,0,,,,,,,,,,,None
6364,paranoid,6/12/2021 12:11,,en,0,0,0,[],[],0,0,,,,,,,,,,,None
6365,emo,6/12/2021 12:01,,en,2,0,1,[],[],0,0,,,,,,,,,,,None
6366,ppl saying bad environment,5/25/2021 7:45,,en,0,0,1,[],[],0,0,,,,,,,,,,,None
6367,want ofc nobody elses business,5/21/2021 2:14,,en,2,0,3,[],[],0,0,,,,,,,,,,,None
6368,apparently music news im seeing shit joe rogan spotify artists deleting music,5/3/2021 13:50,,en,0,0,1,[],[],0,0,,,,,,,,,,,None
6369,update story soon,4/30/2021 8:24,,en,0,0,1,[],[],0,0,,,,,,,,,,,None
6370,look amazing,4/30/2021 3:33,,en,0,0,1,[],[],0,0,,,,,,,,,,,None
6371,gonna say anything,4/30/2021 3:21,,en,3,1,5,[],[],0,1,,,,,,,,,,,None
6372,likely,4/28/2021 7:35,,en,0,0,1,[],[],0,0,,,,,,,,,,,None
6373,bookmarks go,4/28/2021 5:28,,en,2,1,7,[],[],0,1,,,,,,,,,,,None
6374,hello,4/27/2021 12:46,,en,0,0,1,[],[],0,0,,,,,,,,,,,None
6375,nu metal isnt metal hip hop rap elements omg,4/9/2021 6:56,,en,0,0,1,[],[],0,0,,,,,,,,,,,None
6376,yes tf say,4/6/2021 11:33,,en,0,0,0,[],[],0,0,,,,,,,,,,,None
6377,grunge core fairy core twee ethereal vamp twilight soft mall goth,3/1/2022 10:15,,en,0,0,1,[],[],0,0,,,,,,,,,,,None
6378,haha think twitter hiding posts reason,11/27/2021 9:11,,en,0,0,6,[],[],0,1,,,,,,,,,,,None
6379,hahahah rare ass photo musician also ive posted face reveal weeks ago,9/29/2021 12:29,,en,0,0,6,[],[],0,1,,,,,,,,,,,None
6380,ty,8/29/2021 2:33,,en,0,0,0,[],[],0,1,,,,,,,,,,,None
6381,forgot existed omg,8/29/2021 2:00,,en,1,0,4,[],[],0,0,,,,,,,,,,,None
6382,green,7/18/2021 16:19,,en,0,0,7,[],[],0,1,,,,,,,,,,,None
6383,looks cool,6/22/2021 9:38,,en,0,0,1,[],[],0,0,,,,,,,,,,,None
6384,hope went hospital least cared right,5/23/2021 14:59,,en,0,0,8,[],[],0,1,,,,,,,,,,,None
6385,im,3/29/2021 3:17,,en,0,0,1,[],[],0,0,,,,,,,,,,,None
6386,sign dye red roots black boring,3/24/2021 7:28,,en,0,0,12,[],[],0,1,,,,,,,,,,,None
6387,aa,3/20/2021 15:38,,en,0,0,1,[],[],0,0,,,,,,,,,,,None
6388,aint way think found twt mutual tiktok pen,3/10/2021 10:00,,en,1,0,0,[],[],0,1,,,,,,,,,,,None
6389,changed mind,3/10/2021 8:34,,en,1,0,0,[],[],0,0,,,,,,,,,,,None
6390,establishing dominance,3/7/2021 8:36,,en,0,0,4,[],[],0,0,,,,,,,,,,,None
6391,false alarm different colour,3/1/2021 2:24,,en,0,0,22,[],[],0,1,,,,,,,,,,,None
6392,fuck friends complained earlier got shadow love vinyl,2/21/2021 5:54,,en,0,0,1,[],[],0,0,,,,,,,,,,,None
6393,got scared,2/15/2021 11:34,,en,0,0,1,[],[],0,1,,,,,,,,,,,None
6394,hes,2/13/2021 2:10,,en,0,0,1,[],[],0,0,,,,,,,,,,,None
6395,hello wre young festival imsane,2/11/2021 18:02,,en,0,0,1,[],[],0,0,,,,,,,,,,,None
6396,hate literally everyone school omg,2/10/2021 2:53,,en,0,0,1,[],[],0,1,,,,,,,,,,,None
6397,sickness im throwing everywhere stop,2/9/2021 15:38,,en,0,0,1,[],[],0,0,,,,,,,,,,,None
6398,rlly need morrisey die year pls god,2/8/2021 11:10,,en,0,0,0,[],[],0,1,,,,,,,,,,,None
6399,wish favourite song atm feature twt need subtle way express much love,2/8/2021 11:05,,en,1,0,0,[],[],0,1,,,,,,,,,,,None
6400,im amazed months people still interact old threads,2/4/2021 6:58,,en,0,0,1,[],[],0,0,,,,,,,,,,,None
6401,since ive watched good movies might watch august underground sequel soon,2/4/2021 6:17,,en,1,0,7,[],[],0,0,,,,,,,,,,,None
6402,manifesting shirt still monday school,2/4/2021 2:49,,en,0,0,0,[],[],0,0,,,,,,,,,,,None
6403,year old sister starting watch skins,1/27/2021 9:05,,en,0,0,5,[],[],0,1,,,,,,,,,,,None
6404,new cds finally went like month,1/22/2021 2:36,,en,0,0,4,[],[],0,1,,,,,,,,,,,None
6405,happening,1/18/2021 13:30,,en,0,0,1,[],[],0,1,,,,,,,,,,,None
6406,nu fave,1/14/2021 17:12,,en,0,0,0,[],[],0,1,,,,,,,,,,,None
6407,oh fucks sake,1/14/2021 17:11,,en,1,1,4,[],[],0,0,,,,,,,,,,,None
6408,oh,12/29/2020 15:55,,en,0,1,4,[],[],0,0,,,,,,,,,,,None
6409,oh shid mums found slightly questionable instagram posts,12/24/2020 7:16,,en,1,0,2,[],[],0,0,,,,,,,,,,,None
6410,tiktok people putting korn slipknot deftones nu metal playlists challenge,12/13/2020 10:22,,en,0,0,0,[],[],0,1,,,,,,,,,,,None
6411,tou barely recognise,12/12/2020 14:31,,en,0,0,3,[],[],0,0,,,,,,,,,,,None
6412,type rob zombie favourite nu metal band,12/9/2020 16:50,,en,0,0,1,[],[],0,1,,,,,,,,,,,None
6413,whats going spotify atm whats drama,12/7/2020 10:00,,en,0,0,5,[],[],0,1,,,,,,,,,,,None
6414,tf pinterest bitch find,12/6/2020 7:31,,en,0,1,11,[],[],0,0,,,,,,,,,,,None
6415,except name irls know deadname lol,12/3/2020 5:05,,en,0,0,1,[],[],0,0,,,,,,,,,,,None
6416,retweeting get lost bookmarks,12/3/2020 5:05,,en,1,0,1,[],[],0,1,,,,,,,,,,,None
6417,reach ugw,12/1/2020 8:07,,en,1,0,9,[],[],0,1,,,,,,,,,,,None
6418,wow sad,11/21/2020 9:37,,en,0,0,0,[],[],0,0,,,,,,,,,,,None
6419,looking like whore,11/8/2020 3:41,,en,0,0,1,[],[],0,0,,,,,,,,,,,None
6420,become adult ed youre teenager ed dont get treatment recover shit doesnt go away shit lifelong addiction control dont stop alcoholic youre sober,11/8/2020 3:41,,en,0,0,0,[],[],0,0,,,,,,,,,,,None
6421,ahah inquite je suis super contente qu elle ait plu,10/4/2020 5:29,,en,0,0,2,[],[],0,1,,,,,,,,,,,None
6422,poupe russe c est l histoire une femme qui meurt dans un accident le soir de son anniversaire sauf qu elle ressuscite quelques heures plus tt dans cette mme soire et elle se retrouve dans une boucle temporelle condamne revivre cette soire encore et encore,10/2/2020 15:20,,en,0,0,3,[],[],0,0,,,,,,,,,,,None
6423,ahh encore deux jours et je serais paris pour les priodes de nol j ai tellement hte,9/21/2020 4:59,,en,0,0,1,[],[],0,1,,,,,,,,,,,None
6424,love much jdjdjd,9/17/2020 11:48,,en,0,0,4,[],[],0,0,,,,,,,,,,,None
6425,lt best,8/1/2020 15:26,,en,0,0,1,[],[],0,0,,,,,,,,,,,None
6426,used relate recently started liking coconut im obsessed,7/19/2020 15:26,,en,0,0,1,[],[],0,0,,,,,,,,,,,None
6427,smoked salmon cream cheese almond butter banana,7/6/2020 13:21,,en,0,0,0,[],[],0,0,,,,,,,,,,,None
6428,keep lying thats one reasons tho lmao,7/6/2020 12:13,,en,0,0,1,[],[],0,0,,,,,,,,,,,None
6429,thats sounds cool challenging good way,7/6/2020 12:05,,en,2,0,9,[],[],0,0,,,,,,,,,,,None
6430,yes specific instant soup would literally throw eat,7/6/2020 8:00,,en,0,0,0,[],[],0,0,,,,,,,,,,,None
6431,hell yes,7/5/2020 1:20,,en,0,1,12,[],[],0,0,,,,,,,,,,,None
6432,oh god,6/26/2020 1:52,,en,0,1,2,[],[],0,0,,,,,,,,,,,None
6433,omg wow,6/26/2020 1:50,,en,1,1,6,[],[],0,0,,,,,,,,,,,None
6434,bandersnatch,6/24/2020 2:01,,en,0,0,0,[],[],0,1,,,,,,,,,,,None
6435,thank u much makes feel much better,6/23/2020 13:13,,en,1,0,0,[],[],0,1,,,,,,,,,,,None
6436,proud,6/21/2020 13:50,,en,0,0,1,[],[],0,1,,,,,,,,,,,None
6437,ohh looks pretty yummy hope u enjoyed,12/2/2021 4:05,,en,1,0,1,[],[],0,1,,,,,,,,,,,None
6438,im planing,10/25/2021 13:13,,en,0,0,1,[],[],0,0,,,,,,,,,,,None
6439,thank u sm lt,10/25/2021 11:52,,en,1,0,4,[],[],0,1,,,,,,,,,,,None
6440,thank u,8/24/2021 11:40,,en,1,0,4,[],[],0,1,,,,,,,,,,,None
6441,yes thank u im pushing thru lt,1/12/2020 5:48,,en,1,0,1,[],[],0,0,,,,,,,,,,,None
6442,course lt,11/13/2019 7:48,,en,0,0,1,[],[],0,0,,,,,,,,,,,None
6443,omg finally,11/9/2019 0:33,,en,1,2,23,[],[],0,1,,,,,,,,,,,None
6444,yess,10/25/2019 6:21,,en,0,0,1,[],[],0,0,,,,,,,,,,,None
6445,good,7/3/2019 6:40,,en,0,0,0,[],[],0,0,,,,,,,,,,,None
6446,okay means u right thing hope yummy lt,10/15/2018 11:39,,en,0,6,6,[],[],0,0,,,,,,,,,,,None
6447,yummy licking bowl best part,10/14/2018 13:19,,en,0,0,1,[],[],0,0,,,,,,,,,,,None
6448,thank u lt,10/13/2018 14:11,,en,0,3,1,[],[],0,0,,,,,,,,,,,None
6449,fall asleep wake wake lots times middle night idk,9/2/2018 14:46,,en,0,1,4,[],[],0,0,,,,,,,,,,,None
6450,omg im gonna make one later well thank u,8/3/2018 15:12,,en,0,0,0,[],[],0,0,,,,,,,,,,,None
6451,mum cant wait watch,6/22/2018 7:39,,en,0,0,0,[],[],0,0,,,,,,,,,,,None
6452,talk maybe word differently isnt harsh like maybe say helping u would love try different way would help u stopping shing,6/5/2018 14:32,,en,1,0,3,[],[],0,0,,,,,,,,,,,None
6453,survive lol happy sunday lt,5/19/2018 12:40,,en,1,0,1,[],[],0,0,,,,,,,,,,,None
6454,sorry took long tried yummy tastes like brownie real pieces even mum liked even tho doesnt like protein bars lt,6/11/2022 8:58,,en,2,0,2,[],[],0,1,,,,,,,,,,,None
6455,incredibly proud strong taking care urself lt love u,5/12/2022 9:39,,en,0,0,0,[],[],0,0,,,,,,,,,,,None
6456,oh wow okay thank u,3/5/2022 23:59,,en,0,0,1,[],[],0,0,,,,,,,,,,,None
6457,clementines tho,2/21/2022 15:01,,en,0,0,1,[],[],0,1,,,,,,,,,,,None
6458,yes liked alot,1/11/2022 10:43,,en,0,0,1,[],[],0,0,,,,,,,,,,,None
6459,ahh thank u lt,12/25/2021 5:08,,en,0,0,2,[],[],0,0,,,,,,,,,,,None
6460,hi,9/30/2021 23:27,,en,0,2,7,[],[],0,1,,,,,,,,,,,None
6461,like half month half kinda like depended day,8/21/2021 2:30,,en,0,0,0,[],[],0,0,,,,,,,,,,,None
6462,mine chocolate dough chocolate spread white buenos mums filled kinder bueno,5/21/2021 11:47,,en,0,0,0,[],[],0,0,,,,,,,,,,,None
6463,ily thank u lt,2/15/2021 14:24,,en,1,0,2,[],[],0,1,,,,,,,,,,,None
6464,baking banana bread show mum im trying,12/21/2020 8:33,,en,0,0,0,[],[],0,1,,,,,,,,,,,None
6465,damn wanted moldy bread,12/5/2020 3:53,,en,0,0,0,[],[],0,0,,,,,,,,,,,None
6466,lots opposite actions today mind going crazy im proud,11/27/2020 2:07,,en,0,0,2,[],[],0,1,,,,,,,,,,,None
6467,done week,11/14/2020 1:32,,en,0,0,0,[],[],0,0,,,,,,,,,,,None
6468,feeling stuck,10/16/2020 2:32,,en,0,0,1,[],[],0,0,,,,,,,,,,,None
6469,new diagnosis asked sewercidal ever lied said important diagnosis,9/21/2020 4:31,,en,0,0,1,[],[],0,0,,,,,,,,,,,None
6470,guys,9/16/2020 3:24,,en,0,0,1,[],[],0,1,,,,,,,,,,,None
6471,lt mini bananas,8/31/2020 1:44,,en,0,0,2,[],[],0,1,,,,,,,,,,,None
6472,always wanted try baklava recently saw bakery city might try soon,8/20/2020 5:25,,en,0,0,1,[],[],0,0,,,,,,,,,,,None
6473,feel recovery motivation wave coming,8/3/2020 5:12,,en,0,0,5,[],[],0,0,,,,,,,,,,,None
6474,feel hunger thing hunger cues actually coming back,7/30/2020 11:15,,en,1,0,2,[],[],0,0,,,,,,,,,,,None
6475,feel like im going crazy,7/23/2020 5:11,,en,0,0,1,[],[],0,0,,,,,,,,,,,None
6476,feel like throwing every food eat,6/24/2020 6:22,,en,0,0,0,[],[],0,0,,,,,,,,,,,None
6477,literally dont know path take life,6/23/2020 4:17,,en,0,0,0,[],[],0,0,,,,,,,,,,,None
6478,love,5/29/2020 5:47,,en,0,0,5,[],[],0,0,,,,,,,,,,,None
6479,tell mum atep comfort zone food feel much guilt fear uncomfortable tells okay im stepping comfort zone feeling horrible left alone unfair,4/24/2020 3:36,,en,0,0,1,[],[],0,0,,,,,,,,,,,None
6480,im gaining weight depression gets worse worse,4/9/2020 5:32,,en,0,0,2,[],[],0,0,,,,,,,,,,,None
6481,im embarrassed used,4/4/2020 2:08,,en,0,0,0,[],[],0,1,,,,,,,,,,,None
6482,im proud asking mum eat something didnt eat today,4/3/2020 13:30,,en,0,0,2,[],[],0,1,,,,,,,,,,,None
6483,im scared getting results back new diagnosis help,4/3/2020 13:14,,en,4,0,0,[],[],0,0,,,,,,,,,,,None
6484,idk would better go city friends weekend stay home im depressed go really trust worthy food wise also would sooth anxiety around losing contact friends also arent best friends idk,3/28/2020 2:26,,en,0,0,2,[],[],0,0,,,,,,,,,,,None
6485,like something horrible still feel comfortable like love im angry brain,3/25/2020 7:04,,en,1,0,2,[],[],0,0,,,,,,,,,,,None
6486,lol missed whatever,3/12/2020 9:26,,en,1,0,1,[],[],0,1,,,,,,,,,,,None
6487,lol flopped wtf universe ur bitch,2/29/2020 3:00,,en,0,0,1,[],[],0,0,,,,,,,,,,,None
6488,might eat poptart get,2/22/2020 6:34,,en,0,0,3,[],[],0,0,,,,,,,,,,,None
6489,might say fuck get donut tomorrow wanna make progress,2/15/2020 10:28,,en,1,0,3,[],[],0,1,,,,,,,,,,,None
6490,head trying ruin moment today wont let enjoyed sm love spending time mum,2/6/2020 13:37,,en,0,0,1,[],[],0,0,,,,,,,,,,,None
6491,mum literally crying talking fault im worst,1/23/2020 13:24,,en,1,0,0,[],[],0,0,,,,,,,,,,,None
6492,mum sad help,11/29/2020 1:13,,en,0,0,0,[],[],0,0,,,,,,,,,,,None
6493,therapist forgot appointment lt really needed today lmao,10/30/2020 11:13,,en,0,0,0,[],[],0,0,,,,,,,,,,,None
6494,oh god im nauseous absolutely zero appetite hell still need eat literally feel sick,10/30/2020 11:10,,en,0,0,0,[],[],0,0,,,,,,,,,,,None
6495,online class saving ass rn certainly cant anymore,10/26/2020 22:19,,en,0,3,3,[],[],0,1,,,,,,,,,,,None
6496,probiere morgen zum ersten mal einen berliner also stay tuned,6/11/2022 11:08,,en,0,0,0,[],[],0,0,,,,,,,,,,,None
6497,sitting online class ill therapy kinda scared,6/11/2022 11:08,,en,2,0,0,[],[],0,0,,,,,,,,,,,None
6498,someone explain,6/11/2022 10:47,,en,0,0,0,[],[],0,0,,,,,,,,,,,None
6499,stepdad didnt eat lunch haha ahaha ah,6/11/2022 10:40,,en,1,0,0,[],[],0,0,,,,,,,,,,,None
6500,friends felt like didnt care ones worrying reaching pushed away,6/10/2022 23:05,,en,0,0,0,[],[],0,0,,,,,,,,,,,None
,,,,,,,,,,,,,,,,,,,,,,
,,,,,,,,,,,,,,,,,,,,,,
,,,,,,,,,,,,,,,,,,,,,,
,,,,,,,,,,,,,,,,,,,,,,
,,,,,,,,,,,,,,,,,,,,,,
,,,,,,,,,,,,,,,,,,,,,,
,,,,,,,,,,,,,,,,,,,,,,
,,,,,,,,,,,,,,,,,,,,,,
,,,,,,,,,,,,,,,,,,,,,,
,,,,,,,,,,,,,,,,,,,,,,
,,,,,,,,,,,,,,,,,,,,,,
,,,,,,,,,,,,,,,,,,,,,,
,,,,,,,,,,,,,,,,,,,,,,
,,,,,,,,,,,,,,,,,,,,,,
,,,,,,,,,,,,,,,,,,,,,,
,,,,,,,,,,,,,,,,,,,,,,
,,,,,,,,,,,,,,,,,,,,,,
,,,,,,,,,,,,,,,,,,,,,,
,,,,,,,,,,,,,,,,,,,,,,
,,,,,,,,,,,,,,,,,,,,,,
,,,,,,,,,,,,,,,,,,,,,,
,,,,,,,,,,,,,,,,,,,,,,
,,,,,,,,,,,,,,,,,,,,,,
,,,,,,,,,,,,,,,,,,,,,,
,,,,,,,,,,,,,,,,,,,,,,
,,,,,,,,,,,,,,,,,,,,,,
,,,,,,,,,,,,,,,,,,,,,,
,,,,,,,,,,,,,,,,,,,,,,
,,,,,,,,,,,,,,,,,,,,,,
,,,,,,,,,,,,,,,,,,,,,,
,,,,,,,,,,,,,,,,,,,,,,
,,,,,,,,,,,,,,,,,,,,,,
,,,,,,,,,,,,,,,,,,,,,,
,,,,,,,,,,,,,,,,,,,,,,
,,,,,,,,,,,,,,,,,,,,,,
,,,,,,,,,,,,,,,,,,,,,,
,,,,,,,,,,,,,,,,,,,,,,
,,,,,,,,,,,,,,,,,,,,,,
,,,,,,,,,,,,,,,,,,,,,,
,,,,,,,,,,,,,,,,,,,,,,
,,,,,,,,,,,,,,,,,,,,,,
,,,,,,,,,,,,,,,,,,,,,,
,,,,,,,,,,,,,,,,,,,,,,
,,,,,,,,,,,,,,,,,,,,,,
,,,,,,,,,,,,,,,,,,,,,,
,,,,,,,,,,,,,,,,,,,,,,
,,,,,,,,,,,,,,,,,,,,,,
,,,,,,,,,,,,,,,,,,,,,,
,,,,,,,,,,,,,,,,,,,,,,
,,,,,,,,,,,,,,,,,,,,,,
,,,,,,,,,,,,,,,,,,,,,,
,,,,,,,,,,,,,,,,,,,,,,
,,,,,,,,,,,,,,,,,,,,,,
,,,,,,,,,,,,,,,,,,,,,,
,,,,,,,,,,,,,,,,,,,,,,
,,,,,,,,,,,,,,,,,,,,,,
,,,,,,,,,,,,,,,,,,,,,,
,,,,,,,,,,,,,,,,,,,,,,
,,,,,,,,,,,,,,,,,,,,,,
,,,,,,,,,,,,,,,,,,,,,,
,,,,,,,,,,,,,,,,,,,,,,
,,,,,,,,,,,,,,,,,,,,,,
,,,,,,,,,,,,,,,,,,,,,,
,,,,,,,,,,,,,,,,,,,,,,
,,,,,,,,,,,,,,,,,,,,,,
,,,,,,,,,,,,,,,,,,,,,,
,,,,,,,,,,,,,,,,,,,,,,
,,,,,,,,,,,,,,,,,,,,,,
,,,,,,,,,,,,,,,,,,,,,,
,,,,,,,,,,,,,,,,,,,,,,
,,,,,,,,,,,,,,,,,,,,,,
,,,,,,,,,,,,,,,,,,,,,,
,,,,,,,,,,,,,,,,,,,,,,
,,,,,,,,,,,,,,,,,,,,,,
,,,,,,,,,,,,,,,,,,,,,,
,,,,,,,,,,,,,,,,,,,,,,
,,,,,,,,,,,,,,,,,,,,,,
,,,,,,,,,,,,,,,,,,,,,,
,,,,,,,,,,,,,,,,,,,,,,
,,,,,,,,,,,,,,,,,,,,,,
,,,,,,,,,,,,,,,,,,,,,,
,,,,,,,,,,,,,,,,,,,,,,
,,,,,,,,,,,,,,,,,,,,,,
,,,,,,,,,,,,,,,,,,,,,,
,,,,,,,,,,,,,,,,,,,,,,
,,,,,,,,,,,,,,,,,,,,,,
,,,,,,,,,,,,,,,,,,,,,,
,,,,,,,,,,,,,,,,,,,,,,
,,,,,,,,,,,,,,,,,,,,,,
,,,,,,,,,,,,,,,,,,,,,,
,,,,,,,,,,,,,,,,,,,,,,
,,,,,,,,,,,,,,,,,,,,,,
,,,,,,,,,,,,,,,,,,,,,,
,,,,,,,,,,,,,,,,,,,,,,
,,,,,,,,,,,,,,,,,,,,,,
,,,,,,,,,,,,,,,,,,,,,,
,,,,,,,,,,,,,,,,,,,,,,
,,,,,,,,,,,,,,,,,,,,,,
,,,,,,,,,,,,,,,,,,,,,,
,,,,,,,,,,,,,,,,,,,,,,
,,,,,,,,,,,,,,,,,,,,,,
,,,,,,,,,,,,,,,,,,,,,,
,,,,,,,,,,,,,,,,,,,,,,
,,,,,,,,,,,,,,,,,,,,,,
,,,,,,,,,,,,,,,,,,,,,,
,,,,,,,,,,,,,,,,,,,,,,
,,,,,,,,,,,,,,,,,,,,,,
,,,,,,,,,,,,,,,,,,,,,,
,,,,,,,,,,,,,,,,,,,,,,
,,,,,,,,,,,,,,,,,,,,,,
,,,,,,,,,,,,,,,,,,,,,,
,,,,,,,,,,,,,,,,,,,,,,
,,,,,,,,,,,,,,,,,,,,,,
,,,,,,,,,,,,,,,,,,,,,,
,,,,,,,,,,,,,,,,,,,,,,
,,,,,,,,,,,,,,,,,,,,,,
,,,,,,,,,,,,,,,,,,,,,,
,,,,,,,,,,,,,,,,,,,,,,
,,,,,,,,,,,,,,,,,,,,,,
,,,,,,,,,,,,,,,,,,,,,,
,,,,,,,,,,,,,,,,,,,,,,
,,,,,,,,,,,,,,,,,,,,,,
,,,,,,,,,,,,,,,,,,,,,,
,,,,,,,,,,,,,,,,,,,,,,
,,,,,,,,,,,,,,,,,,,,,,
,,,,,,,,,,,,,,,,,,,,,,
,,,,,,,,,,,,,,,,,,,,,,
,,,,,,,,,,,,,,,,,,,,,,
,,,,,,,,,,,,,,,,,,,,,,
,,,,,,,,,,,,,,,,,,,,,,
,,,,,,,,,,,,,,,,,,,,,,
,,,,,,,,,,,,,,,,,,,,,,
,,,,,,,,,,,,,,,,,,,,,,
,,,,,,,,,,,,,,,,,,,,,,
,,,,,,,,,,,,,,,,,,,,,,
,,,,,,,,,,,,,,,,,,,,,,
,,,,,,,,,,,,,,,,,,,,,,
,,,,,,,,,,,,,,,,,,,,,,
,,,,,,,,,,,,,,,,,,,,,,
,,,,,,,,,,,,,,,,,,,,,,
,,,,,,,,,,,,,,,,,,,,,,
,,,,,,,,,,,,,,,,,,,,,,
,,,,,,,,,,,,,,,,,,,,,,
,,,,,,,,,,,,,,,,,,,,,,
,,,,,,,,,,,,,,,,,,,,,,
,,,,,,,,,,,,,,,,,,,,,,
,,,,,,,,,,,,,,,,,,,,,,
,,,,,,,,,,,,,,,,,,,,,,
,,,,,,,,,,,,,,,,,,,,,,
,,,,,,,,,,,,,,,,,,,,,,
,,,,,,,,,,,,,,,,,,,,,,
,,,,,,,,,,,,,,,,,,,,,,
,,,,,,,,,,,,,,,,,,,,,,
,,,,,,,,,,,,,,,,,,,,,,
,,,,,,,,,,,,,,,,,,,,,,
,,,,,,,,,,,,,,,,,,,,,,
,,,,,,,,,,,,,,,,,,,,,,
,,,,,,,,,,,,,,,,,,,,,,
,,,,,,,,,,,,,,,,,,,,,,
,,,,,,,,,,,,,,,,,,,,,,
,,,,,,,,,,,,,,,,,,,,,,
,,,,,,,,,,,,,,,,,,,,,,
,,,,,,,,,,,,,,,,,,,,,,
,,,,,,,,,,,,,,,,,,,,,,
,,,,,,,,,,,,,,,,,,,,,,
,,,,,,,,,,,,,,,,,,,,,,
,,,,,,,,,,,,,,,,,,,,,,
,,,,,,,,,,,,,,,,,,,,,,
,,,,,,,,,,,,,,,,,,,,,,
,,,,,,,,,,,,,,,,,,,,,,
,,,,,,,,,,,,,,,,,,,,,,
,,,,,,,,,,,,,,,,,,,,,,
,,,,,,,,,,,,,,,,,,,,,,
,,,,,,,,,,,,,,,,,,,,,,
,,,,,,,,,,,,,,,,,,,,,,
,,,,,,,,,,,,,,,,,,,,,,
,,,,,,,,,,,,,,,,,,,,,,
,,,,,,,,,,,,,,,,,,,,,,
,,,,,,,,,,,,,,,,,,,,,,
,,,,,,,,,,,,,,,,,,,,,,
,,,,,,,,,,,,,,,,,,,,,,
,,,,,,,,,,,,,,,,,,,,,,
,,,,,,,,,,,,,,,,,,,,,,
,,,,,,,,,,,,,,,,,,,,,,
,,,,,,,,,,,,,,,,,,,,,,
,,,,,,,,,,,,,,,,,,,,,,
,,,,,,,,,,,,,,,,,,,,,,
,,,,,,,,,,,,,,,,,,,,,,
,,,,,,,,,,,,,,,,,,,,,,
,,,,,,,,,,,,,,,,,,,,,,
,,,,,,,,,,,,,,,,,,,,,,
,,,,,,,,,,,,,,,,,,,,,,
,,,,,,,,,,,,,,,,,,,,,,
,,,,,,,,,,,,,,,,,,,,,,
,,,,,,,,,,,,,,,,,,,,,,
,,,,,,,,,,,,,,,,,,,,,,
,,,,,,,,,,,,,,,,,,,,,,
,,,,,,,,,,,,,,,,,,,,,,
,,,,,,,,,,,,,,,,,,,,,,
,,,,,,,,,,,,,,,,,,,,,,
,,,,,,,,,,,,,,,,,,,,,,
,,,,,,,,,,,,,,,,,,,,,,
,,,,,,,,,,,,,,,,,,,,,,
,,,,,,,,,,,,,,,,,,,,,,
,,,,,,,,,,,,,,,,,,,,,,
,,,,,,,,,,,,,,,,,,,,,,
,,,,,,,,,,,,,,,,,,,,,,
,,,,,,,,,,,,,,,,,,,,,,
,,,,,,,,,,,,,,,,,,,,,,
,,,,,,,,,,,,,,,,,,,,,,
,,,,,,,,,,,,,,,,,,,,,,
,,,,,,,,,,,,,,,,,,,,,,
,,,,,,,,,,,,,,,,,,,,,,
,,,,,,,,,,,,,,,,,,,,,,
,,,,,,,,,,,,,,,,,,,,,,
,,,,,,,,,,,,,,,,,,,,,,
,,,,,,,,,,,,,,,,,,,,,,
,,,,,,,,,,,,,,,,,,,,,,
